,pdfsize,metadata size,pages,xref Length,title characters,images,text,obj,endobj,stream,endstream,xref,trailer,startxref,pageno,JS,Javascript,OpenAction
5390,67.0,435.0,4.0,246.0,68.0,0.0,1.0,245.0,245.0,223.0,223.0,2.0,2.0,7,4.0,0.0,0.0,0.0
10577,46.0,334.36839317073674,1.6316068292632613,30.631606829263262,8.0,0.0,1.0,29.631606829263262,29.631606829263262,8.63160682926326,8.63160682926326,1.0,1.0,2,1.6316068292632613,0.0,0.0,0.0
8281,2881.0,464.0,23.0,1017.0,17.0,109.0,1.0,-1.0,-1.0,-1.0,-1.0,-1.0,-1.0,0,-1.0,-1.0,-1.0,-1.0
4675,9.0,180.0,1.0,9.0,0.0,0.0,0.0,29.0,29.0,6.0,6.0,0.0,0.0,2,1.0,0.0,0.0,0.0
6117,70.0,262.0,1.0,21.0,0.0,1.0,0.0,28.0,28.0,16.0,16.0,2.0,2.0,7,1.0,0.0,0.0,0.0
957,9.0,180.0,1.0,9.0,0.0,0.0,0.0,10.0,10.0,2.0,2.0,1.0,1.0,2,1.0,1.0,1.0,1.0
6982,33.0,260.0,1.0,12.0,0.0,1.0,0.0,32.0,32.0,29.0,29.0,0.0,0.0,7,1.0,0.0,0.0,0.0
8117,82.0,276.0,1.0,107.0,0.0,1.0,1.0,150.0,150.0,45.0,45.0,4.0,4.0,10,14.0,0.0,0.0,0.0
5527,74.0,282.0,2.0,27.0,0.0,2.0,1.0,26.0,26.0,13.0,13.0,2.0,2.0,7,2.0,0.0,0.0,0.0
10958,25.420357070791546,260.0,1.0,12.0,0.0,1.0,0.0,25.09734689759517,25.09734689759517,14.90265310240483,14.90265310240483,1.548673448797585,1.548673448797585,7,1.2256632756012076,0.0,0.0,0.0
2613,8.0,180.0,1.0,11.0,0.0,0.0,0.0,8.0,8.0,2.0,2.0,1.0,1.0,2,1.0,1.0,1.0,1.0
7511,33.0,343.0,1.0,49.0,20.0,0.0,1.0,232.0,232.0,119.0,119.0,10.0,10.0,14,2.0,1.0,1.0,0.0
2756,12.0,180.0,1.0,77.0,0.0,0.0,0.0,9.0,9.0,2.0,2.0,0.0,1.0,1,1.0,1.0,2.0,0.0
8879,132.0,273.0,16.0,112.0,0.0,0.0,1.0,67.0,67.0,49.0,49.0,0.0,0.0,7,16.0,0.0,0.0,0.0
48,7.0,180.0,1.0,11.0,0.0,0.0,0.0,13.0,13.0,2.0,2.0,1.0,1.0,2,1.0,2.0,3.0,1.0
3813,-1.0,-1.0,-1.0,-1.0,-1.0,-1.0,2.0,8.0,7.0,2.0,2.0,1.0,1.0,2,69.0,2.0,1.0,0.0
1379,10.0,256.0,1.0,16.0,0.0,0.0,0.0,8.0,8.0,2.0,2.0,1.0,1.0,2,1.0,1.0,1.0,1.0
4434,4.0,300.0,1.0,15.0,0.0,0.0,0.0,19.0,19.0,9.0,9.0,1.0,1.0,2,1.0,0.0,0.0,0.0
9162,102.0,283.0,1.0,32.0,0.0,14.0,0.0,11.0,11.0,3.0,3.0,2.0,2.0,7,1.0,0.0,0.0,0.0
9713,11.0,229.0,5.0,26.0,0.0,0.0,1.0,44.0,44.0,11.0,11.0,1.0,1.0,2,11.0,0.0,0.0,0.0
1903,16.0,255.0,1.0,16.0,2.0,-1.0,2.0,9.0,9.0,1.0,1.0,1.0,1.0,2,1.0,1.0,2.0,1.0
5585,37.0,408.0,1.0,32.0,54.0,0.0,1.0,31.0,31.0,5.0,5.0,2.0,2.0,7,1.0,0.0,0.0,1.0
10270,162.1404873611088,304.0,3.9297563194456044,112.8595126388912,0.0,0.0,1.0,109.9297563194456,109.9297563194456,17.929756319445605,17.929756319445605,2.0,2.0,7,3.9297563194456044,0.0,0.0,0.0
3618,1.0,180.0,1.0,8.0,0.0,0.0,1.0,8.0,8.0,2.0,2.0,1.0,1.0,2,1.0,1.0,1.0,1.0
11011,349.8413174110271,361.381455845473,5.532980908168913,1096.0806039378576,35.579341294486454,0.6381455845472982,1.0,1532.848474937304,1532.848474937304,158.2013006776691,158.2013006776691,5.190727922736491,5.190727922736491,12,13.19072792273649,0.0,0.0,0.3618544154527018
4286,8.0,180.0,1.0,11.0,0.0,0.0,0.0,11.0,11.0,2.0,2.0,1.0,1.0,2,2.0,1.0,2.0,0.0
10162,71.4987380604658,262.0,1.0,21.0,0.0,1.0,0.0,11.0,11.0,3.0,3.0,2.0,2.0,7,1.0,0.0,0.0,0.0
766,17.0,270.0,1.0,10.0,14.0,0.0,0.0,19.0,19.0,9.0,9.0,1.0,1.0,2,1.0,0.0,0.0,0.0
2027,15.0,411.0,6.0,23.0,14.0,0.0,0.0,9.0,9.0,3.0,3.0,1.0,1.0,2,1.0,1.0,1.0,1.0
9907,4.0,371.0,2.0,13.0,11.0,0.0,1.0,9.0,9.0,3.0,3.0,1.0,1.0,2,1.0,1.0,1.0,1.0
9891,78.0,374.0,1.0,16.0,16.0,-1.0,2.0,4.0,4.0,1.0,1.0,0.0,1.0,1,1.0,1.0,1.0,1.0
1954,129.0,180.0,1.0,12.0,0.0,0.0,1.0,9.0,9.0,3.0,3.0,1.0,1.0,2,1.0,1.0,1.0,1.0
4643,81.0,180.0,1.0,9.0,0.0,0.0,0.0,19.0,19.0,9.0,9.0,1.0,1.0,2,1.0,0.0,0.0,0.0
7400,67.0,352.0,5.0,369.0,17.0,0.0,1.0,49.0,49.0,27.0,27.0,0.0,0.0,2,0.0,0.0,0.0,0.0
3005,56.0,256.0,1.0,69.0,0.0,2.0,0.0,4.0,4.0,1.0,1.0,1.0,1.0,2,0.0,1.0,1.0,1.0
9205,25.0,298.0,1.0,12.0,0.0,1.0,0.0,24.0,24.0,12.0,12.0,2.0,2.0,7,1.0,0.0,0.0,0.0
6084,82.0,262.0,1.0,21.0,0.0,1.0,0.0,31.0,31.0,11.0,11.0,2.0,2.0,7,5.0,0.0,0.0,0.0
2510,7.0,243.0,1.0,10.0,7.0,0.0,0.0,4.0,4.0,1.0,1.0,0.0,1.0,1,1.0,1.0,1.0,1.0
10189,72.20070758877299,283.19952827415136,1.7001179314621635,25.50058965731082,0.0,1.7001179314621635,0.7001179314621635,26.299882068537837,26.299882068537837,13.599764137075674,13.599764137075674,2.0,2.0,7,1.7001179314621635,0.0,0.0,0.0
10803,91.99263280751396,317.14734384972087,10.494474605635467,1318.0957735023185,8.02946876994417,0.0,1.0,122.4981582018785,122.4981582018785,71.14734384972085,71.14734384972085,0.9963164037569787,0.9963164037569787,7,18.465005835691297,0.0,0.0,0.0
10917,84.73405111787962,263.35956932927223,1.0,21.0,0.0,1.0,0.0,40.90637955284815,40.90637955284815,37.90637955284815,37.90637955284815,0.0,0.0,7,1.0,0.0,0.0,0.0
7292,399.0,285.0,16.0,1327.0,0.0,10.0,1.0,115.0,114.0,58.0,58.0,2.0,2.0,7,13.0,0.0,0.0,0.0
5919,62.0,387.0,2.0,85.0,20.0,0.0,1.0,37.0,37.0,12.0,12.0,6.0,6.0,12,4.0,0.0,0.0,0.0
755,2.0,226.0,1.0,10.0,0.0,0.0,0.0,19.0,19.0,9.0,9.0,1.0,1.0,2,1.0,0.0,0.0,0.0
6203,67.0,265.0,1.0,21.0,0.0,1.0,0.0,6.0,6.0,2.0,2.0,1.0,1.0,2,1.0,0.0,0.0,0.0
2487,35.0,180.0,1.0,16.0,0.0,0.0,0.0,9.0,9.0,2.0,2.0,0.0,1.0,1,1.0,1.0,2.0,0.0
9193,24.0,298.0,1.0,13.0,0.0,1.0,0.0,34.0,34.0,22.0,22.0,2.0,2.0,7,1.0,0.0,0.0,0.0
2145,15.0,224.0,0.0,20.0,7.0,0.0,0.0,8.0,8.0,1.0,1.0,1.0,1.0,2,1.0,0.0,0.0,0.0
3269,16.0,180.0,1.0,10.0,0.0,0.0,0.0,9.0,9.0,2.0,1.0,0.0,0.0,1,1.0,0.0,0.0,0.0
8887,142.0,295.0,25.0,100.0,31.0,0.0,1.0,99.0,99.0,25.0,25.0,1.0,1.0,2,25.0,0.0,0.0,0.0
9327,28.0,298.0,1.0,12.0,0.0,1.0,0.0,22.0,22.0,10.0,10.0,2.0,2.0,7,1.0,0.0,0.0,0.0
7957,72.0,343.0,2.0,314.0,14.0,0.0,1.0,51.0,51.0,45.0,45.0,0.0,0.0,10,2.0,0.0,0.0,0.0
7275,33.0,305.0,1.0,197.0,6.0,5.0,1.0,92.0,92.0,56.0,56.0,2.0,2.0,7,3.0,0.0,0.0,0.0
8707,330.0,359.0,4.0,103.0,29.0,5.0,1.0,365.0,365.0,28.0,28.0,5.0,5.0,13,9.0,0.0,0.0,0.0
8132,42.0,572.0,4.0,246.0,87.0,0.0,1.0,31.0,31.0,5.0,5.0,1.0,1.0,2,5.0,0.0,0.0,0.0
10091,83.88646116457328,271.7161529114332,1.0,21.0,0.0,1.0,0.0,51.25546237971014,51.25546237971014,39.25546237971014,39.25546237971014,2.0,2.0,7,1.0,0.0,0.0,0.0
5680,38.0,299.0,2.0,27.0,8.0,0.0,1.0,26.0,26.0,5.0,5.0,1.0,1.0,2,2.0,0.0,0.0,0.0
10634,159.21850475833813,435.2325827232218,1.0,58.962218521208186,30.511851756954055,0.0,1.0,342.6874019033352,342.6874019033352,41.73926134701077,41.73926134701077,2.0,2.0,7,2.0,1.0,2.0,0.0
5461,92.0,262.0,1.0,21.0,0.0,1.0,0.0,6.0,6.0,2.0,2.0,1.0,1.0,2,1.0,0.0,0.0,0.0
2722,14.0,180.0,1.0,15.0,0.0,0.0,0.0,8.0,8.0,2.0,2.0,1.0,1.0,2,1.0,1.0,1.0,1.0
7925,75.0,367.0,2.0,353.0,16.0,0.0,1.0,75.0,75.0,68.0,68.0,0.0,0.0,12,3.0,0.0,0.0,0.0
3268,250.0,180.0,1.0,6.0,0.0,0.0,0.0,6.0,6.0,1.0,1.0,1.0,1.0,2,1.0,1.0,1.0,1.0
8640,388.0,354.0,33.0,373.0,34.0,3.0,1.0,369.0,369.0,56.0,56.0,2.0,2.0,7,36.0,0.0,0.0,0.0
758,14.0,224.0,0.0,20.0,7.0,0.0,0.0,21.0,21.0,11.0,11.0,1.0,1.0,2,1.0,5.0,6.0,0.0
10235,60.67119887895688,389.74511708528786,3.268479551582751,51.86576022420862,76.79184201787763,0.0,1.0,50.86576022420862,50.86576022420862,19.79184201787762,19.79184201787762,2.0,2.0,7,3.268479551582751,0.0,0.0,0.0
8866,187.0,304.0,3.0,81.0,0.0,0.0,1.0,79.0,79.0,15.0,15.0,2.0,2.0,7,3.0,0.0,0.0,0.0
7734,331.0,365.0,3.0,1856.0,33.0,0.0,1.0,84.0,84.0,76.0,76.0,0.0,0.0,13,4.0,0.0,0.0,0.0
4036,54.0,310.0,0.0,56.0,22.0,0.0,0.0,-1.0,-1.0,-1.0,-1.0,-1.0,-1.0,0,-1.0,-1.0,-1.0,-1.0
7474,71.0,374.0,1.0,545.0,30.0,0.0,1.0,51.0,51.0,44.0,44.0,0.0,0.0,12,3.0,0.0,0.0,0.0
4250,4.0,371.0,2.0,13.0,11.0,0.0,1.0,-1.0,-1.0,-1.0,-1.0,-1.0,-1.0,0,-1.0,-1.0,-1.0,-1.0
1616,15.0,180.0,1.0,10.0,0.0,0.0,0.0,8.0,8.0,2.0,2.0,1.0,1.0,2,1.0,1.0,1.0,1.0
2775,135.0,180.0,1.0,77.0,0.0,0.0,0.0,9.0,9.0,2.0,2.0,0.0,1.0,1,1.0,1.0,2.0,0.0
10376,93.26712036956037,262.0,1.0,21.0,0.0,1.0,0.0,11.0,11.0,3.0,3.0,2.0,2.0,7,1.0,0.0,0.0,0.0
7267,62.0,226.0,2.0,239.0,0.0,0.0,1.0,110.0,110.0,74.0,74.0,2.0,2.0,7,3.0,0.0,0.0,0.0
6826,75.0,262.0,1.0,21.0,0.0,1.0,0.0,45.0,45.0,33.0,33.0,2.0,2.0,7,1.0,0.0,0.0,0.0
5985,78.0,262.0,1.0,21.0,0.0,1.0,0.0,6.0,6.0,2.0,2.0,1.0,1.0,2,1.0,0.0,0.0,0.0
7784,92.0,387.0,2.0,415.0,33.0,0.0,1.0,82.0,82.0,76.0,76.0,0.0,0.0,10,2.0,0.0,0.0,0.0
2992,4.0,216.0,1.0,28.0,0.0,0.0,0.0,4.0,4.0,1.0,1.0,0.0,1.0,1,1.0,1.0,1.0,1.0
7931,81.0,379.0,2.0,379.0,17.0,0.0,1.0,101.0,101.0,39.0,39.0,4.0,4.0,10,2.0,0.0,0.0,0.0
942,3.0,180.0,1.0,10.0,0.0,0.0,0.0,15.0,15.0,2.0,2.0,1.0,1.0,2,1.0,2.0,3.0,1.0
1213,18.0,238.0,1.0,16.0,0.0,0.0,0.0,21.0,21.0,13.0,13.0,0.0,0.0,10,1.0,2.0,4.0,0.0
9152,287.0,180.0,1.0,3266.0,0.0,1.0,1.0,30.0,30.0,18.0,18.0,2.0,2.0,7,1.0,0.0,0.0,0.0
1944,18.0,245.0,1.0,10.0,9.0,0.0,0.0,9.0,9.0,3.0,3.0,1.0,1.0,2,1.0,1.0,1.0,1.0
1090,79.0,256.0,1.0,96.0,0.0,0.0,1.0,12.0,13.0,5.0,5.0,1.0,1.0,2,1.0,3.0,4.0,0.0
6157,42.0,298.0,2.0,18.0,0.0,2.0,0.0,6.0,6.0,2.0,2.0,1.0,1.0,2,1.0,0.0,0.0,0.0
9133,23.0,298.0,1.0,12.0,0.0,1.0,0.0,22.0,22.0,10.0,10.0,2.0,2.0,7,1.0,0.0,0.0,0.0
10106,30.0,260.0,1.0,12.0,0.0,1.0,0.0,11.0,11.0,3.0,3.0,2.0,2.0,7,1.0,0.0,0.0,0.0
2444,7.0,250.0,1.0,15.0,0.0,0.0,0.0,9.0,9.0,2.0,2.0,0.0,1.0,1,1.0,2.0,3.0,0.0
8409,251.0,287.0,4.0,105.0,14.0,3.0,1.0,40.0,40.0,15.0,15.0,2.0,2.0,7,4.0,0.0,0.0,0.0
9931,74.0,315.0,1.0,22.0,23.0,0.0,0.0,8.0,8.0,2.0,2.0,1.0,1.0,2,1.0,1.0,1.0,1.0
4576,34.0,180.0,1.0,16.0,0.0,0.0,0.0,-1.0,-1.0,-1.0,-1.0,-1.0,-1.0,0,-1.0,-1.0,-1.0,-1.0
2568,605.0,180.0,1.0,127.0,0.0,0.0,1.0,8.0,8.0,2.0,2.0,1.0,1.0,2,1.0,1.0,1.0,1.0
5477,63.0,340.0,1.0,37.0,51.0,0.0,1.0,36.0,36.0,13.0,13.0,2.0,2.0,7,1.0,0.0,0.0,0.0
11114,82.04440241464901,283.0,1.0,33.0,0.0,15.0,0.0,42.911195170701966,42.911195170701966,13.84459154872844,13.84459154872844,1.9777987926754914,1.9777987926754914,6,1.0666036219735262,0.0,0.0,0.0
6757,94.0,283.0,1.0,25.0,0.0,7.0,0.0,11.0,11.0,3.0,3.0,2.0,2.0,7,1.0,0.0,0.0,0.0
4683,481.0,180.0,13.0,58.0,0.0,0.0,0.0,-1.0,-1.0,-1.0,-1.0,-1.0,-1.0,0,-1.0,-1.0,-1.0,-1.0
4387,369.0,308.0,7.0,259.0,28.0,1.0,1.0,-1.0,-1.0,-1.0,-1.0,-1.0,-1.0,0,-1.0,-1.0,-1.0,-1.0
3382,12.0,180.0,1.0,77.0,0.0,0.0,0.0,9.0,9.0,3.0,3.0,1.0,1.0,2,1.0,1.0,1.0,1.0
7202,68.0,305.0,3.0,555.0,6.0,28.0,1.0,86.0,86.0,50.0,50.0,2.0,2.0,7,3.0,0.0,0.0,0.0
8038,82.0,464.0,2.0,482.0,24.0,0.0,1.0,275.0,275.0,92.0,92.0,2.0,2.0,2,2.0,2.0,3.0,0.0
9721,19.0,252.0,11.0,50.0,0.0,0.0,1.0,16.0,16.0,3.0,3.0,1.0,1.0,2,3.0,0.0,0.0,0.0
7997,99.0,377.0,3.0,538.0,31.0,0.0,1.0,162.0,162.0,154.0,154.0,0.0,0.0,12,2.0,0.0,0.0,0.0
2255,8.0,180.0,1.0,10.0,0.0,0.0,0.0,7.0,7.0,1.0,1.0,0.0,1.0,1,1.0,1.0,2.0,0.0
4928,8.0,180.0,1.0,10.0,0.0,0.0,0.0,19.0,19.0,7.0,7.0,2.0,2.0,7,1.0,1.0,1.0,1.0
6494,84.0,283.0,1.0,26.0,0.0,8.0,0.0,25.0,25.0,13.0,13.0,2.0,2.0,7,1.0,0.0,0.0,0.0
7858,39.0,388.0,1.0,112.0,24.0,0.0,1.0,66.0,66.0,60.0,60.0,0.0,0.0,10,2.0,0.0,0.0,0.0
9890,51.0,339.0,7.0,29.0,14.0,7.0,1.0,4.0,4.0,1.0,1.0,0.0,1.0,1,1.0,1.0,1.0,1.0
5125,46.0,180.0,3.0,125.0,0.0,0.0,1.0,0.0,0.0,1.0,0.0,1.0,1.0,2,0.0,0.0,0.0,0.0
6202,88.0,262.0,1.0,21.0,0.0,1.0,0.0,37.0,37.0,24.0,24.0,2.0,2.0,7,2.0,0.0,0.0,0.0
1909,28.0,266.0,1.0,12.0,0.0,1.0,0.0,9.0,9.0,3.0,3.0,1.0,1.0,2,1.0,1.0,1.0,1.0
7223,31.0,305.0,1.0,191.0,6.0,5.0,1.0,51.0,51.0,25.0,25.0,2.0,2.0,7,2.0,0.0,0.0,0.0
787,9.0,180.0,1.0,9.0,0.0,0.0,0.0,18.0,18.0,4.0,4.0,1.0,1.0,2,1.0,3.0,4.0,1.0
8379,267.0,466.0,2.0,366.0,24.0,0.0,1.0,204.0,204.0,83.0,83.0,3.0,3.0,10,2.0,2.0,3.0,0.0
4599,41.0,180.0,1.0,11.0,0.0,0.0,0.0,0.0,1.0,-1.0,0.0,11.0,-1.0,19,0.0,-1.0,-1.0,-1.0
8057,33.0,362.0,3.0,118.0,23.0,0.0,1.0,184.0,184.0,178.0,178.0,0.0,0.0,10,2.0,0.0,0.0,0.0
7654,72.0,378.0,2.0,318.0,32.0,0.0,1.0,64.0,64.0,57.0,57.0,0.0,0.0,13,3.0,0.0,0.0,0.0
7491,74.0,362.0,4.0,191.0,19.0,0.0,1.0,244.0,244.0,64.0,64.0,2.0,2.0,2,6.0,2.0,3.0,0.0
9823,186.0,271.0,1.0,51.0,0.0,0.0,1.0,239.0,239.0,13.0,13.0,2.0,2.0,7,5.0,0.0,0.0,0.0
3498,15.0,224.0,0.0,20.0,7.0,0.0,0.0,5.0,5.0,1.0,1.0,1.0,1.0,2,0.0,1.0,1.0,1.0
8673,42.0,376.0,1.0,94.0,32.0,9.0,1.0,34.0,34.0,30.0,30.0,0.0,0.0,7,2.0,0.0,0.0,0.0
569,12.0,373.0,6.0,23.0,9.0,0.0,1.0,19.0,19.0,9.0,9.0,1.0,1.0,2,1.0,0.0,0.0,0.0
10165,94.3873536587708,358.22529268245836,2.0,724.33208537452,13.387353658770813,0.0,1.0,61.126463412291876,61.126463412291876,54.51381707106269,54.51381707106269,0.0,0.0,11,2.612646341229188,0.0,0.0,0.0
3563,6.0,248.0,1.0,10.0,12.0,0.0,0.0,9.0,9.0,3.0,3.0,1.0,1.0,2,1.0,1.0,1.0,1.0
6718,85.0,265.0,1.0,21.0,0.0,1.0,0.0,11.0,11.0,3.0,3.0,2.0,2.0,7,1.0,0.0,0.0,0.0
8164,33.0,317.0,2.0,275.0,29.0,0.0,1.0,38.0,38.0,10.0,10.0,2.0,2.0,7,7.0,0.0,0.0,0.0
3722,-1.0,-1.0,-1.0,-1.0,-1.0,-1.0,2.0,36.0,36.0,10.0,10.0,2.0,2.0,7,1.0,0.0,0.0,0.0
7492,58.0,379.0,4.0,115.0,25.0,0.0,1.0,129.0,129.0,34.0,34.0,6.0,6.0,10,1.0,20.0,21.0,2.0
7839,78.0,360.0,2.0,571.0,30.0,0.0,1.0,118.0,118.0,41.0,41.0,2.0,2.0,2,1.0,2.0,3.0,0.0
4530,62.0,299.0,1.0,10.0,21.0,0.0,1.0,-1.0,0.0,1.0,1.0,0.0,2.0,2,0.0,0.0,0.0,0.0
8895,27.0,305.0,4.0,114.0,12.0,0.0,1.0,41.0,41.0,10.0,10.0,2.0,2.0,7,4.0,0.0,0.0,0.0
11075,24.374753228798077,293.24970387455767,1.3751480627211539,102.3759377305673,0.8749506457596155,0.8749506457596155,1.0,33.37475322879808,33.37475322879808,14.999605166076924,14.999605166076924,2.0,2.0,7,1.6252467712019225,0.0,0.0,0.0
3407,306.0,351.0,3.0,32.0,54.0,0.0,1.0,9.0,9.0,3.0,3.0,1.0,1.0,2,1.0,1.0,1.0,1.0
5082,6.0,180.0,2.0,9.0,0.0,0.0,0.0,-1.0,-1.0,-1.0,-1.0,-1.0,-1.0,0,-1.0,-1.0,-1.0,-1.0
4843,77.0,325.0,1.0,16.0,16.0,-1.0,2.0,25.0,25.0,11.0,11.0,1.0,1.0,1,2.0,0.0,0.0,0.0
5696,40.0,299.0,2.0,28.0,8.0,0.0,1.0,27.0,27.0,6.0,6.0,1.0,1.0,2,2.0,0.0,0.0,0.0
9751,52.0,229.0,31.0,109.0,0.0,0.0,1.0,26.0,26.0,6.0,6.0,1.0,1.0,2,6.0,0.0,0.0,0.0
3627,46.0,180.0,3.0,15.0,0.0,0.0,0.0,5.0,5.0,1.0,1.0,1.0,1.0,1,1.0,1.0,1.0,0.0
10009,6.0,309.0,4.0,18.0,84.0,0.0,1.0,9.0,9.0,3.0,3.0,1.0,1.0,2,1.0,1.0,1.0,1.0
6436,73.0,272.0,1.0,21.0,0.0,1.0,0.0,34.0,34.0,31.0,31.0,0.0,0.0,7,1.0,0.0,0.0,0.0
1255,7.0,250.0,1.0,15.0,0.0,0.0,0.0,14.0,14.0,2.0,2.0,1.0,1.0,2,1.0,2.0,3.0,1.0
11090,75.23310449364743,262.0,1.0,21.0,0.0,1.0,0.0,30.3006865190577,30.3006865190577,27.3006865190577,27.3006865190577,0.0,0.0,7,1.0,0.0,0.0,0.0
8649,369.0,357.0,12.0,547.0,32.0,3.0,1.0,400.0,400.0,32.0,32.0,1.0,1.0,2,20.0,0.0,0.0,0.0
6154,99.0,283.0,1.0,33.0,0.0,15.0,0.0,6.0,6.0,2.0,2.0,1.0,1.0,2,1.0,0.0,0.0,0.0
10793,62.7657525004442,245.3828762502221,9.403879584147706,63.5105016669628,1.2762541674070054,0.0,1.0,63.021003333925606,63.021003333925606,18.16963208459191,18.16963208459191,1.1276254167407007,1.1276254167407007,2,8.382876250222102,0.0,0.0,0.0
6029,58.0,415.0,1.0,304.0,12.0,1.0,1.0,30.0,30.0,27.0,27.0,0.0,0.0,7,1.0,0.0,0.0,0.0
10347,251.47174797936017,275.9609882899897,1.8596417616099075,110.96098828998967,0.0,0.9044842487100103,1.0,109.19686227966976,109.19686227966976,32.14035823839009,32.14035823839009,2.0,2.0,7,1.8596417616099075,0.0,0.0,0.0
5597,87.0,283.0,1.0,39.0,0.0,21.0,0.0,38.0,38.0,26.0,26.0,2.0,2.0,7,1.0,0.0,0.0,0.0
4194,48.0,280.0,1.0,23.0,0.0,0.0,0.0,-1.0,0.0,1.0,1.0,0.0,2.0,2,0.0,0.0,1.0,0.0
3775,-1.0,-1.0,-1.0,-1.0,-1.0,-1.0,2.0,8.0,7.0,1.0,1.0,0.0,0.0,1,2.0,1.0,1.0,1.0
202,10.0,180.0,1.0,9.0,0.0,0.0,0.0,14.0,14.0,2.0,2.0,1.0,1.0,2,1.0,2.0,3.0,1.0
8515,234.0,2609.0,4.0,1379.0,17.0,4.0,1.0,6.0,6.0,2.0,2.0,1.0,1.0,2,1.0,0.0,0.0,0.0
1532,22.0,180.0,1.0,3333.0,0.0,0.0,0.0,9.0,9.0,2.0,2.0,0.0,1.0,2,0.0,1.0,2.0,0.0
5857,34.0,295.0,7.0,62.0,7.0,0.0,1.0,61.0,61.0,16.0,16.0,2.0,2.0,7,7.0,0.0,0.0,1.0
6246,37.0,298.0,1.0,12.0,0.0,1.0,0.0,26.0,26.0,18.0,18.0,0.0,0.0,2,6.0,0.0,0.0,0.0
5887,98.0,330.0,6.0,230.0,35.0,0.0,1.0,229.0,229.0,12.0,12.0,2.0,2.0,7,6.0,0.0,0.0,1.0
596,46.0,327.0,1.0,59.0,62.0,0.0,1.0,19.0,19.0,9.0,9.0,1.0,1.0,2,1.0,0.0,0.0,0.0
8886,183.0,283.0,24.0,100.0,28.0,0.0,1.0,99.0,99.0,25.0,25.0,1.0,1.0,2,24.0,0.0,0.0,0.0
4116,64.0,348.0,1.0,16.0,16.0,-1.0,2.0,21.0,21.0,11.0,11.0,1.0,1.0,2,1.0,5.0,6.0,0.0
8959,23.0,298.0,1.0,12.0,0.0,1.0,0.0,204.0,204.0,56.0,56.0,1.0,1.0,2,40.0,0.0,0.0,0.0
9919,77.0,346.0,1.0,16.0,16.0,-1.0,2.0,8.0,8.0,2.0,2.0,1.0,1.0,2,1.0,1.0,1.0,1.0
10225,60.0,352.15435716204206,2.0,44.84564283795794,42.15435716204206,0.0,1.0,43.84564283795794,43.84564283795794,18.0,18.0,2.0,2.0,7,2.0,0.0,0.0,1.0
1758,17.0,180.0,1.0,10.0,0.0,0.0,0.0,9.0,9.0,1.0,1.0,1.0,1.0,2,1.0,1.0,2.0,1.0
299,8.0,180.0,0.0,1991.0,0.0,0.0,0.0,19.0,19.0,9.0,9.0,1.0,1.0,2,1.0,0.0,0.0,0.0
9974,76.0,337.0,1.0,16.0,16.0,-1.0,2.0,9.0,9.0,3.0,3.0,1.0,1.0,2,1.0,1.0,1.0,1.0
800,12.0,180.0,1.0,9.0,0.0,0.0,0.0,21.0,21.0,7.0,7.0,2.0,2.0,7,1.0,2.0,3.0,0.0
2198,15.0,483.0,6.0,23.0,14.0,0.0,1.0,9.0,9.0,3.0,3.0,1.0,1.0,2,1.0,1.0,1.0,1.0
5112,62.0,214.0,2.0,30.0,5.0,-1.0,2.0,175.0,170.0,117.0,117.0,0.0,0.0,2,48.0,1.0,1.0,0.0
7689,42.0,369.0,6.0,126.0,17.0,0.0,1.0,49.0,49.0,27.0,27.0,0.0,0.0,2,0.0,0.0,0.0,0.0
4175,9.0,408.0,5.0,21.0,93.0,0.0,1.0,19.0,19.0,9.0,9.0,1.0,1.0,2,1.0,5.0,6.0,0.0
1825,15.0,224.0,0.0,20.0,7.0,0.0,0.0,7.0,7.0,1.0,1.0,0.0,1.0,1,0.0,0.0,0.0,0.0
6327,82.0,283.0,1.0,34.0,0.0,16.0,0.0,6.0,6.0,2.0,2.0,1.0,1.0,2,1.0,0.0,0.0,0.0
2582,6.0,254.0,1.0,10.0,7.0,0.0,0.0,9.0,9.0,3.0,3.0,1.0,1.0,2,1.0,1.0,1.0,1.0
7324,45.0,478.0,6.0,509.0,60.0,0.0,1.0,368.0,368.0,22.0,22.0,3.0,3.0,10,8.0,0.0,0.0,0.0
10515,99.48035512108146,283.0,1.1601183736938183,36.32023674738764,0.0,17.83988162630618,0.0,6.0,6.0,2.0,2.0,1.0,1.0,2,1.0,0.0,0.0,0.0
10599,23.004899562378334,252.99836681254055,12.0,48.00163318745945,0.0,0.0,1.0,44.988567687783885,44.988567687783885,12.00326637491889,12.00326637491889,2.0,2.0,7,10.988567687783885,0.0,0.0,0.0
571,2.0,180.0,1.0,111612.0,0.0,0.0,0.0,22.0,22.0,8.0,8.0,3.0,3.0,10,2.0,1.0,1.0,0.0
2300,8.0,180.0,1.0,11.0,0.0,0.0,0.0,9.0,9.0,1.0,1.0,1.0,1.0,2,1.0,1.0,2.0,1.0
1543,2.0,248.0,1.0,15.0,0.0,0.0,0.0,8.0,8.0,2.0,2.0,1.0,1.0,2,1.0,1.0,1.0,1.0
1278,7.0,180.0,1.0,10.0,0.0,0.0,0.0,17.0,17.0,1.0,1.0,1.0,1.0,2,1.0,1.0,2.0,1.0
8917,101.0,283.0,1.0,30.0,0.0,12.0,0.0,29.0,29.0,17.0,17.0,2.0,2.0,7,1.0,0.0,0.0,0.0
3418,12.0,180.0,1.0,77.0,0.0,0.0,0.0,42.0,42.0,26.0,26.0,1.0,1.0,13,3.0,0.0,0.0,1.0
7398,67.0,345.0,6.0,206.0,16.0,0.0,1.0,168.0,168.0,150.0,150.0,0.0,0.0,2,0.0,0.0,0.0,0.0
906,4.0,456.0,2.0,13.0,16.0,0.0,1.0,19.0,19.0,9.0,9.0,1.0,1.0,2,1.0,0.0,0.0,0.0
9045,16.0,260.0,1.0,12.0,0.0,1.0,0.0,11.0,11.0,3.0,3.0,2.0,2.0,7,1.0,0.0,0.0,0.0
351,15.0,180.0,1.0,10.0,0.0,0.0,0.0,26.0,25.0,3.0,3.0,1.0,1.0,2,1.0,1.0,2.0,1.0
7304,33.0,485.0,4.0,259.0,55.0,0.0,1.0,60.0,60.0,24.0,24.0,2.0,2.0,7,8.0,0.0,0.0,0.0
2261,8.0,180.0,1.0,10.0,0.0,0.0,0.0,9.0,9.0,2.0,2.0,0.0,1.0,2,0.0,1.0,2.0,0.0
5090,9.0,180.0,12.0,167.0,0.0,0.0,1.0,19.0,19.0,6.0,6.0,2.0,2.0,7,1.0,1.0,2.0,0.0
6485,87.0,283.0,1.0,35.0,0.0,17.0,0.0,11.0,11.0,3.0,3.0,2.0,2.0,7,1.0,0.0,0.0,0.0
8155,39.0,392.0,2.0,50.0,34.0,0.0,1.0,118.0,118.0,22.0,22.0,2.0,2.0,7,2.0,0.0,0.0,0.0
3096,9.0,180.0,1.0,9.0,0.0,0.0,0.0,5.0,5.0,1.0,1.0,1.0,1.0,1,1.0,1.0,1.0,0.0
951,17.0,250.0,1.0,10.0,8.0,0.0,0.0,15.0,15.0,2.0,2.0,1.0,1.0,2,1.0,1.0,2.0,0.0
6723,54.0,298.0,2.0,17.0,0.0,2.0,0.0,6.0,6.0,2.0,2.0,1.0,1.0,2,1.0,0.0,0.0,0.0
10920,56.178833405812156,369.17883340581216,3.3731436756616495,152.11943102698496,70.56682767618061,0.0,1.0,151.11943102698496,151.11943102698496,12.104580432278146,12.104580432278146,2.0,2.0,7,3.3731436756616495,0.0,0.0,1.0
6336,71.0,272.0,1.0,21.0,0.0,1.0,0.0,28.0,28.0,16.0,16.0,2.0,2.0,7,1.0,0.0,0.0,0.0
2304,4.0,180.0,1.0,14.0,0.0,0.0,0.0,9.0,9.0,2.0,2.0,0.0,1.0,2,0.0,1.0,2.0,0.0
2844,9.0,180.0,1.0,216.0,0.0,0.0,0.0,4.0,4.0,1.0,1.0,0.0,1.0,1,1.0,1.0,1.0,1.0
9741,22.0,229.0,12.0,48.0,0.0,0.0,1.0,171.0,171.0,15.0,15.0,2.0,2.0,7,3.0,0.0,0.0,1.0
1728,1.0,180.0,1.0,111113.0,0.0,0.0,0.0,9.0,9.0,1.0,1.0,1.0,1.0,2,1.0,1.0,2.0,1.0
9323,140.0,271.0,1.0,79.0,0.0,0.0,1.0,-1.0,-1.0,-1.0,-1.0,-1.0,-1.0,0,-1.0,-1.0,-1.0,-1.0
9008,27.0,260.0,1.0,12.0,0.0,1.0,0.0,24.0,24.0,4.0,3.0,1.0,1.0,2,3.0,0.0,0.0,1.0
7835,77.0,388.0,2.0,283.0,24.0,0.0,1.0,96.0,96.0,88.0,88.0,0.0,0.0,10,4.0,0.0,0.0,0.0
10004,76.0,365.0,1.0,16.0,16.0,-1.0,2.0,8.0,8.0,2.0,2.0,1.0,1.0,2,1.0,1.0,1.0,1.0
1857,11.0,180.0,0.0,16.0,0.0,0.0,0.0,9.0,9.0,2.0,2.0,0.0,1.0,1,1.0,1.0,2.0,0.0
10677,54.767355977598605,288.9062037983874,1.8836779887993012,82.67355977598602,0.0,2.651033966397903,1.0,32.348966033602096,32.348966033602096,28.465288044802797,28.465288044802797,0.0,0.0,7,1.8836779887993012,0.0,0.0,0.0
1749,3.0,180.0,1.0,16.0,0.0,0.0,0.0,9.0,9.0,3.0,3.0,1.0,1.0,2,1.0,1.0,1.0,1.0
8705,209.0,271.0,1.0,156.0,0.0,58.0,1.0,56.0,56.0,14.0,14.0,2.0,2.0,7,11.0,0.0,0.0,0.0
2527,14.0,256.0,1.0,16.0,0.0,0.0,0.0,5.0,5.0,1.0,1.0,1.0,1.0,1,1.0,1.0,1.0,0.0
62,4.0,180.0,1.0,14.0,0.0,0.0,0.0,19.0,19.0,9.0,9.0,1.0,1.0,2,1.0,0.0,0.0,0.0
16,1.0,180.0,1.0,111714.0,0.0,0.0,0.0,11.0,11.0,3.0,3.0,0.0,1.0,1,1.0,3.0,4.0,0.0
7782,90.0,385.0,2.0,481.0,17.0,0.0,1.0,74.0,74.0,67.0,67.0,0.0,0.0,12,3.0,0.0,0.0,0.0
6237,40.0,410.0,7.0,54.0,11.0,1.0,1.0,31.0,31.0,9.0,9.0,3.0,3.0,10,3.0,0.0,0.0,0.0
3518,7.0,246.0,1.0,10.0,8.0,0.0,0.0,8.0,7.0,2.0,2.0,1.0,1.0,2,1.0,1.0,1.0,1.0
3123,5.0,223.0,1.0,15.0,0.0,0.0,0.0,8.0,8.0,2.0,2.0,1.0,1.0,2,1.0,1.0,1.0,1.0
1658,17.0,377.0,9.0,29.0,19.0,0.0,1.0,9.0,9.0,2.0,2.0,0.0,1.0,2,0.0,1.0,2.0,0.0
4494,9.0,180.0,1.0,9.0,0.0,0.0,0.0,-1.0,0.0,1.0,1.0,0.0,1.0,2,0.0,0.0,0.0,0.0
9074,23.0,298.0,1.0,12.0,0.0,1.0,0.0,418.0,418.0,63.0,63.0,1.0,1.0,2,56.0,0.0,0.0,0.0
2888,2.0,180.0,1.0,9.0,0.0,0.0,0.0,9.0,9.0,1.0,1.0,1.0,1.0,2,1.0,1.0,2.0,1.0
7639,98.0,357.0,2.0,973.0,14.0,0.0,1.0,55.0,55.0,48.0,48.0,0.0,0.0,12,3.0,0.0,0.0,0.0
2983,95.0,180.0,1.0,9.0,0.0,0.0,0.0,8.0,8.0,2.0,2.0,1.0,1.0,2,1.0,1.0,1.0,1.0
2406,4.0,180.0,1.0,9.0,0.0,0.0,0.0,9.0,9.0,3.0,3.0,1.0,1.0,2,1.0,1.0,2.0,0.0
5293,10.0,180.0,22.0,36.0,0.0,0.0,0.0,17.0,17.0,3.0,3.0,1.0,1.0,2,1.0,2.0,3.0,0.0
9064,24.0,260.0,1.0,12.0,0.0,1.0,0.0,6.0,6.0,2.0,2.0,1.0,1.0,2,1.0,0.0,0.0,0.0
5218,18.0,180.0,1.0,10.0,0.0,0.0,0.0,21.0,21.0,11.0,11.0,1.0,1.0,2,1.0,5.0,6.0,0.0
313,8.0,180.0,1.0,10.0,0.0,0.0,0.0,15.0,15.0,2.0,2.0,1.0,1.0,2,1.0,2.0,3.0,1.0
10366,53.90070373385621,298.0,2.0,17.0,0.0,2.0,0.0,11.24824066535947,11.24824066535947,3.0992962661437877,3.0992962661437877,2.0,2.0,7,1.0496481330718939,0.0,0.0,0.0
3946,464.0,275.0,1.0,51.0,3.0,0.0,0.0,-1.0,-1.0,-1.0,-1.0,-1.0,-1.0,0,-1.0,-1.0,-1.0,-1.0
6554,81.0,272.0,1.0,21.0,0.0,1.0,0.0,40.0,40.0,28.0,28.0,2.0,2.0,7,1.0,0.0,0.0,0.0
963,16.0,180.0,1.0,10.0,0.0,0.0,0.0,29.0,29.0,1.0,1.0,1.0,1.0,2,25.0,1.0,1.0,1.0
4862,4.0,502.0,2.0,14.0,12.0,0.0,1.0,12.0,13.0,5.0,5.0,1.0,1.0,2,1.0,3.0,4.0,0.0
6032,91.0,283.0,1.0,32.0,0.0,14.0,0.0,31.0,31.0,19.0,19.0,2.0,2.0,7,1.0,0.0,0.0,0.0
2545,2.0,180.0,1.0,11.0,0.0,0.0,1.0,9.0,9.0,3.0,3.0,1.0,1.0,2,1.0,1.0,1.0,1.0
10391,397.4406926480746,306.5593073519254,8.118614703850792,517.9828570454152,12.694891763080633,24.37298706613715,1.0,100.2032899930927,100.2032899930927,31.779567052322534,31.779567052322534,2.0,2.0,5,8.983030292695554,0.0,0.0,0.2881385296149208
5334,-1.0,-1.0,-1.0,-1.0,-1.0,-1.0,2.0,18.0,18.0,4.0,4.0,1.0,1.0,2,1.0,3.0,4.0,1.0
4996,75.0,330.0,1.0,16.0,1.0,-1.0,2.0,-1.0,0.0,1.0,1.0,0.0,2.0,2,0.0,0.0,0.0,0.0
1653,3.0,180.0,1.0,111612.0,0.0,0.0,0.0,4.0,4.0,1.0,1.0,0.0,1.0,1,1.0,1.0,1.0,1.0
5790,47.0,335.0,2.0,32.0,8.0,0.0,1.0,31.0,31.0,7.0,7.0,1.0,1.0,2,2.0,0.0,0.0,0.0
8741,25.0,297.0,7.0,37.0,0.0,0.0,1.0,36.0,36.0,8.0,8.0,1.0,1.0,2,7.0,0.0,0.0,0.0
10,4.0,211.0,1.0,28.0,0.0,0.0,0.0,14.0,14.0,6.0,6.0,1.0,1.0,2,1.0,3.0,4.0,0.0
10322,388.868127116374,312.15064267126337,118.05202488782298,420.4627919982013,27.024201779842972,5.230490667066381,1.0,61.48699377804425,61.48699377804425,24.717484445110635,24.717484445110635,3.7434968890221274,3.7434968890221274,9,16.743496889022126,0.0,0.0,0.0
5150,34.0,477.0,3.0,72.0,90.0,0.0,1.0,-1.0,-1.0,-1.0,-1.0,-1.0,-1.0,0,-1.0,-1.0,-1.0,-1.0
2692,4.0,256.0,1.0,15.0,0.0,0.0,0.0,9.0,9.0,3.0,3.0,1.0,1.0,2,1.0,1.0,1.0,1.0
2347,75.0,256.0,1.0,36.0,0.0,12.0,0.0,9.0,9.0,2.0,2.0,0.0,1.0,1,1.0,2.0,3.0,0.0
4120,8.0,180.0,1.0,11.0,0.0,0.0,0.0,0.0,0.0,0.0,0.0,1.0,0.0,1,1.0,1.0,1.0,1.0
7980,72.0,398.0,1.0,381.0,14.0,0.0,1.0,60.0,60.0,53.0,53.0,0.0,0.0,12,3.0,0.0,0.0,0.0
4237,94.0,180.0,1.0,9.0,0.0,0.0,0.0,10.0,10.0,2.0,2.0,1.0,1.0,2,0.0,1.0,2.0,0.0
7450,96.0,380.0,2.0,1043.0,30.0,0.0,1.0,125.0,125.0,117.0,117.0,0.0,0.0,10,4.0,0.0,0.0,0.0
2957,80.0,296.0,1.0,84.0,8.0,1.0,0.0,9.0,9.0,2.0,2.0,0.0,1.0,2,0.0,1.0,2.0,0.0
10259,74.4025519844227,356.51739128344457,2.1948960311545855,423.97448015577294,14.0,0.0,1.0,139.98724007788647,139.98724007788647,35.88166350152663,35.88166350152663,3.207655953268122,3.207655953268122,9,2.8051039688454145,0.5974480155772927,1.1948960311545853,0.0
10445,119.52308972600923,283.0,1.0,40.7436324200308,0.0,22.743632420030796,0.0,43.871816210015396,43.871816210015396,31.8718162100154,31.8718162100154,2.0,2.0,7,1.0,0.0,0.0,0.0
9160,21.0,260.0,1.0,12.0,0.0,1.0,0.0,85.0,85.0,19.0,19.0,2.0,2.0,7,1.0,0.0,0.0,0.0
9335,27.0,283.0,1.0,10.0,0.0,1.0,0.0,11.0,11.0,3.0,3.0,2.0,2.0,7,1.0,0.0,0.0,0.0
6845,60.0,262.0,1.0,21.0,0.0,1.0,0.0,28.0,28.0,25.0,25.0,0.0,0.0,7,1.0,0.0,0.0,0.0
9995,77.0,341.0,1.0,16.0,14.0,-1.0,2.0,9.0,9.0,3.0,3.0,1.0,1.0,2,1.0,1.0,1.0,1.0
2150,1.0,180.0,1.0,111612.0,0.0,0.0,0.0,9.0,9.0,2.0,2.0,0.0,1.0,1,1.0,2.0,3.0,0.0
1821,12.0,180.0,1.0,8.0,0.0,0.0,0.0,9.0,9.0,2.0,2.0,0.0,1.0,1,1.0,1.0,2.0,0.0
6400,80.0,265.0,1.0,21.0,0.0,1.0,0.0,11.0,11.0,3.0,3.0,2.0,2.0,7,1.0,0.0,0.0,0.0
9243,126.0,283.0,1.0,34.0,0.0,16.0,0.0,36.0,36.0,7.0,7.0,2.0,2.0,7,1.0,0.0,0.0,0.0
1669,12.0,180.0,1.0,9.0,0.0,0.0,0.0,8.0,8.0,1.0,1.0,1.0,1.0,2,1.0,0.0,0.0,0.0
8967,29.0,260.0,1.0,12.0,0.0,1.0,0.0,58.0,58.0,28.0,28.0,2.0,2.0,7,6.0,0.0,0.0,0.0
8561,130.0,346.0,3.0,139.0,52.0,86.0,1.0,118.0,118.0,113.0,113.0,0.0,0.0,7,3.0,0.0,0.0,0.0
4352,9.0,180.0,1.0,9.0,0.0,0.0,0.0,-1.0,0.0,0.0,1.0,0.0,2.0,2,0.0,0.0,0.0,0.0
5166,37.0,411.0,4.0,75.0,69.0,0.0,1.0,-1.0,-1.0,-1.0,-1.0,-1.0,-1.0,0,-1.0,-1.0,-1.0,-1.0
6869,76.0,262.0,1.0,21.0,0.0,1.0,0.0,12.0,12.0,4.0,4.0,2.0,2.0,7,1.0,0.0,0.0,0.0
2361,306.0,180.0,1.0,9.0,0.0,0.0,0.0,73.0,73.0,18.0,18.0,7.0,7.0,16,1.0,5.0,6.0,0.0
9165,27.0,298.0,1.0,12.0,0.0,1.0,0.0,28.0,28.0,16.0,16.0,2.0,2.0,7,1.0,0.0,0.0,0.0
8113,91.0,365.0,13.0,497.0,53.0,1.0,1.0,194.0,194.0,36.0,36.0,4.0,4.0,10,20.0,0.0,0.0,0.0
8715,100.0,422.0,12.0,1242.0,52.0,36.0,1.0,290.0,290.0,67.0,67.0,4.0,4.0,10,13.0,0.0,0.0,0.0
4506,9.0,180.0,1.0,216.0,0.0,0.0,0.0,10.0,10.0,2.0,2.0,2.0,2.0,2,1.0,2.0,3.0,0.0
1138,17.0,180.0,1.0,10.0,0.0,0.0,0.0,19.0,19.0,1.0,1.0,1.0,1.0,2,15.0,1.0,1.0,1.0
6736,76.0,272.0,1.0,21.0,0.0,1.0,0.0,32.0,32.0,20.0,20.0,2.0,2.0,7,1.0,0.0,0.0,0.0
1683,11.0,180.0,1.0,9.0,0.0,0.0,0.0,4.0,4.0,1.0,1.0,0.0,1.0,1,1.0,1.0,1.0,1.0
6344,46.0,279.0,2.0,36.0,0.0,2.0,1.0,184.0,184.0,17.0,17.0,2.0,2.0,7,1.0,0.0,0.0,0.0
664,17.0,250.0,1.0,15.0,0.0,0.0,0.0,12.0,12.0,3.0,3.0,1.0,1.0,2,0.0,2.0,3.0,0.0
8716,26.0,362.0,4.0,207.0,65.0,4.0,1.0,28.0,28.0,7.0,7.0,2.0,2.0,7,4.0,0.0,0.0,0.0
10015,78.0,360.0,1.0,16.0,7.0,-1.0,2.0,9.0,9.0,3.0,3.0,1.0,1.0,2,1.0,1.0,1.0,1.0
9783,38.0,306.0,3.0,211.0,0.0,0.0,1.0,30.0,30.0,9.0,9.0,2.0,2.0,7,4.0,0.0,0.0,0.0
1457,10.0,180.0,0.0,16.0,0.0,0.0,0.0,8.0,8.0,2.0,2.0,1.0,1.0,2,1.0,1.0,1.0,1.0
4879,77.0,180.0,1.0,7.0,0.0,0.0,0.0,19.0,19.0,9.0,9.0,1.0,1.0,2,1.0,0.0,0.0,0.0
6430,77.0,262.0,1.0,21.0,0.0,1.0,0.0,28.0,28.0,16.0,16.0,2.0,2.0,7,1.0,0.0,0.0,0.0
1484,15.0,394.0,8.0,27.0,14.0,0.0,1.0,8.0,8.0,2.0,2.0,1.0,1.0,2,1.0,1.0,1.0,1.0
8402,282.0,355.0,2.0,539.0,31.0,0.0,1.0,91.0,91.0,44.0,44.0,2.0,2.0,7,2.0,0.0,0.0,0.0
10199,97.24998426221418,283.0,1.0,30.75001573778581,0.0,12.750015737785809,0.0,13.500031475571618,13.500031475571618,9.250110164500661,9.250110164500661,0.49996852442838247,0.49996852442838247,7,1.0,0.0,0.0,0.0
8851,157.0,304.0,5.0,115.0,0.0,0.0,1.0,111.0,111.0,20.0,20.0,2.0,2.0,7,6.0,0.0,0.0,0.0
9958,74.0,369.0,1.0,16.0,16.0,-1.0,2.0,8.0,7.0,2.0,2.0,1.0,1.0,2,1.0,0.0,1.0,1.0
9433,147.0,252.0,28.0,143.0,0.0,2.0,1.0,175.0,175.0,52.0,52.0,2.0,2.0,7,46.0,0.0,0.0,0.0
3829,-1.0,-1.0,-1.0,-1.0,-1.0,-1.0,2.0,44.0,39.0,19.0,19.0,0.0,0.0,2,2.0,1.0,1.0,1.0
6432,32.0,298.0,1.0,12.0,0.0,1.0,0.0,12.0,12.0,4.0,4.0,2.0,2.0,7,1.0,0.0,0.0,0.0
407,17.0,250.0,1.0,15.0,0.0,0.0,0.0,10.0,10.0,3.0,3.0,1.0,1.0,2,1.0,1.0,1.0,1.0
5596,95.0,581.0,1.0,171.0,13.0,1.0,1.0,29.0,29.0,26.0,26.0,0.0,0.0,7,1.0,0.0,0.0,0.0
3649,-1.0,-1.0,-1.0,-1.0,-1.0,-1.0,2.0,35.0,35.0,1.0,1.0,1.0,1.0,2,31.0,1.0,1.0,1.0
6574,76.0,283.0,1.0,29.0,0.0,11.0,0.0,24.0,24.0,12.0,12.0,2.0,2.0,7,1.0,0.0,0.0,0.0
729,14.0,371.0,1.0,16.0,16.0,-1.0,2.0,10.0,10.0,3.0,3.0,1.0,1.0,2,1.0,1.0,1.0,1.0
8459,112.0,283.0,1.0,58.0,0.0,40.0,0.0,11.0,11.0,3.0,3.0,2.0,2.0,7,1.0,0.0,0.0,0.0
1454,1.0,180.0,1.0,111113.0,0.0,0.0,0.0,8.0,7.0,2.0,2.0,1.0,1.0,2,1.0,1.0,1.0,1.0
1004,3.0,250.0,1.0,15.0,0.0,0.0,0.0,14.0,14.0,2.0,2.0,1.0,1.0,2,1.0,2.0,3.0,1.0
7451,87.0,421.0,2.0,607.0,29.0,0.0,1.0,73.0,73.0,67.0,67.0,0.0,0.0,7,2.0,0.0,0.0,0.0
8608,226.0,305.0,4.0,723.0,6.0,30.0,1.0,121.0,121.0,74.0,74.0,2.0,2.0,7,4.0,0.0,0.0,0.0
3223,8.0,180.0,1.0,10.0,0.0,0.0,0.0,40.0,40.0,8.0,8.0,2.0,2.0,7,2.0,1.0,1.0,2.0
9984,77.0,316.0,1.0,16.0,16.0,-1.0,2.0,9.0,9.0,3.0,3.0,1.0,1.0,2,1.0,1.0,1.0,1.0
8821,151.0,227.0,13.0,105.0,0.0,0.0,1.0,104.0,104.0,23.0,23.0,1.0,1.0,2,13.0,0.0,0.0,1.0
8831,16.0,249.0,2.0,40.0,0.0,0.0,1.0,39.0,39.0,10.0,10.0,2.0,2.0,7,2.0,0.0,0.0,0.0
9081,23.0,298.0,1.0,13.0,0.0,1.0,0.0,6.0,6.0,2.0,2.0,1.0,1.0,2,1.0,0.0,0.0,0.0
718,8.0,180.0,1.0,11.0,0.0,0.0,0.0,21.0,21.0,10.0,10.0,1.0,1.0,2,2.0,0.0,0.0,0.0
10649,84.0,262.7376521911336,1.0,21.0,0.0,1.0,0.0,6.0,6.0,2.0,2.0,1.0,1.0,2,1.0,0.0,0.0,0.0
8900,11.0,229.0,6.0,31.0,0.0,0.0,1.0,30.0,30.0,8.0,8.0,1.0,1.0,2,6.0,0.0,0.0,0.0
1813,2.0,180.0,1.0,7.0,0.0,0.0,0.0,72.0,72.0,55.0,55.0,1.0,1.0,2,1.0,5.0,6.0,0.0
3491,8.0,180.0,2.0,13.0,0.0,0.0,0.0,8.0,7.0,2.0,2.0,1.0,1.0,2,1.0,2.0,1.0,1.0
6693,77.0,262.0,1.0,21.0,0.0,1.0,0.0,114.0,114.0,23.0,23.0,2.0,2.0,7,1.0,0.0,0.0,0.0
558,5.0,180.0,1.0,8.0,0.0,0.0,0.0,19.0,19.0,9.0,9.0,1.0,1.0,2,1.0,0.0,0.0,0.0
10133,79.78057965858925,357.1245766264774,2.0,423.18742943774623,30.09371471887312,0.0,1.0,55.343996967888174,55.343996967888174,49.343996967888174,49.343996967888174,0.0,0.0,10,2.0,0.0,0.0,0.0
6055,49.0,279.0,4.0,43.0,0.0,4.0,1.0,38.0,38.0,15.0,15.0,1.0,1.0,2,4.0,0.0,0.0,0.0
1050,17.0,180.0,1.0,10.0,0.0,0.0,0.0,15.0,15.0,2.0,2.0,1.0,1.0,2,1.0,2.0,3.0,1.0
1176,14.0,256.0,1.0,16.0,0.0,0.0,0.0,16.0,16.0,1.0,1.0,1.0,1.0,2,1.0,1.0,2.0,1.0
10648,96.61581676065931,378.23163352131866,2.0,816.0866465486082,14.0,0.0,1.0,61.97363873223447,61.97363873223447,55.97363873223447,55.97363873223447,0.0,0.0,10,2.0,0.0,0.0,0.0
8906,11.0,252.0,3.0,20.0,0.0,0.0,1.0,19.0,19.0,4.0,4.0,2.0,2.0,7,3.0,0.0,0.0,0.0
2915,75.0,349.0,1.0,16.0,16.0,-1.0,2.0,8.0,8.0,2.0,2.0,1.0,1.0,2,1.0,1.0,1.0,1.0
3830,-1.0,-1.0,-1.0,-1.0,-1.0,-1.0,2.0,4.0,4.0,1.0,1.0,1.0,1.0,2,1.0,1.0,1.0,1.0
9956,345.0,371.0,1.0,60.0,59.0,1.0,1.0,9.0,9.0,3.0,3.0,1.0,1.0,2,1.0,1.0,1.0,1.0
4071,8.0,255.0,1.0,10.0,13.0,0.0,0.0,-1.0,-1.0,-1.0,-1.0,-1.0,-1.0,0,-1.0,-1.0,-1.0,-1.0
9387,25.0,226.0,2.0,56.0,0.0,14.0,1.0,114.0,114.0,79.0,79.0,2.0,2.0,7,4.0,0.0,0.0,0.0
4188,7.0,180.0,1.0,11.0,0.0,0.0,0.0,19.0,19.0,1.0,1.0,1.0,1.0,2,15.0,1.0,1.0,1.0
9760,14.0,252.0,6.0,32.0,0.0,0.0,1.0,35.0,35.0,11.0,11.0,2.0,2.0,7,7.0,0.0,0.0,0.0
9822,35.0,294.0,4.0,196.0,0.0,0.0,1.0,39.0,39.0,14.0,14.0,2.0,2.0,7,5.0,0.0,0.0,0.0
7187,60.0,226.0,3.0,230.0,0.0,0.0,1.0,107.0,107.0,70.0,70.0,2.0,2.0,7,2.0,0.0,0.0,0.0
4872,78.0,324.0,1.0,16.0,16.0,-1.0,2.0,-1.0,0.0,1.0,1.0,0.0,2.0,2,0.0,0.0,0.0,0.0
11106,53.04922142307299,380.57642739103284,2.0,94.92616786539051,26.024610711536496,0.0,1.0,105.67487023717884,105.67487023717884,33.024610711536496,33.024610711536496,2.0,2.0,2,2.0,2.0,3.0,0.0
6646,86.0,262.0,1.0,21.0,0.0,1.0,0.0,128.0,128.0,21.0,21.0,2.0,2.0,7,1.0,0.0,0.0,0.0
3632,5.0,218.0,1.0,10.0,0.0,0.0,0.0,4.0,4.0,1.0,1.0,1.0,1.0,2,0.0,1.0,1.0,1.0
4611,4.0,326.0,2.0,13.0,16.0,0.0,1.0,15.0,15.0,2.0,2.0,1.0,1.0,2,1.0,1.0,2.0,0.0
6612,68.0,262.0,1.0,21.0,0.0,1.0,0.0,6.0,6.0,2.0,2.0,1.0,1.0,2,1.0,0.0,0.0,0.0
2019,29.0,310.0,1.0,18.0,22.0,0.0,0.0,8.0,8.0,2.0,2.0,1.0,1.0,2,1.0,1.0,1.0,1.0
9285,29.0,295.0,1.0,22.0,12.0,0.0,1.0,33.0,33.0,12.0,12.0,2.0,2.0,7,1.0,0.0,0.0,0.0
3067,29.0,310.0,1.0,18.0,22.0,0.0,0.0,9.0,9.0,3.0,3.0,1.0,1.0,2,1.0,1.0,1.0,1.0
3972,9.0,180.0,1.0,9.0,0.0,0.0,0.0,0.0,1.0,1.0,0.0,1.0,1.0,2,0.0,0.0,0.0,0.0
5401,58.0,320.0,16.0,70.0,37.0,0.0,1.0,69.0,69.0,18.0,18.0,2.0,2.0,7,16.0,0.0,0.0,0.0
3376,31.0,255.0,1.0,10.0,6.0,0.0,0.0,9.0,9.0,2.0,2.0,1.0,1.0,2,0.0,0.0,0.0,0.0
665,15.0,256.0,1.0,16.0,0.0,0.0,0.0,20.0,20.0,6.0,6.0,1.0,1.0,2,5.0,1.0,2.0,1.0
2253,9.0,180.0,1.0,9.0,0.0,0.0,0.0,9.0,9.0,1.0,1.0,1.0,1.0,2,1.0,1.0,2.0,1.0
2656,6.0,218.0,1.0,10.0,0.0,0.0,0.0,8.0,8.0,2.0,2.0,1.0,1.0,2,1.0,1.0,1.0,1.0
10670,300.17192131589684,409.7274524629092,1.5959573770011213,2517.242557379933,17.91914754002243,0.4040426229988786,1.0,27.09084917903028,27.09084917903028,11.93936065501682,11.93936065501682,0.8080852459977572,0.8080852459977572,8,0.4040426229988786,0.5959573770011214,1.1919147540022428,0.0
2149,127.0,180.0,1.0,8.0,0.0,0.0,0.0,7.0,7.0,1.0,1.0,1.0,1.0,2,1.0,0.0,0.0,0.0
3059,78.0,350.0,1.0,16.0,16.0,-1.0,2.0,9.0,9.0,3.0,3.0,1.0,1.0,2,1.0,1.0,1.0,1.0
7508,86.0,382.0,2.0,329.0,24.0,1.0,1.0,122.0,122.0,51.0,51.0,2.0,2.0,7,2.0,0.0,0.0,0.0
1534,15.0,224.0,0.0,20.0,7.0,0.0,0.0,35.0,35.0,1.0,1.0,1.0,1.0,2,31.0,1.0,1.0,1.0
803,8.0,180.0,1.0,11.0,0.0,0.0,0.0,26.0,25.0,3.0,3.0,1.0,1.0,2,1.0,1.0,2.0,1.0
8548,130.0,305.0,2.0,507.0,6.0,27.0,1.0,121.0,121.0,78.0,78.0,2.0,2.0,7,6.0,0.0,0.0,0.0
6696,90.0,283.0,1.0,38.0,0.0,20.0,0.0,11.0,11.0,3.0,3.0,2.0,2.0,7,1.0,0.0,0.0,0.0
10717,47.41683495138719,257.5831650486128,3.0,29.71805227777673,0.0,1.9807303958337257,0.33975653472209144,39.019269604166276,39.019269604166276,12.698782673610458,12.698782673610458,2.0,2.0,7,3.679513069444183,0.0,0.0,0.6602434652779086
413,3.0,180.0,1.0,10.0,0.0,0.0,0.0,10.0,10.0,2.0,2.0,1.0,1.0,2,1.0,1.0,2.0,0.0
2930,12.0,180.0,1.0,77.0,0.0,0.0,0.0,8.0,8.0,2.0,2.0,1.0,1.0,2,1.0,2.0,1.0,1.0
7989,85.0,368.0,3.0,592.0,14.0,0.0,1.0,45.0,45.0,42.0,42.0,0.0,0.0,7,1.0,0.0,0.0,0.0
10145,80.5952752933337,262.0,1.0,21.0,0.0,1.0,0.0,31.0,31.0,19.0,19.0,2.0,2.0,7,1.0,0.0,0.0,0.0
5929,76.0,262.0,1.0,21.0,0.0,1.0,0.0,6.0,6.0,2.0,2.0,1.0,1.0,2,1.0,0.0,0.0,0.0
5368,-1.0,-1.0,-1.0,-1.0,-1.0,-1.0,2.0,14.0,14.0,4.0,4.0,1.0,1.0,2,3.0,2.0,2.0,0.0
4771,4.0,180.0,1.0,14.0,0.0,0.0,0.0,22.0,22.0,5.0,5.0,0.0,0.0,2,1.0,0.0,0.0,0.0
4084,9.0,180.0,1.0,9.0,0.0,0.0,0.0,-1.0,0.0,0.0,1.0,0.0,1.0,2,0.0,0.0,0.0,0.0
9521,35.0,288.0,13.0,180.0,0.0,0.0,1.0,226.0,226.0,69.0,69.0,2.0,2.0,7,65.0,0.0,0.0,0.0
6720,91.0,283.0,1.0,32.0,0.0,14.0,0.0,6.0,6.0,2.0,2.0,1.0,1.0,2,1.0,0.0,0.0,0.0
10245,30.242446633339085,298.0,1.0,12.0,0.0,1.0,0.0,26.0,26.0,14.0,14.0,2.0,2.0,7,1.0,0.0,0.0,0.0
9130,30.0,260.0,1.0,12.0,0.0,1.0,0.0,31.0,31.0,28.0,28.0,0.0,0.0,7,1.0,0.0,0.0,0.0
60,9.0,180.0,1.0,9.0,0.0,0.0,0.0,15.0,15.0,2.0,2.0,1.0,1.0,2,1.0,2.0,3.0,1.0
9528,11.0,290.0,1.0,19.0,2.0,0.0,1.0,26.0,26.0,7.0,7.0,2.0,2.0,7,4.0,0.0,0.0,0.0
557,4.0,180.0,1.0,14.0,0.0,0.0,0.0,15.0,15.0,2.0,2.0,1.0,1.0,2,1.0,1.0,2.0,0.0
2455,8.0,180.0,1.0,11.0,0.0,0.0,0.0,68.0,68.0,17.0,17.0,7.0,7.0,16,5.0,4.0,6.0,0.0
9968,74.0,356.0,1.0,16.0,13.0,-1.0,2.0,8.0,8.0,2.0,2.0,1.0,1.0,2,1.0,1.0,1.0,1.0
5729,75.0,334.0,7.0,59.0,8.0,0.0,1.0,58.0,58.0,14.0,14.0,1.0,1.0,2,7.0,0.0,0.0,0.0
651,5.0,243.0,1.0,16.0,0.0,0.0,0.0,21.0,21.0,10.0,10.0,1.0,1.0,2,2.0,0.0,0.0,0.0
7910,64.0,405.0,1.0,454.0,27.0,0.0,1.0,58.0,58.0,53.0,53.0,0.0,0.0,10,1.0,0.0,0.0,0.0
9957,74.0,359.0,1.0,16.0,16.0,-1.0,2.0,59.0,59.0,16.0,16.0,1.0,1.0,2,1.0,0.0,0.0,0.0
2820,9.0,180.0,1.0,9.0,0.0,0.0,0.0,35.0,35.0,1.0,1.0,1.0,1.0,2,31.0,1.0,1.0,1.0
6187,75.0,262.0,1.0,21.0,0.0,1.0,0.0,32.0,32.0,20.0,20.0,2.0,2.0,7,1.0,0.0,0.0,0.0
2348,9.0,180.0,1.0,9.0,0.0,0.0,0.0,95.0,95.0,52.0,52.0,1.0,1.0,2,1.0,4.0,5.0,0.0
6002,70.0,262.0,1.0,21.0,0.0,1.0,0.0,6.0,6.0,2.0,2.0,1.0,1.0,2,1.0,0.0,0.0,0.0
6875,86.0,283.0,1.0,26.0,0.0,8.0,0.0,33.0,33.0,21.0,21.0,2.0,2.0,7,1.0,0.0,0.0,0.0
3312,48.0,180.0,2.0,14.0,0.0,0.0,0.0,9.0,9.0,3.0,3.0,1.0,1.0,2,1.0,1.0,1.0,1.0
2985,35.0,238.0,1.0,13.0,0.0,1.0,0.0,4.0,4.0,1.0,1.0,0.0,1.0,1,1.0,1.0,1.0,1.0
4895,76.0,368.0,1.0,16.0,16.0,-1.0,2.0,-1.0,-1.0,-1.0,-1.0,-1.0,-1.0,0,-1.0,-1.0,-1.0,-1.0
118,78.0,367.0,1.0,16.0,16.0,-1.0,2.0,17.0,17.0,3.0,3.0,1.0,1.0,2,7.0,1.0,1.0,1.0
305,10.0,258.0,1.0,31.0,0.0,0.0,0.0,19.0,19.0,9.0,9.0,1.0,1.0,2,1.0,0.0,0.0,0.0
2605,33.0,180.0,1.0,16.0,0.0,0.0,0.0,9.0,9.0,3.0,3.0,1.0,1.0,2,1.0,1.0,1.0,1.0
6368,82.0,262.0,1.0,21.0,0.0,1.0,0.0,27.0,27.0,15.0,15.0,2.0,2.0,7,1.0,0.0,0.0,0.0
7541,85.0,349.0,1.0,218.0,25.0,0.0,1.0,117.0,117.0,5.0,5.0,3.0,3.0,10,2.0,0.0,0.0,2.0
1975,14.0,224.0,0.0,20.0,7.0,0.0,0.0,6.0,6.0,1.0,1.0,1.0,1.0,2,1.0,1.0,1.0,1.0
5614,56.0,307.0,5.0,53.0,8.0,0.0,1.0,52.0,52.0,17.0,17.0,2.0,2.0,7,5.0,0.0,0.0,0.0
10804,60.1498641776362,381.568392189691,11.429972835527241,83.14332427850908,13.0,0.0,1.0,82.42833786074546,82.42833786074546,30.28501358223638,30.28501358223638,2.4283378607454598,2.4283378607454598,8,11.429972835527241,0.0,0.0,0.0
2377,94.0,180.0,1.0,9.0,0.0,0.0,0.0,9.0,9.0,2.0,2.0,0.0,1.0,2,0.0,1.0,2.0,0.0
5589,38.0,351.0,4.0,154.0,48.0,0.0,1.0,153.0,153.0,19.0,19.0,2.0,2.0,7,4.0,0.0,0.0,1.0
6324,355.0,458.0,1.0,2553.0,6.0,1.0,1.0,11.0,11.0,3.0,3.0,2.0,2.0,7,1.0,0.0,0.0,0.0
7943,86.0,368.0,2.0,781.0,14.0,0.0,1.0,60.0,60.0,54.0,54.0,0.0,0.0,10,2.0,0.0,0.0,0.0
9230,25.0,298.0,1.0,12.0,0.0,1.0,0.0,32.0,32.0,20.0,20.0,2.0,2.0,7,1.0,0.0,0.0,0.0
8855,178.0,304.0,8.0,137.0,0.0,0.0,1.0,130.0,130.0,22.0,22.0,2.0,2.0,7,8.0,0.0,0.0,0.0
10346,102.68427037867423,283.0,1.0,25.052621603554297,0.0,7.052621603554296,0.0,27.052621603554297,27.052621603554297,15.052621603554295,15.052621603554295,2.0,2.0,7,1.0,0.0,0.0,0.0
544,7.0,293.0,1.0,16.0,2.0,-1.0,2.0,19.0,19.0,9.0,9.0,1.0,1.0,2,1.0,0.0,0.0,0.0
2025,19.0,180.0,1.0,10.0,0.0,0.0,0.0,8.0,8.0,2.0,2.0,1.0,1.0,2,1.0,1.0,1.0,1.0
7745,93.0,406.0,3.0,559.0,29.0,0.0,1.0,94.0,94.0,88.0,88.0,0.0,0.0,10,2.0,0.0,0.0,0.0
2573,13.0,409.0,6.0,23.0,15.0,0.0,1.0,7.0,6.0,2.0,2.0,1.0,1.0,2,1.0,1.0,1.0,1.0
4436,4.0,502.0,2.0,14.0,13.0,0.0,1.0,-1.0,-1.0,-1.0,-1.0,-1.0,-1.0,0,-1.0,-1.0,-1.0,-1.0
3397,2.0,256.0,1.0,15.0,0.0,0.0,0.0,9.0,9.0,2.0,2.0,1.0,1.0,2,1.0,1.0,1.0,1.0
7632,32.0,342.0,2.0,40.0,19.0,0.0,1.0,50.0,50.0,45.0,45.0,0.0,0.0,10,1.0,0.0,0.0,0.0
10302,87.46603240000805,423.2940601714435,2.8793348761908595,274.7586697523817,25.085986114282264,0.0,1.0,65.6033256190457,65.6033256190457,58.723990742854845,58.723990742854845,0.0,0.0,10,2.8793348761908595,0.0,0.0,0.0
5231,12.0,180.0,1.0,77.0,0.0,0.0,0.0,14.0,14.0,2.0,2.0,1.0,1.0,2,1.0,2.0,3.0,1.0
2079,2.0,180.0,1.0,111612.0,0.0,0.0,0.0,95.0,95.0,52.0,52.0,1.0,1.0,2,1.0,4.0,5.0,0.0
1483,2.0,222.0,1.0,15.0,0.0,0.0,0.0,8.0,8.0,2.0,2.0,1.0,1.0,2,1.0,1.0,1.0,1.0
5795,51.0,334.0,2.0,32.0,8.0,0.0,1.0,31.0,31.0,9.0,9.0,1.0,1.0,2,2.0,0.0,0.0,0.0
5921,96.0,301.0,25.0,527.0,8.0,0.0,1.0,105.0,105.0,34.0,34.0,2.0,2.0,7,25.0,0.0,0.0,0.0
2550,296.0,180.0,1.0,6.0,0.0,0.0,0.0,9.0,9.0,1.0,1.0,1.0,1.0,2,1.0,1.0,2.0,1.0
7768,314.0,409.0,2.0,494.0,24.0,1.0,1.0,397.0,397.0,33.0,33.0,2.0,2.0,7,2.0,1.0,2.0,1.0
7390,365.0,392.0,2.0,2852.0,29.0,0.0,1.0,76.0,76.0,71.0,71.0,0.0,0.0,10,1.0,0.0,0.0,0.0
5140,630.0,256.0,36.0,196.0,0.0,0.0,1.0,-1.0,-1.0,-1.0,-1.0,-1.0,-1.0,0,-1.0,-1.0,-1.0,-1.0
6150,81.0,262.0,1.0,21.0,0.0,1.0,0.0,26.0,26.0,14.0,14.0,2.0,2.0,7,1.0,0.0,0.0,0.0
2903,8.0,180.0,1.0,10.0,0.0,0.0,0.0,5.0,5.0,0.0,0.0,1.0,1.0,2,1.0,0.0,0.0,1.0
2640,10.0,180.0,15.0,45.0,0.0,0.0,0.0,6.0,5.0,2.0,1.0,0.0,0.0,1,0.0,0.0,1.0,0.0
5910,36.0,319.0,2.0,22.0,28.0,0.0,1.0,21.0,21.0,6.0,6.0,2.0,2.0,7,2.0,0.0,0.0,0.0
5002,4.0,215.0,1.0,10.0,0.0,0.0,0.0,-1.0,-1.0,-1.0,-1.0,-1.0,-1.0,0,-1.0,-1.0,-1.0,-1.0
5063,315.0,280.0,1.0,34.0,0.0,0.0,1.0,-1.0,-1.0,-1.0,-1.0,-1.0,-1.0,0,-1.0,-1.0,-1.0,-1.0
11014,23.74435823389751,298.0,1.0,12.607948823728927,0.0,1.0,0.0,126.35230705762643,126.35230705762643,21.392051176271075,21.392051176271075,2.0,2.0,7,1.0,0.0,0.0,0.0
7163,92.0,302.0,14.0,124.0,17.0,0.0,1.0,91.0,91.0,30.0,30.0,15.0,15.0,6,15.0,0.0,0.0,0.0
1837,14.0,394.0,6.0,23.0,12.0,0.0,1.0,9.0,9.0,3.0,3.0,1.0,1.0,2,1.0,1.0,1.0,1.0
8027,94.0,359.0,2.0,710.0,13.0,0.0,1.0,65.0,65.0,58.0,58.0,0.0,0.0,12,3.0,0.0,0.0,0.0
2586,9.0,180.0,1.0,9.0,0.0,0.0,0.0,8.0,8.0,1.0,2.0,1.0,1.0,2,1.0,1.0,1.0,1.0
4510,8.0,180.0,1.0,11.0,0.0,0.0,0.0,-1.0,0.0,1.0,1.0,0.0,1.0,2,0.0,0.0,0.0,0.0
4883,55.0,180.0,1.0,7.0,0.0,0.0,0.0,14.0,14.0,2.0,2.0,1.0,1.0,2,1.0,2.0,3.0,1.0
5342,-1.0,-1.0,-1.0,-1.0,-1.0,-1.0,2.0,13.0,13.0,4.0,4.0,1.0,1.0,2,1.0,2.0,3.0,1.0
8830,18.0,196.0,2.0,35.0,0.0,0.0,1.0,34.0,34.0,10.0,10.0,2.0,2.0,7,2.0,0.0,0.0,0.0
8463,169.0,282.0,6.0,63.0,0.0,6.0,1.0,70.0,70.0,19.0,19.0,2.0,2.0,7,5.0,0.0,0.0,0.0
1573,13.0,180.0,1.0,348.0,0.0,0.0,0.0,8.0,8.0,2.0,2.0,1.0,1.0,2,1.0,1.0,1.0,1.0
4702,83.0,256.0,1.0,22.0,0.0,1.0,0.0,19.0,19.0,9.0,9.0,1.0,1.0,2,1.0,0.0,0.0,0.0
7749,80.0,412.0,2.0,622.0,30.0,0.0,1.0,66.0,66.0,60.0,60.0,0.0,0.0,12,1.0,0.0,0.0,0.0
9442,144.0,250.0,18.0,236.0,0.0,0.0,1.0,329.0,329.0,39.0,39.0,1.0,1.0,2,38.0,0.0,0.0,0.0
6043,69.0,283.0,1.0,23.0,0.0,5.0,0.0,22.0,22.0,10.0,10.0,2.0,2.0,7,1.0,0.0,0.0,0.0
7599,83.0,414.0,6.0,650.0,29.0,0.0,1.0,108.0,108.0,97.0,97.0,0.0,0.0,10,7.0,0.0,0.0,0.0
2878,55.0,273.0,2.0,25.0,0.0,1.0,0.0,4.0,4.0,1.0,1.0,0.0,1.0,1,1.0,1.0,1.0,1.0
6577,96.0,455.0,1.0,105.0,16.0,1.0,1.0,11.0,11.0,3.0,3.0,2.0,2.0,7,1.0,0.0,0.0,0.0
11034,84.98842811356623,364.6864629278803,1.5858078659850423,427.48515280408975,33.48515280408975,0.0,1.0,50.65676853605983,50.65676853605983,44.65676853605983,44.65676853605983,0.0,0.0,10,2.0,0.0,0.0,0.0
2351,5.0,180.0,1.0,895.0,0.0,0.0,0.0,9.0,9.0,2.0,2.0,0.0,1.0,1,1.0,1.0,2.0,0.0
1655,3.0,250.0,1.0,15.0,0.0,0.0,0.0,9.0,9.0,2.0,2.0,0.0,1.0,2,0.0,1.0,2.0,0.0
3925,-1.0,-1.0,-1.0,-1.0,-1.0,-1.0,2.0,55.0,55.0,8.0,8.0,2.0,2.0,7,2.0,0.0,0.0,0.0
11002,93.85669257746629,283.0,1.0,37.0,0.0,19.0,0.0,6.0,6.0,2.0,2.0,1.0,1.0,2,1.0,0.0,0.0,0.0
1882,17.0,253.0,1.0,10.0,9.0,0.0,0.0,9.0,9.0,3.0,3.0,1.0,1.0,2,1.0,1.0,1.0,1.0
3471,4.0,496.0,2.0,14.0,14.0,0.0,1.0,9.0,9.0,3.0,3.0,1.0,1.0,2,1.0,1.0,1.0,1.0
4067,9.0,180.0,1.0,9.0,0.0,0.0,0.0,25.0,25.0,6.0,6.0,1.0,1.0,2,1.0,0.0,0.0,0.0
1131,18.0,180.0,1.0,10.0,0.0,0.0,0.0,10.0,10.0,3.0,3.0,1.0,1.0,2,1.0,1.0,1.0,1.0
5283,14.0,256.0,1.0,16.0,0.0,0.0,0.0,10.0,9.0,2.0,2.0,0.0,0.0,1,1.0,2.0,3.0,0.0
4579,453.0,275.0,1.0,45.0,3.0,1.0,0.0,-1.0,-1.0,-1.0,-1.0,-1.0,-1.0,0,-1.0,-1.0,-1.0,-1.0
3597,563.0,180.0,51.0,128.0,0.0,21.0,1.0,8.0,8.0,2.0,2.0,1.0,1.0,2,1.0,1.0,1.0,1.0
2720,15.0,224.0,0.0,20.0,7.0,0.0,0.0,59.0,59.0,40.0,40.0,1.0,1.0,13,3.0,0.0,0.0,0.0
1296,390.0,180.0,1.0,9.0,0.0,0.0,0.0,11.0,11.0,2.0,2.0,1.0,1.0,2,2.0,1.0,2.0,0.0
1649,20.0,180.0,1.0,10.0,0.0,0.0,0.0,8.0,8.0,2.0,2.0,1.0,1.0,2,1.0,1.0,1.0,1.0
4266,5.0,180.0,1.0,5.0,0.0,0.0,0.0,-1.0,-1.0,-1.0,-1.0,-1.0,-1.0,0,-1.0,-1.0,-1.0,-1.0
10732,38.101962841788605,295.35686994626013,11.525490710447151,192.32156502686993,7.35686994626011,0.0,1.0,52.21960218508134,52.21960218508134,17.050981420894303,17.050981420894303,2.0,2.0,7,12.576472131341452,0.0,0.0,0.0
9635,153.0,280.0,4.0,211.0,0.0,10.0,1.0,114.0,114.0,9.0,9.0,2.0,2.0,7,2.0,0.0,0.0,0.0
1637,11.0,180.0,1.0,9.0,0.0,0.0,0.0,9.0,9.0,2.0,2.0,0.0,1.0,2,0.0,1.0,2.0,0.0
4038,9.0,180.0,1.0,9.0,0.0,0.0,0.0,3.0,3.0,3.0,3.0,0.0,0.0,2,0.0,0.0,0.0,0.0
7670,86.0,374.0,2.0,476.0,30.0,0.0,1.0,122.0,122.0,115.0,115.0,0.0,0.0,10,3.0,0.0,0.0,0.0
5832,62.0,298.0,26.0,73.0,11.0,0.0,1.0,72.0,72.0,28.0,28.0,2.0,2.0,7,26.0,0.0,0.0,0.0
6446,90.0,283.0,1.0,28.0,0.0,10.0,0.0,33.0,33.0,21.0,21.0,2.0,2.0,7,1.0,0.0,0.0,0.0
9460,243.0,290.0,39.0,3033.0,0.0,0.0,1.0,29.0,29.0,6.0,6.0,2.0,2.0,2,1.0,0.0,0.0,0.0
4195,6.0,256.0,2.0,19.0,0.0,0.0,0.0,10.0,10.0,3.0,3.0,1.0,1.0,2,1.0,1.0,1.0,1.0
382,77.0,376.0,1.0,16.0,16.0,-1.0,2.0,14.0,14.0,2.0,2.0,1.0,1.0,2,1.0,2.0,3.0,1.0
8250,1.0,358.0,1.0,7.0,21.0,0.0,0.0,6.0,6.0,1.0,1.0,1.0,1.0,2,1.0,0.0,0.0,0.0
9384,124.0,294.0,1.0,101.0,1.0,1.0,1.0,104.0,104.0,68.0,68.0,2.0,2.0,7,4.0,0.0,0.0,0.0
3554,20.0,180.0,1.0,7.0,0.0,0.0,0.0,8.0,8.0,2.0,2.0,1.0,1.0,2,1.0,1.0,1.0,1.0
10589,30.552845981587595,298.0,1.0,12.0,0.0,1.0,0.0,108.63704958589545,108.63704958589545,18.79326371165537,18.79326371165537,2.7932637116553707,2.7932637116553707,8,1.3966318558276853,0.0,0.0,0.0
2249,7.0,212.0,1.0,9.0,3.0,0.0,0.0,8.0,8.0,2.0,2.0,1.0,1.0,2,1.0,1.0,2.0,0.0
3595,2.0,180.0,1.0,6.0,0.0,0.0,0.0,8.0,8.0,2.0,2.0,1.0,1.0,2,1.0,1.0,1.0,1.0
200,15.0,180.0,1.0,10.0,0.0,0.0,0.0,13.0,13.0,2.0,2.0,1.0,1.0,2,1.0,2.0,3.0,1.0
5890,309.0,355.0,10.0,1523.0,56.0,0.0,1.0,1522.0,1522.0,21.0,21.0,2.0,2.0,7,10.0,0.0,0.0,1.0
2353,8.0,180.0,1.0,9.0,0.0,0.0,0.0,9.0,9.0,2.0,2.0,0.0,1.0,2,0.0,1.0,2.0,0.0
7065,34.0,298.0,1.0,12.0,0.0,1.0,0.0,44.0,44.0,32.0,32.0,2.0,2.0,7,1.0,0.0,0.0,0.0
7417,75.0,342.0,6.0,560.0,16.0,0.0,1.0,86.0,86.0,68.0,68.0,0.0,0.0,7,0.0,0.0,0.0,0.0
3169,20.0,180.0,1.0,10.0,0.0,0.0,0.0,9.0,9.0,3.0,3.0,1.0,1.0,2,1.0,1.0,1.0,1.0
4485,77.0,325.0,1.0,16.0,16.0,-1.0,2.0,-1.0,-1.0,-1.0,-1.0,-1.0,-1.0,0,-1.0,-1.0,-1.0,-1.0
8001,80.0,381.0,2.0,371.0,30.0,0.0,1.0,171.0,171.0,150.0,150.0,0.0,0.0,14,10.0,0.0,0.0,0.0
3475,211.0,268.0,1.0,63.0,0.0,2.0,1.0,8.0,8.0,2.0,2.0,1.0,1.0,2,1.0,1.0,1.0,1.0
4968,7.0,180.0,1.0,18.0,0.0,0.0,0.0,-1.0,-1.0,-1.0,-1.0,-1.0,-1.0,0,-1.0,-1.0,-1.0,-1.0
9895,76.0,355.0,1.0,16.0,16.0,-1.0,2.0,4.0,4.0,1.0,1.0,1.0,1.0,2,1.0,1.0,1.0,1.0
6682,68.0,262.0,1.0,21.0,0.0,1.0,0.0,33.0,33.0,30.0,30.0,0.0,0.0,7,1.0,0.0,0.0,0.0
9241,19.0,260.0,1.0,12.0,0.0,1.0,0.0,29.0,29.0,4.0,4.0,1.0,1.0,2,1.0,0.0,0.0,0.0
4253,77.0,366.0,1.0,16.0,16.0,-1.0,2.0,-1.0,-1.0,-1.0,-1.0,-1.0,-1.0,0,-1.0,-1.0,-1.0,-1.0
5362,-1.0,-1.0,-1.0,-1.0,-1.0,-1.0,2.0,16.0,16.0,2.0,2.0,1.0,1.0,2,1.0,3.0,4.0,1.0
8614,190.0,342.0,3.0,135.0,48.0,72.0,1.0,99.0,99.0,94.0,94.0,0.0,0.0,7,3.0,0.0,0.0,0.0
2181,15.0,224.0,0.0,20.0,7.0,0.0,0.0,8.0,7.0,2.0,1.0,0.0,0.0,1,1.0,1.0,1.0,1.0
6057,61.0,291.0,1.0,71.0,0.0,0.0,1.0,28.0,28.0,25.0,25.0,0.0,0.0,7,1.0,0.0,0.0,0.0
2188,12.0,292.0,1.0,16.0,2.0,-1.0,2.0,9.0,9.0,1.0,1.0,1.0,1.0,2,1.0,1.0,2.0,1.0
512,3.0,180.0,1.0,8.0,0.0,0.0,0.0,10.0,10.0,3.0,3.0,1.0,1.0,2,1.0,1.0,1.0,1.0
2794,12.0,180.0,1.0,9.0,0.0,0.0,0.0,74.0,74.0,19.0,19.0,2.0,2.0,7,2.0,1.0,1.0,1.0
4962,7.0,180.0,2.0,9.0,0.0,0.0,0.0,14.0,14.0,2.0,2.0,1.0,1.0,2,1.0,2.0,3.0,1.0
1447,3.0,180.0,1.0,7.0,0.0,0.0,0.0,8.0,8.0,2.0,2.0,1.0,1.0,2,1.0,1.0,1.0,1.0
5830,79.0,273.0,4.0,82.0,0.0,0.0,1.0,43.0,43.0,37.0,37.0,0.0,0.0,7,4.0,0.0,0.0,0.0
8937,19.0,283.0,1.0,10.0,0.0,1.0,0.0,9.0,9.0,4.0,4.0,1.0,1.0,2,1.0,0.0,0.0,0.0
5746,48.0,349.0,1.0,39.0,39.0,0.0,1.0,38.0,38.0,16.0,16.0,2.0,2.0,7,1.0,0.0,0.0,0.0
10842,78.85535211645623,389.29556335949076,14.364753505061035,346.0,28.786161970885942,0.0,1.0,63.93707744683292,63.93707744683292,28.84908452405302,28.84908452405302,1.5723239417718866,1.5723239417718866,7,14.578591534175093,0.0,0.0,0.0
9026,28.0,298.0,1.0,12.0,0.0,1.0,0.0,44.0,44.0,32.0,32.0,2.0,2.0,7,1.0,0.0,0.0,0.0
4592,78.0,180.0,1.0,11.0,0.0,0.0,0.0,10.0,10.0,3.0,3.0,1.0,1.0,2,1.0,1.0,1.0,1.0
7423,77.0,332.0,6.0,580.0,18.0,0.0,1.0,62.0,62.0,50.0,50.0,0.0,0.0,10,9.0,0.0,0.0,0.0
7130,86.0,262.0,1.0,21.0,0.0,1.0,0.0,27.0,27.0,15.0,15.0,2.0,2.0,7,1.0,0.0,0.0,0.0
7915,54.0,393.0,2.0,247.0,32.0,0.0,1.0,93.0,93.0,87.0,87.0,0.0,0.0,10,2.0,0.0,0.0,0.0
9982,37.0,338.0,1.0,200006.0,13.0,0.0,1.0,8.0,8.0,2.0,2.0,1.0,1.0,2,1.0,1.0,1.0,1.0
634,37.0,180.0,1.0,11.0,0.0,0.0,0.0,19.0,19.0,9.0,9.0,1.0,1.0,2,1.0,0.0,0.0,0.0
3552,1.0,180.0,1.0,111113.0,0.0,0.0,0.0,68.0,68.0,51.0,51.0,1.0,1.0,2,1.0,5.0,6.0,0.0
4397,409.0,269.0,1.0,44.0,0.0,1.0,1.0,11.0,11.0,2.0,2.0,1.0,1.0,2,2.0,1.0,2.0,1.0
4330,76.0,375.0,1.0,16.0,16.0,-1.0,2.0,-1.0,0.0,1.0,1.0,0.0,2.0,2,0.0,0.0,0.0,0.0
5845,377.0,309.0,56.0,274.0,10.0,0.0,1.0,224.0,223.0,59.0,59.0,2.0,2.0,7,58.0,0.0,0.0,0.0
2036,14.0,224.0,0.0,20.0,7.0,0.0,0.0,37.0,37.0,9.0,9.0,1.0,1.0,2,1.0,4.0,5.0,0.0
955,21.0,180.0,1.0,9.0,0.0,0.0,0.0,14.0,14.0,2.0,2.0,1.0,1.0,2,1.0,2.0,3.0,1.0
3680,-1.0,-1.0,-1.0,-1.0,-1.0,-1.0,2.0,6.0,6.0,1.0,1.0,1.0,1.0,2,1.0,0.0,0.0,0.0
792,6.0,300.0,1.0,15.0,0.0,0.0,0.0,14.0,14.0,2.0,2.0,1.0,1.0,2,1.0,2.0,3.0,1.0
8480,109.0,282.0,4.0,39.0,0.0,4.0,1.0,44.0,44.0,10.0,10.0,2.0,2.0,7,4.0,0.0,0.0,0.0
6005,93.0,436.0,1.0,83.0,10.0,1.0,1.0,82.0,82.0,19.0,19.0,2.0,2.0,7,1.0,0.0,0.0,0.0
1854,12.0,296.0,1.0,16.0,2.0,-1.0,2.0,8.0,8.0,2.0,2.0,1.0,1.0,2,1.0,1.0,1.0,1.0
6340,99.0,262.0,1.0,21.0,0.0,1.0,0.0,11.0,11.0,3.0,3.0,2.0,2.0,7,1.0,0.0,0.0,0.0
3006,3.0,250.0,1.0,15.0,0.0,0.0,0.0,6.0,6.0,1.0,1.0,1.0,1.0,2,0.0,1.0,1.0,1.0
7509,405.0,344.0,2.0,864.0,24.0,0.0,1.0,166.0,166.0,75.0,75.0,3.0,3.0,10,2.0,2.0,3.0,0.0
7081,90.0,265.0,1.0,21.0,0.0,1.0,0.0,6.0,6.0,2.0,2.0,1.0,1.0,2,1.0,0.0,0.0,0.0
3585,15.0,250.0,1.0,16.0,1.0,-1.0,2.0,8.0,8.0,2.0,2.0,1.0,1.0,2,1.0,1.0,1.0,1.0
7567,66.0,371.0,1.0,125.0,29.0,0.0,1.0,85.0,85.0,79.0,79.0,0.0,0.0,10,2.0,0.0,0.0,0.0
10913,85.19980626095158,442.5328166958709,1.3330104349193022,79.0,14.132235478725626,0.9333979130161396,1.0,78.0,78.0,19.666020869838604,19.666020869838604,2.0,2.0,7,1.3330104349193022,0.0,0.0,0.0
6823,75.0,262.0,1.0,21.0,0.0,1.0,0.0,81.0,81.0,21.0,21.0,1.0,1.0,2,21.0,0.0,0.0,0.0
6857,40.0,496.0,5.0,373.0,66.0,0.0,1.0,24.0,24.0,12.0,12.0,2.0,2.0,7,1.0,1.0,0.0,0.0
4109,5.0,201.0,1.0,79.0,0.0,0.0,0.0,-1.0,0.0,1.0,1.0,0.0,1.0,2,0.0,0.0,0.0,0.0
7087,92.0,265.0,1.0,21.0,0.0,1.0,0.0,9.0,9.0,4.0,4.0,1.0,1.0,2,1.0,0.0,0.0,0.0
592,41.0,180.0,1.0,9.0,0.0,0.0,0.0,15.0,15.0,2.0,2.0,1.0,1.0,2,1.0,1.0,2.0,0.0
606,15.0,180.0,1.0,10.0,0.0,0.0,0.0,15.0,15.0,7.0,7.0,1.0,1.0,2,1.0,3.0,4.0,0.0
1383,30.0,337.0,5.0,26.0,12.0,5.0,1.0,9.0,9.0,1.0,1.0,1.0,1.0,2,1.0,1.0,2.0,1.0
5486,45.0,351.0,8.0,61.0,13.0,0.0,1.0,39.0,39.0,28.0,28.0,0.0,0.0,10,8.0,0.0,0.0,0.0
219,2.0,180.0,1.0,111612.0,0.0,0.0,0.0,13.0,13.0,2.0,2.0,1.0,1.0,2,1.0,2.0,3.0,1.0
2472,94.0,180.0,1.0,9.0,0.0,0.0,0.0,9.0,9.0,2.0,2.0,0.0,1.0,1,1.0,1.0,2.0,0.0
6484,31.0,298.0,1.0,12.0,0.0,1.0,0.0,12.0,12.0,4.0,4.0,2.0,2.0,7,1.0,0.0,0.0,0.0
9315,25.0,260.0,1.0,12.0,0.0,1.0,0.0,35.0,35.0,32.0,32.0,0.0,0.0,7,1.0,0.0,0.0,0.0
9740,38.0,249.0,4.0,35.0,0.0,0.0,1.0,155.0,155.0,15.0,15.0,2.0,2.0,7,3.0,0.0,0.0,1.0
5157,32.0,377.0,3.0,72.0,52.0,0.0,1.0,-1.0,-1.0,-1.0,-1.0,-1.0,-1.0,0,-1.0,-1.0,-1.0,-1.0
7505,48.0,347.0,1.0,138.0,25.0,0.0,1.0,97.0,97.0,34.0,34.0,3.0,3.0,10,1.0,1.0,1.0,0.0
3990,9.0,258.0,1.0,31.0,0.0,0.0,0.0,-1.0,-1.0,-1.0,-1.0,-1.0,-1.0,0,-1.0,-1.0,-1.0,-1.0
8170,313.0,342.0,38.0,373.0,32.0,2.0,1.0,263.0,263.0,256.0,256.0,0.0,0.0,7,4.0,0.0,0.0,0.0
10094,118.54490692197403,288.64770445508225,37.64770445508225,799.1926113770563,1.9431133652467545,0.0,1.0,87.03292720919482,87.03292720919482,29.53393118557576,29.53393118557576,2.0,2.0,7,20.192611377056288,0.0,0.0,0.0
4364,9.0,180.0,1.0,9.0,0.0,0.0,0.0,18.0,17.0,3.0,3.0,1.0,1.0,2,1.0,2.0,3.0,0.0
3069,127.0,180.0,1.0,8.0,0.0,0.0,0.0,8.0,7.0,2.0,2.0,1.0,1.0,2,1.0,1.0,1.0,1.0
9491,22.0,287.0,3.0,128.0,1.0,0.0,1.0,32.0,32.0,14.0,14.0,2.0,2.0,7,3.0,0.0,0.0,0.0
7684,69.0,341.0,6.0,706.0,14.0,0.0,1.0,104.0,104.0,96.0,96.0,0.0,0.0,10,4.0,0.0,0.0,0.0
962,37.0,180.0,1.0,11.0,0.0,0.0,0.0,30.0,30.0,4.0,4.0,1.0,1.0,2,1.0,1.0,2.0,1.0
9661,118.0,290.0,18.0,274.0,3.0,0.0,1.0,436.0,436.0,32.0,32.0,2.0,2.0,7,25.0,0.0,0.0,1.0
7771,82.0,345.0,2.0,511.0,14.0,0.0,1.0,214.0,214.0,94.0,94.0,4.0,4.0,10,2.0,0.0,0.0,0.0
9583,14.0,229.0,8.0,34.0,0.0,0.0,1.0,43.0,43.0,24.0,24.0,4.0,4.0,10,4.0,0.0,0.0,0.0
8538,100.0,283.0,1.0,25.0,0.0,7.0,0.0,31.0,31.0,19.0,19.0,2.0,2.0,7,1.0,0.0,0.0,0.0
9337,18.0,260.0,1.0,12.0,0.0,1.0,0.0,27.0,27.0,15.0,15.0,2.0,2.0,7,1.0,0.0,0.0,0.0
5640,48.0,347.0,1.0,46.0,23.0,0.0,1.0,46.0,46.0,8.0,8.0,3.0,3.0,10,2.0,0.0,0.0,0.0
2588,84.0,180.0,2.0,24.0,0.0,-1.0,2.0,9.0,9.0,1.0,1.0,1.0,1.0,2,1.0,1.0,2.0,1.0
7854,78.0,369.0,1.0,328.0,14.0,0.0,1.0,82.0,82.0,75.0,75.0,0.0,0.0,12,3.0,0.0,0.0,0.0
6214,87.0,271.0,1.0,21.0,0.0,0.0,1.0,20.0,20.0,8.0,8.0,2.0,2.0,7,1.0,0.0,0.0,0.0
2575,8.0,180.0,1.0,10.0,0.0,0.0,0.0,8.0,7.0,2.0,2.0,1.0,1.0,2,1.0,1.0,1.0,1.0
10736,96.01181920241865,262.0,1.0,21.0,0.0,1.0,0.0,27.46062929212164,27.46062929212164,15.460629292121643,15.460629292121643,2.0,2.0,7,1.0,0.0,0.0,0.0
282,5.0,218.0,1.0,10.0,0.0,0.0,0.0,19.0,19.0,9.0,9.0,1.0,1.0,2,1.0,0.0,0.0,0.0
4371,8.0,288.0,3.0,17.0,80.0,0.0,1.0,19.0,19.0,9.0,9.0,1.0,1.0,2,1.0,0.0,0.0,0.0
8711,184.0,303.0,1.0,231.0,7.0,25.0,1.0,107.0,107.0,33.0,33.0,4.0,4.0,10,50.0,0.0,0.0,0.0
249,7.0,180.0,1.0,10.0,0.0,0.0,0.0,15.0,15.0,2.0,2.0,1.0,1.0,2,1.0,1.0,2.0,0.0
5494,79.0,314.0,3.0,134.0,16.0,0.0,1.0,51.0,51.0,21.0,21.0,2.0,2.0,7,3.0,0.0,0.0,0.0
10127,266.9876808419275,465.0391056703455,2.0,365.85217010313005,24.061595790362468,0.0,1.0,205.04712843616196,205.04712843616196,82.96304252578251,82.96304252578251,2.9876808419275065,2.9876808419275065,9,2.0,2.0,3.0,0.0
4806,76.0,337.0,1.0,16.0,16.0,-1.0,2.0,-1.0,-1.0,-1.0,-1.0,-1.0,-1.0,0,-1.0,-1.0,-1.0,-1.0
6167,96.0,460.0,1.0,197.0,29.0,1.0,1.0,132.0,132.0,26.0,26.0,2.0,2.0,7,1.0,0.0,0.0,0.0
3633,17.0,362.0,8.0,27.0,19.0,0.0,1.0,5.0,4.0,1.0,0.0,0.0,0.0,1,1.0,0.0,0.0,1.0
10608,96.09713307214817,262.0,1.0,21.0,0.0,1.0,0.0,43.300955642617275,43.300955642617275,14.009556426172757,14.009556426172757,2.0,2.0,7,2.9028669278518273,0.0,0.0,0.0
5515,54.0,321.0,2.0,50.0,48.0,0.0,1.0,49.0,49.0,9.0,9.0,2.0,2.0,7,2.0,0.0,0.0,1.0
5493,68.0,314.0,8.0,86.0,29.0,0.0,1.0,47.0,47.0,37.0,37.0,0.0,0.0,7,8.0,0.0,0.0,0.0
1916,26.0,246.0,1.0,10.0,7.0,0.0,0.0,9.0,9.0,3.0,3.0,1.0,1.0,2,1.0,1.0,1.0,1.0
10276,91.0,283.0,1.0,35.0,0.0,17.0,0.0,15.836766115405203,15.836766115405203,4.959191528851301,4.959191528851301,2.0,2.0,7,1.0,0.0,0.0,0.9591915288513008
6933,70.0,272.0,1.0,21.0,0.0,1.0,0.0,6.0,6.0,2.0,2.0,1.0,1.0,2,1.0,0.0,0.0,0.0
1002,8.0,180.0,1.0,11.0,0.0,0.0,0.0,22.0,22.0,6.0,6.0,1.0,1.0,1,3.0,2.0,1.0,2.0
7787,81.0,396.0,2.0,409.0,16.0,0.0,1.0,74.0,74.0,68.0,68.0,0.0,0.0,10,2.0,0.0,0.0,0.0
11094,33.95557737196625,297.91549883288775,2.8266535768202488,46.564461897573004,6.088845256067495,0.0,1.0,23.60888452560675,23.60888452560675,18.782230948786502,18.782230948786502,0.0,0.0,3,2.8266535768202488,0.0,0.0,0.0
10360,76.41209958483248,262.0,1.0,21.0,0.0,1.0,0.0,32.0,32.0,20.0,20.0,2.0,2.0,7,1.0,0.0,0.0,0.0
388,12.0,180.0,1.0,9.0,0.0,0.0,0.0,22.0,22.0,7.0,7.0,1.0,1.0,2,6.0,1.0,2.0,1.0
9580,14.0,229.0,3.0,18.0,0.0,0.0,1.0,38.0,38.0,11.0,11.0,2.0,2.0,7,3.0,0.0,0.0,1.0
8056,91.0,379.0,4.0,348.0,20.0,0.0,1.0,682.0,682.0,34.0,34.0,5.0,5.0,13,18.0,0.0,0.0,3.0
5397,46.0,323.0,23.0,94.0,40.0,0.0,1.0,93.0,93.0,25.0,25.0,2.0,2.0,7,23.0,0.0,0.0,0.0
7681,74.0,437.0,1.0,870.0,43.0,0.0,1.0,128.0,128.0,31.0,31.0,4.0,4.0,7,1.0,2.0,3.0,0.0
925,10.0,256.0,1.0,16.0,0.0,0.0,0.0,15.0,15.0,4.0,4.0,1.0,1.0,2,3.0,1.0,2.0,1.0
8629,159.0,298.0,12.0,719.0,10.0,5.0,1.0,16.0,16.0,5.0,5.0,2.0,2.0,7,2.0,0.0,0.0,0.0
7356,58.0,365.0,2.0,92.0,30.0,0.0,1.0,52.0,52.0,19.0,19.0,2.0,2.0,7,2.0,0.0,0.0,0.0
227,73.0,365.0,1.0,16.0,16.0,-1.0,2.0,19.0,19.0,9.0,9.0,1.0,1.0,2,1.0,0.0,0.0,0.0
6252,71.0,283.0,1.0,26.0,0.0,8.0,0.0,127.0,127.0,21.0,21.0,2.0,2.0,7,1.0,0.0,0.0,0.0
440,76.0,317.0,1.0,16.0,16.0,-1.0,2.0,13.0,13.0,2.0,2.0,1.0,1.0,2,1.0,2.0,3.0,1.0
10190,22.394750001995284,298.0,1.0,12.0,0.0,1.0,0.0,31.46491666733176,31.46491666733176,19.46491666733176,19.46491666733176,2.0,2.0,7,1.0,0.5350833326682388,0.0,0.0
604,3.0,180.0,0.0,8.0,0.0,0.0,0.0,10.0,10.0,3.0,3.0,1.0,1.0,2,1.0,1.0,1.0,1.0
3461,16.0,180.0,1.0,77.0,0.0,0.0,0.0,9.0,9.0,2.0,2.0,0.0,1.0,2,0.0,1.0,2.0,0.0
1929,12.0,290.0,1.0,16.0,2.0,-1.0,2.0,8.0,8.0,2.0,2.0,1.0,1.0,2,1.0,1.0,1.0,1.0
5312,305.0,180.0,1.0,9.0,0.0,0.0,0.0,11.0,11.0,3.0,3.0,0.0,1.0,1,1.0,3.0,4.0,0.0
2435,8.0,180.0,1.0,16.0,0.0,0.0,0.0,9.0,9.0,2.0,2.0,0.0,1.0,2,0.0,1.0,2.0,0.0
9706,67.0,229.0,30.0,104.0,0.0,0.0,1.0,52.0,52.0,14.0,14.0,1.0,1.0,2,12.0,0.0,0.0,0.0
10487,35.80362631527406,298.0,1.0,12.0,0.0,1.0,0.0,6.0,6.0,2.0,2.0,1.0,1.0,2,1.0,0.0,0.0,0.0
9566,14.0,229.0,5.0,26.0,0.0,0.0,1.0,40.0,40.0,10.0,10.0,1.0,1.0,2,10.0,0.0,0.0,0.0
4247,99.0,358.0,1.0,41.0,0.0,1.0,1.0,23.0,23.0,7.0,7.0,1.0,1.0,2,3.0,3.0,4.0,1.0
900,8.0,180.0,1.0,10.0,0.0,0.0,0.0,12.0,12.0,3.0,3.0,1.0,1.0,2,0.0,2.0,3.0,0.0
9877,46.0,335.0,2.0,19.0,15.0,2.0,1.0,8.0,8.0,2.0,2.0,1.0,1.0,2,1.0,1.0,1.0,1.0
8358,178.0,361.0,4.0,1168.0,14.0,0.0,1.0,248.0,248.0,91.0,91.0,4.0,4.0,7,1.0,2.0,3.0,0.0
7354,38.0,335.0,4.0,38.0,8.0,0.0,1.0,63.0,63.0,23.0,23.0,2.0,2.0,7,4.0,0.0,0.0,0.0
5961,77.0,262.0,1.0,21.0,0.0,1.0,0.0,6.0,6.0,2.0,2.0,1.0,1.0,2,1.0,0.0,0.0,0.0
5547,61.0,275.0,5.0,29.0,0.0,0.0,1.0,28.0,28.0,8.0,8.0,2.0,2.0,7,5.0,0.0,0.0,0.0
5264,11.0,180.0,1.0,9.0,0.0,0.0,0.0,11.0,11.0,2.0,2.0,2.0,2.0,2,1.0,2.0,3.0,0.0
9211,29.0,298.0,1.0,12.0,0.0,1.0,0.0,227.0,227.0,12.0,12.0,2.0,2.0,7,4.0,0.0,0.0,0.0
1516,10.0,258.0,1.0,31.0,0.0,0.0,0.0,8.0,8.0,2.0,2.0,1.0,1.0,2,1.0,1.0,1.0,1.0
8951,14.0,260.0,1.0,12.0,0.0,1.0,0.0,36.0,36.0,24.0,24.0,2.0,2.0,7,1.0,0.0,0.0,0.0
8590,211.0,343.0,4.0,143.0,49.0,94.0,1.0,101.0,101.0,95.0,95.0,0.0,0.0,7,4.0,0.0,0.0,0.0
7490,65.0,378.0,1.0,221.0,25.0,0.0,1.0,225.0,225.0,55.0,55.0,3.0,3.0,10,6.0,2.0,3.0,0.0
5571,389.0,284.0,16.0,1125.0,0.0,2.0,1.0,78.0,78.0,60.0,60.0,0.0,0.0,7,16.0,0.0,0.0,0.0
8761,28.0,285.0,5.0,49.0,0.0,0.0,1.0,48.0,48.0,19.0,19.0,2.0,2.0,7,5.0,0.0,0.0,0.0
2707,23.0,8322.0,1.0,53.0,842.0,0.0,0.0,8.0,8.0,2.0,2.0,1.0,1.0,2,1.0,1.0,1.0,1.0
1071,18.0,252.0,1.0,10.0,13.0,0.0,0.0,10.0,10.0,2.0,2.0,1.0,1.0,2,1.0,1.0,2.0,0.0
8872,254.0,304.0,19.0,138.0,0.0,0.0,1.0,120.0,120.0,33.0,33.0,2.0,2.0,7,19.0,0.0,0.0,0.0
6155,87.0,283.0,1.0,29.0,0.0,11.0,0.0,6.0,6.0,2.0,2.0,1.0,1.0,2,1.0,0.0,0.0,0.0
1855,108.0,331.0,5.0,211.0,43.0,15.0,1.0,9.0,9.0,3.0,3.0,1.0,1.0,2,1.0,1.0,1.0,1.0
8199,6.0,347.0,1.0,11.0,10.0,0.0,0.0,10.0,10.0,2.0,2.0,1.0,1.0,2,1.0,0.0,0.0,0.0
5756,98.0,406.0,9.0,100.0,96.0,0.0,1.0,99.0,99.0,26.0,26.0,2.0,2.0,7,9.0,0.0,0.0,0.0
5689,82.0,335.0,8.0,57.0,8.0,0.0,1.0,56.0,56.0,16.0,16.0,1.0,1.0,2,8.0,0.0,0.0,0.0
6633,93.0,454.0,1.0,89.0,15.0,1.0,1.0,36.0,36.0,33.0,33.0,0.0,0.0,7,1.0,0.0,0.0,0.0
10790,64.75908957686495,237.59015662201767,29.253029858954985,103.25302985895499,0.0,0.0,1.0,49.385604506342446,49.385604506342446,12.879544788432476,12.879544788432476,1.0,1.0,2,11.626514929477493,0.0,0.0,0.0
520,7.0,289.0,1.0,16.0,2.0,-1.0,2.0,19.0,19.0,9.0,9.0,1.0,1.0,2,1.0,0.0,0.0,0.0
6292,80.0,265.0,1.0,21.0,0.0,1.0,0.0,12.0,12.0,4.0,4.0,2.0,2.0,7,1.0,0.0,0.0,0.0
9645,22.0,252.0,10.0,48.0,0.0,0.0,1.0,50.0,50.0,14.0,14.0,2.0,2.0,7,13.0,0.0,0.0,0.0
5883,68.0,343.0,2.0,128.0,35.0,0.0,1.0,127.0,127.0,9.0,9.0,2.0,2.0,7,2.0,0.0,0.0,1.0
9132,24.0,298.0,1.0,12.0,0.0,1.0,0.0,32.0,32.0,20.0,20.0,2.0,2.0,7,1.0,0.0,0.0,0.0
4963,54.0,226.0,6.0,38.0,0.0,0.0,1.0,-1.0,0.0,1.0,1.0,0.0,1.0,2,0.0,0.0,0.0,0.0
9233,20.0,298.0,1.0,12.0,0.0,1.0,0.0,224.0,224.0,17.0,17.0,2.0,2.0,7,1.0,0.0,0.0,0.0
4280,346.0,276.0,1.0,353.0,0.0,4.0,1.0,-1.0,-1.0,-1.0,-1.0,-1.0,-1.0,0,-1.0,-1.0,-1.0,-1.0
3611,9.0,180.0,1.0,9.0,0.0,0.0,0.0,6.0,6.0,2.0,2.0,1.0,1.0,2,1.0,1.0,1.0,1.0
2042,3.0,256.0,1.0,15.0,0.0,0.0,0.0,9.0,9.0,1.0,1.0,1.0,1.0,2,1.0,1.0,2.0,1.0
7855,63.0,369.0,1.0,344.0,14.0,0.0,1.0,79.0,79.0,73.0,73.0,0.0,0.0,10,2.0,0.0,0.0,0.0
34,10.0,360.0,5.0,21.0,9.0,0.0,1.0,20.0,20.0,6.0,6.0,1.0,1.0,2,5.0,1.0,2.0,1.0
1587,2.0,180.0,1.0,111614.0,0.0,0.0,0.0,9.0,9.0,2.0,2.0,0.0,1.0,1,1.0,1.0,2.0,0.0
7805,78.0,356.0,2.0,423.0,30.0,0.0,1.0,56.0,56.0,50.0,50.0,0.0,0.0,10,2.0,0.0,0.0,0.0
4829,7.0,180.0,1.0,60.0,0.0,1.0,1.0,-1.0,0.0,1.0,1.0,0.0,1.0,2,0.0,0.0,0.0,0.0
1847,16.0,248.0,1.0,10.0,7.0,0.0,0.0,9.0,9.0,3.0,3.0,1.0,1.0,2,1.0,1.0,1.0,1.0
2883,243.0,347.0,1.0,21.0,48.0,0.0,0.0,9.0,9.0,1.0,1.0,1.0,1.0,2,1.0,1.0,2.0,1.0
4150,9.0,226.0,1.0,32.0,0.0,0.0,0.0,-1.0,-1.0,-1.0,-1.0,-1.0,-1.0,0,-1.0,-1.0,-1.0,-1.0
9153,28.0,298.0,1.0,12.0,0.0,1.0,0.0,43.0,43.0,9.0,9.0,1.0,1.0,2,9.0,0.0,0.0,0.0
9248,26.0,298.0,1.0,12.0,0.0,1.0,0.0,29.0,29.0,17.0,17.0,2.0,2.0,7,1.0,0.0,0.0,0.0
6654,39.0,298.0,2.0,17.0,0.0,2.0,0.0,143.0,143.0,25.0,25.0,3.0,3.0,10,1.0,0.0,0.0,0.0
9284,17.0,227.0,1.0,14.0,0.0,0.0,1.0,15.0,15.0,4.0,4.0,1.0,1.0,2,1.0,0.0,0.0,0.0
899,18.0,240.0,2.0,31.0,14.0,0.0,0.0,10.0,10.0,3.0,3.0,1.0,1.0,2,1.0,1.0,1.0,1.0
6307,63.0,298.0,1.0,13.0,0.0,1.0,0.0,27.0,27.0,15.0,15.0,2.0,2.0,7,1.0,0.0,0.0,0.0
4837,38.0,267.0,1.0,42.0,0.0,1.0,0.0,17.0,17.0,6.0,6.0,2.0,2.0,7,1.0,0.0,0.0,0.0
263,76.0,363.0,1.0,16.0,16.0,-1.0,2.0,19.0,19.0,9.0,9.0,1.0,1.0,2,1.0,0.0,0.0,0.0
8728,22.0,330.0,3.0,39.0,42.0,9.0,1.0,42.0,42.0,17.0,17.0,2.0,2.0,7,5.0,0.0,0.0,0.0
22,13.0,475.0,7.0,25.0,16.0,0.0,1.0,24.0,24.0,8.0,8.0,1.0,1.0,2,7.0,1.0,2.0,1.0
6018,80.0,272.0,1.0,21.0,0.0,1.0,0.0,6.0,6.0,2.0,2.0,1.0,1.0,2,1.0,0.0,0.0,0.0
6865,79.0,262.0,1.0,21.0,0.0,1.0,0.0,13.0,13.0,4.0,4.0,1.0,1.0,2,2.0,0.0,0.0,0.0
7306,49.0,491.0,5.0,245.0,66.0,0.0,1.0,54.0,54.0,21.0,21.0,6.0,6.0,12,4.0,0.0,0.0,2.0
5736,57.0,372.0,2.0,41.0,62.0,0.0,1.0,40.0,40.0,17.0,17.0,2.0,2.0,7,2.0,0.0,0.0,0.0
553,9.0,180.0,1.0,9.0,0.0,0.0,0.0,12.0,12.0,3.0,3.0,1.0,1.0,2,0.0,2.0,3.0,0.0
6692,98.0,283.0,1.0,38.0,0.0,20.0,0.0,21.0,21.0,8.0,8.0,2.0,2.0,7,2.0,0.0,0.0,0.0
1373,15.0,224.0,0.0,20.0,7.0,0.0,0.0,8.0,7.0,2.0,2.0,1.0,1.0,2,1.0,1.0,1.0,1.0
5388,367.0,375.0,59.0,212.0,31.0,0.0,1.0,211.0,211.0,59.0,59.0,1.0,1.0,2,59.0,0.0,0.0,0.0
2745,108.0,180.0,1.0,77.0,0.0,0.0,0.0,9.0,9.0,3.0,3.0,1.0,1.0,2,1.0,1.0,1.0,1.0
485,7.0,180.0,1.0,11.0,0.0,0.0,0.0,17.0,17.0,3.0,3.0,2.0,2.0,7,1.0,1.0,2.0,0.0
4729,75.0,256.0,1.0,36.0,0.0,12.0,0.0,19.0,19.0,-1.0,9.0,11.0,-1.0,19,1.0,-1.0,-1.0,-1.0
8888,24.0,253.0,4.0,22.0,9.0,0.0,1.0,21.0,21.0,4.0,4.0,1.0,1.0,2,4.0,0.0,0.0,0.0
6206,75.0,291.0,2.0,43.0,22.0,0.0,1.0,30.0,30.0,4.0,4.0,1.0,1.0,2,1.0,0.0,0.0,0.0
4522,7.0,249.0,3.0,16.0,42.0,0.0,1.0,19.0,19.0,1.0,1.0,1.0,1.0,2,15.0,1.0,1.0,1.0
8720,29.0,294.0,3.0,131.0,1.0,4.0,1.0,47.0,47.0,18.0,18.0,2.0,2.0,7,4.0,0.0,0.0,0.0
9440,163.0,250.0,25.0,326.0,0.0,0.0,1.0,329.0,329.0,40.0,40.0,1.0,1.0,2,39.0,0.0,0.0,0.0
10426,90.05516212105724,262.0,1.0,21.0,0.0,1.0,0.0,36.89929181790302,36.89929181790302,22.57793515157711,22.57793515157711,2.0,2.0,7,1.8441296968457852,0.0,0.0,0.0
5285,2.0,180.0,1.0,11.0,0.0,0.0,1.0,14.0,14.0,2.0,2.0,1.0,1.0,2,1.0,2.0,3.0,1.0
555,12.0,180.0,1.0,9.0,0.0,0.0,0.0,24.0,24.0,8.0,8.0,1.0,1.0,2,7.0,1.0,2.0,1.0
8236,1.0,357.0,1.0,9.0,6.0,0.0,0.0,8.0,8.0,1.0,1.0,1.0,1.0,2,1.0,0.0,0.0,0.0
3878,-1.0,-1.0,-1.0,-1.0,-1.0,-1.0,2.0,74.0,74.0,5.0,5.0,1.0,1.0,2,4.0,0.0,0.0,1.0
4245,604.0,180.0,1.0,127.0,0.0,0.0,1.0,11.0,11.0,4.0,4.0,1.0,1.0,2,1.0,1.0,1.0,1.0
9124,25.0,298.0,1.0,12.0,0.0,1.0,0.0,171.0,171.0,52.0,52.0,2.0,2.0,7,33.0,0.0,0.0,0.0
4537,7.0,180.0,1.0,17.0,0.0,0.0,0.0,-1.0,-1.0,-1.0,-1.0,-1.0,-1.0,0,-1.0,-1.0,-1.0,-1.0
9843,65.0,299.0,20.0,316.0,11.0,0.0,1.0,222.0,222.0,68.0,68.0,2.0,2.0,7,66.0,0.0,0.0,0.0
5352,-1.0,-1.0,-1.0,-1.0,-1.0,-1.0,2.0,12.0,12.0,5.0,5.0,1.0,1.0,2,1.0,2.0,3.0,0.0
4621,54.0,180.0,1.0,9.0,0.0,0.0,0.0,-1.0,0.0,1.0,1.0,0.0,2.0,2,0.0,0.0,0.0,0.0
5329,-1.0,-1.0,-1.0,-1.0,-1.0,-1.0,2.0,10.0,10.0,2.0,2.0,2.0,2.0,2,1.0,2.0,3.0,0.0
4207,9.0,180.0,1.0,9.0,0.0,0.0,0.0,-1.0,0.0,1.0,1.0,0.0,2.0,2,0.0,0.0,1.0,0.0
3335,95.0,276.0,1.0,99.0,0.0,3.0,1.0,5.0,4.0,1.0,0.0,0.0,0.0,1,1.0,0.0,0.0,1.0
7351,40.0,533.0,5.0,405.0,74.0,0.0,1.0,67.0,67.0,30.0,30.0,4.0,4.0,10,19.0,0.0,0.0,0.0
10738,87.1340253044571,283.0,1.0,29.0,0.0,11.0,0.0,11.0,11.0,3.0,3.0,2.0,2.0,7,1.0,0.0,0.0,0.0
1342,14.0,180.0,1.0,10.0,0.0,0.0,0.0,9.0,9.0,3.0,3.0,1.0,1.0,2,1.0,1.0,1.0,1.0
3842,-1.0,-1.0,-1.0,-1.0,-1.0,-1.0,2.0,70.0,70.0,4.0,4.0,1.0,1.0,2,3.0,0.0,0.0,1.0
8653,313.0,333.0,24.0,322.0,32.0,3.0,1.0,546.0,546.0,27.0,27.0,2.0,2.0,7,12.0,0.0,0.0,0.0
4772,5.0,180.0,7.0,18.0,0.0,0.0,0.0,22.0,22.0,7.0,7.0,1.0,1.0,2,6.0,1.0,2.0,1.0
4869,9.0,295.0,1.0,10.0,17.0,0.0,1.0,-1.0,-1.0,-1.0,-1.0,-1.0,-1.0,0,-1.0,-1.0,-1.0,-1.0
5262,2.0,180.0,1.0,11.0,0.0,0.0,1.0,21.0,21.0,6.0,6.0,1.0,1.0,2,3.0,2.0,3.0,1.0
4104,8.0,180.0,1.0,11.0,0.0,0.0,0.0,-1.0,0.0,1.0,1.0,0.0,2.0,2,0.0,0.0,1.0,0.0
5590,78.0,394.0,18.0,346.0,29.0,0.0,1.0,68.0,68.0,25.0,25.0,2.0,2.0,7,18.0,0.0,0.0,0.0
3604,15.0,180.0,1.0,10.0,0.0,0.0,0.0,72.0,72.0,55.0,55.0,1.0,1.0,2,1.0,5.0,6.0,0.0
3720,-1.0,-1.0,-1.0,-1.0,-1.0,-1.0,2.0,8.0,8.0,1.0,1.0,1.0,1.0,2,1.0,0.0,0.0,0.0
4585,33.0,328.0,2.0,20.0,12.0,2.0,1.0,19.0,19.0,9.0,9.0,1.0,1.0,2,1.0,0.0,0.0,0.0
3350,9.0,180.0,1.0,216.0,0.0,0.0,0.0,7.0,7.0,1.0,1.0,1.0,1.0,2,1.0,1.0,1.0,1.0
4516,9.0,180.0,1.0,9.0,0.0,0.0,0.0,27.0,26.0,7.0,7.0,3.0,3.0,10,2.0,1.0,1.0,1.0
5307,10.0,180.0,22.0,36.0,0.0,0.0,0.0,10.0,9.0,2.0,2.0,0.0,0.0,1,1.0,2.0,3.0,0.0
6634,99.0,283.0,1.0,26.0,0.0,8.0,0.0,11.0,11.0,3.0,3.0,2.0,2.0,7,1.0,0.0,0.0,0.0
7415,82.0,344.0,6.0,755.0,18.0,0.0,1.0,81.0,81.0,71.0,71.0,0.0,0.0,10,6.0,0.0,0.0,0.0
2089,154.0,180.0,1.0,6.0,0.0,0.0,0.0,9.0,9.0,2.0,2.0,0.0,1.0,2,0.0,1.0,2.0,0.0
618,7.0,180.0,1.0,10.0,0.0,0.0,0.0,13.0,13.0,2.0,2.0,1.0,1.0,2,1.0,2.0,3.0,1.0
1429,24.0,286.0,1.0,13.0,5.0,0.0,0.0,8.0,8.0,2.0,2.0,1.0,1.0,2,1.0,1.0,1.0,1.0
6464,83.0,283.0,1.0,28.0,0.0,10.0,0.0,93.0,93.0,21.0,21.0,2.0,2.0,7,1.0,0.0,0.0,0.0
1951,14.0,364.0,7.0,25.0,13.0,0.0,1.0,9.0,9.0,3.0,3.0,1.0,1.0,2,1.0,1.0,1.0,1.0
2143,232.0,180.0,1.0,6.0,0.0,0.0,0.0,9.0,9.0,2.0,2.0,0.0,1.0,2,0.0,1.0,2.0,0.0
3583,244.0,343.0,1.0,21.0,46.0,0.0,1.0,9.0,9.0,3.0,3.0,1.0,1.0,2,1.0,1.0,1.0,1.0
7844,97.0,387.0,4.0,1016.0,14.0,0.0,1.0,72.0,72.0,65.0,65.0,0.0,0.0,10,3.0,0.0,0.0,0.0
4424,78.0,180.0,1.0,11.0,0.0,0.0,0.0,10.0,10.0,2.0,2.0,1.0,1.0,2,1.0,1.0,2.0,0.0
7374,66.0,332.0,2.0,285.0,16.0,1.0,1.0,61.0,61.0,54.0,54.0,0.0,0.0,12,3.0,0.0,0.0,0.0
10107,394.0298121460782,316.2783347461939,8.932408192329943,137.04574717710554,18.180930792445647,9.20277542301017,1.0,155.06759180767006,155.06759180767006,85.42739547658486,85.42739547658486,2.0,2.0,7,7.278334746193898,0.0,0.0,0.0
9626,42.0,292.0,3.0,41.0,13.0,0.0,1.0,19.0,19.0,4.0,4.0,2.0,2.0,7,3.0,0.0,0.0,1.0
1556,3.0,180.0,1.0,10.0,0.0,0.0,0.0,9.0,9.0,3.0,3.0,1.0,1.0,2,1.0,1.0,1.0,1.0
4670,4.0,464.0,2.0,14.0,12.0,0.0,1.0,-1.0,-1.0,-1.0,-1.0,-1.0,-1.0,0,-1.0,-1.0,-1.0,-1.0
3682,-1.0,-1.0,-1.0,-1.0,-1.0,-1.0,2.0,68.0,68.0,54.0,53.0,0.0,0.0,3,3.0,4.0,2.0,0.0
9294,19.0,260.0,1.0,12.0,0.0,1.0,0.0,39.0,39.0,32.0,32.0,0.0,0.0,10,4.0,0.0,0.0,0.0
2401,5.0,243.0,1.0,16.0,0.0,0.0,0.0,9.0,9.0,2.0,2.0,0.0,1.0,1,1.0,2.0,3.0,0.0
2946,9.0,180.0,1.0,216.0,0.0,0.0,0.0,8.0,8.0,1.0,1.0,1.0,1.0,2,1.0,0.0,0.0,0.0
8443,119.0,283.0,1.0,50.0,0.0,32.0,0.0,49.0,49.0,37.0,37.0,2.0,2.0,7,1.0,0.0,0.0,0.0
119,15.0,224.0,0.0,20.0,7.0,0.0,0.0,13.0,13.0,2.0,2.0,1.0,1.0,2,1.0,2.0,3.0,1.0
8703,194.0,430.0,24.0,178.0,25.0,3.0,1.0,74.0,74.0,25.0,25.0,3.0,3.0,10,7.0,0.0,0.0,0.0
3508,80.0,256.0,1.0,75.0,0.0,1.0,0.0,8.0,7.0,2.0,2.0,1.0,1.0,2,1.0,1.0,1.0,1.0
9929,59.0,371.0,1.0,16.0,16.0,-1.0,2.0,8.0,8.0,2.0,2.0,1.0,1.0,2,1.0,1.0,1.0,1.0
561,7.0,239.0,1.0,10.0,8.0,0.0,1.0,121.0,121.0,14.0,14.0,3.0,3.0,10,3.0,2.0,3.0,0.0
7934,82.0,405.0,2.0,379.0,34.0,0.0,1.0,78.0,78.0,72.0,72.0,0.0,0.0,10,2.0,0.0,0.0,0.0
4269,6.0,243.0,1.0,10.0,12.0,0.0,0.0,-1.0,-1.0,-1.0,-1.0,-1.0,-1.0,0,-1.0,-1.0,-1.0,-1.0
802,9.0,180.0,1.0,9.0,0.0,0.0,0.0,17.0,17.0,1.0,1.0,1.0,1.0,2,1.0,1.0,2.0,1.0
2197,15.0,256.0,1.0,16.0,0.0,0.0,0.0,68.0,68.0,51.0,51.0,1.0,1.0,2,1.0,5.0,6.0,0.0
5928,42.0,498.0,5.0,394.0,68.0,0.0,1.0,43.0,43.0,16.0,16.0,2.0,2.0,7,5.0,0.0,0.0,0.0
2569,7.0,250.0,1.0,15.0,0.0,0.0,0.0,8.0,8.0,2.0,2.0,1.0,1.0,2,1.0,1.0,1.0,1.0
10428,15.371264171438446,252.20957860952052,5.419157219041036,32.20957860952052,0.0,0.0,1.0,28.161685561917928,28.161685561917928,6.790421390479482,6.790421390479482,1.209578609520518,1.209578609520518,3,6.580842780958964,0.0,0.0,0.0
4521,9.0,291.0,1.0,10.0,13.0,0.0,1.0,-1.0,-1.0,-1.0,-1.0,-1.0,-1.0,0,-1.0,-1.0,-1.0,-1.0
6370,77.0,283.0,1.0,27.0,0.0,9.0,0.0,6.0,6.0,2.0,2.0,1.0,1.0,2,1.0,0.0,0.0,0.0
8467,279.0,282.0,7.0,68.0,0.0,7.0,1.0,79.0,79.0,18.0,18.0,2.0,2.0,7,8.0,0.0,0.0,0.0
6399,78.0,272.0,1.0,21.0,0.0,1.0,0.0,11.0,11.0,3.0,3.0,2.0,2.0,7,1.0,0.0,0.0,0.0
5261,13.0,180.0,2.0,24.0,0.0,0.0,0.0,14.0,14.0,2.0,2.0,1.0,1.0,2,1.0,2.0,3.0,1.0
10543,90.54485497817186,283.0,1.0,26.455145021828137,0.0,8.455145021828137,0.0,12.634564934515588,12.634564934515588,7.358839825374901,7.358839825374901,0.9102900436562749,0.9102900436562749,7,1.0,0.0,0.0,0.0
4704,9.0,180.0,1.0,9.0,0.0,0.0,0.0,11.0,11.0,2.0,2.0,1.0,1.0,2,1.0,1.0,1.0,1.0
8330,106.0,356.0,3.0,1766.0,33.0,0.0,1.0,263.0,263.0,125.0,125.0,2.0,2.0,2,3.0,2.0,3.0,0.0
10473,94.27411032706632,537.3290117200811,1.0,973.6294483646684,37.09829342823053,0.8431009388242107,1.0,45.29673240465684,45.29673240465684,30.96031220471474,30.96031220471474,0.470697183527368,0.470697183527368,3,0.15689906117578933,0.31379812235157867,0.470697183527368,0.0
7563,318.0,368.0,2.0,345.0,26.0,1.0,1.0,63.0,63.0,57.0,57.0,0.0,0.0,10,2.0,0.0,0.0,0.0
4429,7.0,256.0,1.0,16.0,0.0,0.0,0.0,-1.0,-1.0,-1.0,-1.0,-1.0,-1.0,0,-1.0,-1.0,-1.0,-1.0
3476,206.0,286.0,1.0,60.0,0.0,1.0,1.0,8.0,8.0,2.0,2.0,1.0,1.0,2,1.0,1.0,1.0,1.0
9997,75.0,360.0,1.0,16.0,16.0,-1.0,2.0,8.0,8.0,2.0,2.0,1.0,1.0,2,1.0,1.0,1.0,1.0
3265,6.0,180.0,2.0,14.0,0.0,0.0,0.0,8.0,8.0,2.0,2.0,1.0,1.0,2,1.0,1.0,1.0,1.0
2284,94.0,180.0,1.0,9.0,0.0,0.0,0.0,9.0,9.0,2.0,2.0,0.0,1.0,1,1.0,2.0,3.0,0.0
5775,75.0,374.0,6.0,65.0,62.0,0.0,1.0,64.0,64.0,21.0,21.0,2.0,2.0,7,6.0,0.0,0.0,0.0
3984,7.0,239.0,1.0,10.0,8.0,0.0,1.0,-1.0,-1.0,-1.0,-1.0,-1.0,-1.0,0,-1.0,-1.0,-1.0,-1.0
5822,80.0,273.0,3.0,86.0,0.0,0.0,1.0,48.0,48.0,43.0,43.0,0.0,0.0,7,3.0,0.0,0.0,0.0
5126,828.0,180.0,1.0,9.0,0.0,0.0,0.0,130.0,125.0,18.0,18.0,2.0,2.0,7,3.0,2.0,3.0,2.0
4488,4.0,389.0,2.0,13.0,11.0,0.0,1.0,19.0,19.0,9.0,9.0,1.0,1.0,2,1.0,0.0,0.0,0.0
9574,59.0,229.0,11.0,51.0,0.0,0.0,1.0,20.0,20.0,4.0,4.0,1.0,1.0,2,4.0,0.0,0.0,0.0
17,7.0,180.0,1.0,11.0,0.0,0.0,0.0,10.0,10.0,3.0,3.0,1.0,1.0,2,1.0,1.0,1.0,1.0
842,8.0,285.0,3.0,17.0,77.0,0.0,1.0,10.0,10.0,3.0,3.0,1.0,1.0,2,1.0,1.0,1.0,1.0
9470,16.0,253.0,6.0,32.0,0.0,0.0,1.0,51.0,51.0,14.0,14.0,2.0,2.0,7,12.0,0.0,0.0,0.0
10651,69.61602496695893,283.0,1.7691392904344383,38.76913929043444,0.0,18.461721419131123,0.0,11.0,11.0,3.0,3.0,2.0,2.0,7,1.0,0.0,0.0,0.0
1993,23.0,277.0,1.0,30.0,0.0,0.0,0.0,9.0,9.0,3.0,3.0,1.0,1.0,2,1.0,1.0,1.0,1.0
4538,6.0,250.0,1.0,15.0,0.0,0.0,0.0,10.0,10.0,3.0,3.0,1.0,1.0,2,1.0,1.0,1.0,1.0
7842,93.0,360.0,3.0,546.0,14.0,0.0,1.0,168.0,168.0,68.0,68.0,2.0,2.0,2,2.0,2.0,3.0,0.0
1028,17.0,180.0,1.0,10.0,0.0,0.0,0.0,14.0,15.0,1.0,1.0,1.0,1.0,1,2.0,2.0,3.0,0.0
9261,26.0,260.0,1.0,12.0,0.0,1.0,0.0,41.0,41.0,9.0,9.0,1.0,1.0,2,5.0,0.0,0.0,0.0
8484,288.0,282.0,9.0,82.0,0.0,9.0,1.0,114.0,114.0,30.0,30.0,2.0,2.0,7,14.0,0.0,0.0,0.0
5723,60.0,384.0,2.0,56.0,74.0,0.0,1.0,55.0,55.0,17.0,17.0,2.0,2.0,7,2.0,0.0,0.0,0.0
10535,143.46508056331766,298.0,1.7584863271746665,15.792431635873331,0.0,1.7584863271746665,0.0,11.810378418206334,11.810378418206334,3.8103784182063336,3.8103784182063336,2.0,2.0,7,1.0,0.0,0.0,0.0
7806,77.0,356.0,2.0,430.0,30.0,0.0,1.0,73.0,73.0,66.0,66.0,0.0,0.0,10,3.0,0.0,0.0,0.0
2787,9.0,180.0,1.0,9.0,0.0,0.0,0.0,8.0,8.0,2.0,2.0,1.0,1.0,2,1.0,1.0,1.0,1.0
2603,88.0,180.0,1.0,8.0,0.0,0.0,0.0,9.0,9.0,3.0,3.0,1.0,1.0,2,1.0,1.0,1.0,1.0
4497,51.0,180.0,1.0,27.0,0.0,0.0,0.0,-1.0,0.0,1.0,1.0,0.0,1.0,2,0.0,0.0,0.0,0.0
6700,94.0,283.0,1.0,35.0,0.0,17.0,0.0,11.0,11.0,3.0,3.0,2.0,2.0,7,1.0,0.0,0.0,0.0
1686,16.0,205.0,1.0,49.0,4.0,0.0,0.0,9.0,9.0,3.0,3.0,1.0,1.0,2,1.0,1.0,1.0,1.0
1977,10.0,362.0,5.0,21.0,9.0,0.0,1.0,9.0,9.0,1.0,1.0,1.0,1.0,2,1.0,1.0,2.0,1.0
9313,29.0,298.0,1.0,12.0,0.0,1.0,0.0,11.0,11.0,2.0,2.0,1.0,1.0,2,1.0,0.0,0.0,0.0
8261,2.0,376.0,2.0,14.0,15.0,0.0,0.0,13.0,13.0,2.0,2.0,1.0,1.0,2,2.0,0.0,0.0,0.0
6859,77.0,262.0,1.0,21.0,0.0,1.0,0.0,29.0,29.0,17.0,17.0,2.0,2.0,7,1.0,0.0,0.0,0.0
9382,141.0,273.0,2.0,253.0,0.0,0.0,1.0,119.0,119.0,75.0,75.0,2.0,2.0,7,3.0,0.0,0.0,0.0
4649,45.0,180.0,1.0,25.0,0.0,0.0,0.0,-1.0,0.0,1.0,1.0,0.0,2.0,2,0.0,0.0,0.0,0.0
6137,60.0,262.0,1.0,21.0,0.0,1.0,0.0,11.0,11.0,3.0,3.0,2.0,2.0,7,1.0,0.0,0.0,0.0
10011,38.0,338.0,1.0,200005.0,13.0,0.0,0.0,9.0,9.0,3.0,3.0,1.0,1.0,2,1.0,1.0,1.0,1.0
4487,8.0,180.0,1.0,112.0,0.0,0.0,0.0,-1.0,-1.0,-1.0,-1.0,-1.0,-1.0,0,-1.0,-1.0,-1.0,-1.0
3743,-1.0,-1.0,-1.0,-1.0,-1.0,-1.0,2.0,71.0,71.0,56.0,56.0,1.0,1.0,2,1.0,3.0,4.0,0.0
8140,43.0,374.0,2.0,59.0,23.0,0.0,1.0,144.0,144.0,26.0,26.0,2.0,2.0,7,4.0,0.0,0.0,0.0
5829,88.0,273.0,6.0,85.0,0.0,0.0,1.0,46.0,46.0,38.0,38.0,0.0,0.0,7,6.0,0.0,0.0,0.0
6562,93.0,283.0,1.0,33.0,0.0,15.0,0.0,11.0,11.0,3.0,3.0,2.0,2.0,7,1.0,0.0,0.0,0.0
1736,17.0,240.0,2.0,31.0,14.0,0.0,0.0,9.0,9.0,2.0,2.0,0.0,1.0,1,1.0,2.0,3.0,0.0
8799,25.0,300.0,12.0,48.0,12.0,0.0,1.0,47.0,47.0,13.0,13.0,1.0,1.0,2,12.0,0.0,0.0,0.0
8476,110.0,282.0,6.0,41.0,0.0,6.0,1.0,72.0,72.0,16.0,16.0,2.0,2.0,7,7.0,0.0,0.0,0.0
5727,62.0,392.0,3.0,42.0,82.0,0.0,1.0,41.0,41.0,17.0,17.0,2.0,2.0,7,3.0,0.0,0.0,0.0
6424,75.0,262.0,1.0,21.0,0.0,1.0,0.0,123.0,123.0,18.0,18.0,2.0,2.0,7,1.0,0.0,0.0,0.0
984,7.0,292.0,1.0,16.0,2.0,-1.0,2.0,29.0,29.0,1.0,1.0,1.0,1.0,2,25.0,1.0,1.0,1.0
1760,16.0,256.0,1.0,15.0,0.0,0.0,0.0,7.0,6.0,1.0,1.0,0.0,1.0,2,1.0,1.0,2.0,0.0
4834,77.0,330.0,1.0,16.0,16.0,-1.0,2.0,17.0,17.0,3.0,3.0,1.0,1.0,2,7.0,1.0,1.0,1.0
4311,5.0,180.0,1.0,16.0,0.0,0.0,0.0,-1.0,0.0,1.0,1.0,0.0,2.0,2,0.0,0.0,0.0,0.0
10710,78.85026496973641,262.0,1.0,21.0,0.0,1.0,0.0,22.42513248486821,22.42513248486821,10.42513248486821,10.42513248486821,2.0,2.0,7,1.0,0.0,0.0,0.0
7099,81.0,283.0,1.0,30.0,0.0,13.0,0.0,6.0,6.0,2.0,2.0,1.0,1.0,2,1.0,0.0,0.0,0.0
3108,4.0,502.0,2.0,14.0,14.0,0.0,1.0,8.0,8.0,2.0,2.0,1.0,1.0,2,1.0,1.0,1.0,1.0
7580,90.0,369.0,3.0,821.0,30.0,0.0,1.0,102.0,102.0,95.0,95.0,0.0,0.0,10,3.0,0.0,0.0,0.0
4327,7.0,299.0,1.0,16.0,2.0,-1.0,2.0,19.0,19.0,9.0,9.0,1.0,1.0,2,1.0,0.0,0.0,0.0
8652,376.0,355.0,16.0,389.0,34.0,3.0,1.0,389.0,389.0,31.0,31.0,2.0,2.0,7,16.0,0.0,0.0,0.0
9658,20.0,281.0,6.0,35.0,3.0,0.0,1.0,52.0,52.0,14.0,14.0,2.0,2.0,7,12.0,0.0,0.0,1.0
6433,80.0,272.0,1.0,21.0,0.0,1.0,0.0,30.0,30.0,4.0,4.0,1.0,1.0,2,1.0,0.0,0.0,0.0
8854,180.0,304.0,2.0,73.0,0.0,0.0,1.0,72.0,72.0,17.0,17.0,2.0,2.0,7,2.0,0.0,0.0,0.0
1597,17.0,245.0,1.0,10.0,11.0,0.0,0.0,9.0,9.0,3.0,3.0,1.0,1.0,2,1.0,1.0,1.0,1.0
7776,75.0,370.0,1.0,403.0,27.0,0.0,1.0,65.0,65.0,59.0,59.0,0.0,0.0,10,2.0,0.0,0.0,0.0
1676,2.0,180.0,1.0,111612.0,0.0,0.0,0.0,9.0,9.0,1.0,1.0,1.0,1.0,2,1.0,1.0,2.0,1.0
1853,17.0,180.0,1.0,10.0,0.0,0.0,0.0,8.0,7.0,2.0,1.0,0.0,0.0,1,1.0,1.0,1.0,1.0
6878,62.0,471.0,7.0,731.0,59.0,0.0,1.0,6.0,6.0,2.0,2.0,1.0,1.0,2,1.0,0.0,0.0,0.0
3384,9.0,180.0,1.0,216.0,0.0,0.0,0.0,8.0,7.0,2.0,1.0,0.0,0.0,1,1.0,1.0,1.0,1.0
7069,92.0,283.0,1.0,29.0,0.0,11.0,0.0,130.0,130.0,21.0,21.0,2.0,2.0,7,1.0,0.0,0.0,0.0
9538,21.0,288.0,7.0,104.0,0.0,0.0,1.0,29.0,29.0,10.0,10.0,2.0,2.0,7,5.0,0.0,0.0,0.0
705,16.0,180.0,1.0,10.0,0.0,0.0,0.0,12.0,12.0,5.0,5.0,1.0,1.0,2,1.0,2.0,3.0,0.0
4437,7.0,180.0,1.0,10.0,0.0,0.0,0.0,11.0,11.0,2.0,2.0,2.0,2.0,2,1.0,2.0,3.0,0.0
4412,8.0,180.0,1.0,10.0,0.0,0.0,0.0,11.0,11.0,2.0,2.0,2.0,2.0,2,1.0,2.0,3.0,0.0
10830,339.8128809206972,379.69964638841145,41.594763395531466,5432.79986486128,31.631705669040006,0.0,1.0,268.45888195678856,268.45888195678856,37.76517939602277,37.76517939602277,2.1954706187085704,2.1954706187085704,7,4.195470618708571,0.39094123741714104,0.5864118561257116,0.0
8607,235.0,305.0,5.0,688.0,6.0,29.0,1.0,119.0,119.0,72.0,72.0,2.0,2.0,7,5.0,0.0,0.0,0.0
3219,2.0,180.0,1.0,11.0,0.0,0.0,1.0,8.0,8.0,2.0,2.0,1.0,1.0,2,1.0,1.0,1.0,1.0
2495,45.0,180.0,1.0,25.0,0.0,0.0,0.0,59.0,59.0,15.0,15.0,1.0,1.0,2,14.0,4.0,5.0,0.0
4252,6.0,180.0,1.0,7.0,0.0,0.0,0.0,-1.0,0.0,1.0,1.0,0.0,2.0,2,0.0,0.0,0.0,0.0
9288,105.0,283.0,1.0,34.0,0.0,16.0,0.0,36.0,36.0,32.0,32.0,0.0,0.0,10,1.0,0.0,0.0,0.0
10018,7.0,320.0,3.0,17.0,82.0,0.0,1.0,4.0,4.0,1.0,1.0,0.0,1.0,1,1.0,1.0,1.0,1.0
10722,342.55547187688256,281.23231562517117,6.08078906292786,83.45457968672986,0.0,4.929262500684576,1.0,52.08078906292786,52.08078906292786,15.454579686729852,15.454579686729852,2.0,2.0,7,4.232315625171144,0.0,0.0,0.0
10204,25.920516352905775,285.0,4.480129088226444,45.88077452935866,0.0,0.0,1.0,44.88077452935866,44.88077452935866,17.960258176452886,17.960258176452886,2.0,2.0,7,4.480129088226444,0.0,0.0,0.0
6097,38.0,298.0,1.0,12.0,0.0,1.0,0.0,11.0,11.0,3.0,3.0,2.0,2.0,7,1.0,0.0,0.0,0.0
3840,13.0,291.0,1.0,27.0,3.0,0.0,0.0,9.0,19632.0,3.0,6668.0,1.0,1.0,2,1.0,1.0,1.0,1.0
5735,51.0,391.0,1.0,35.0,81.0,0.0,1.0,34.0,34.0,15.0,15.0,2.0,2.0,7,1.0,0.0,0.0,0.0
11082,20.79136119389327,290.6378706463109,6.73621293536891,90.84650945241762,2.6378706463108967,0.0,1.0,53.73621293536891,53.73621293536891,22.362129353689102,22.362129353689102,2.0,2.0,7,6.110296517048718,0.0,0.0,0.0
5914,31.0,314.0,8.0,42.0,28.0,0.0,1.0,41.0,41.0,11.0,11.0,2.0,2.0,7,8.0,0.0,0.0,0.0
7214,57.0,226.0,4.0,284.0,0.0,0.0,1.0,66.0,66.0,34.0,34.0,2.0,2.0,7,4.0,0.0,0.0,0.0
5849,344.0,382.0,52.0,248.0,31.0,0.0,1.0,187.0,187.0,54.0,54.0,1.0,1.0,2,52.0,0.0,0.0,0.0
7870,96.0,334.0,2.0,678.0,14.0,0.0,1.0,195.0,195.0,187.0,187.0,0.0,0.0,10,4.0,0.0,0.0,0.0
8389,239.0,433.0,2.0,252.0,27.0,0.0,1.0,208.0,208.0,94.0,94.0,4.0,4.0,7,2.0,2.0,3.0,0.0
10139,376.2148931465698,282.0,12.78510685343017,114.81808769386593,0.0,12.78510685343017,1.0,99.14042741372067,99.14042741372067,25.785106853430168,25.785106853430168,2.0,2.0,7,11.892553426715084,0.0,0.0,0.0
7007,36.0,260.0,1.0,12.0,0.0,1.0,0.0,11.0,11.0,3.0,3.0,2.0,2.0,7,1.0,0.0,0.0,0.0
6071,38.0,294.0,1.0,64.0,0.0,0.0,1.0,23.0,23.0,11.0,11.0,2.0,2.0,7,1.0,0.0,0.0,0.0
6547,90.0,283.0,2.0,36.0,0.0,15.0,0.0,11.0,11.0,3.0,3.0,2.0,2.0,7,1.0,0.0,0.0,0.0
2239,-1.0,-1.0,-1.0,-1.0,-1.0,-1.0,2.0,818.0,819.0,377.0,377.0,28.0,30.0,15,1.0,1.0,1.0,1.0
7132,84.0,262.0,1.0,21.0,0.0,1.0,0.0,11.0,11.0,3.0,3.0,2.0,2.0,7,1.0,0.0,0.0,0.0
8606,122.0,305.0,4.0,676.0,6.0,31.0,1.0,60.0,60.0,33.0,33.0,2.0,2.0,7,2.0,0.0,0.0,0.0
8756,18.0,306.0,1.0,26.0,13.0,0.0,1.0,25.0,25.0,11.0,11.0,2.0,2.0,7,1.0,0.0,0.0,0.0
9796,39.0,288.0,13.0,158.0,0.0,0.0,1.0,36.0,36.0,10.0,10.0,2.0,2.0,7,7.0,0.0,0.0,0.0
7857,63.0,452.0,2.0,273.0,26.0,0.0,1.0,49.0,49.0,44.0,44.0,0.0,0.0,10,1.0,0.0,0.0,0.0
2031,10.0,256.0,1.0,16.0,0.0,0.0,0.0,7.0,7.0,1.0,1.0,1.0,1.0,2,1.0,1.0,1.0,1.0
4227,95.0,180.0,1.0,9.0,0.0,0.0,0.0,19.0,19.0,9.0,9.0,1.0,1.0,2,1.0,0.0,0.0,0.0
2358,5.0,246.0,1.0,16.0,0.0,0.0,0.0,9.0,9.0,2.0,2.0,0.0,1.0,1,1.0,2.0,3.0,0.0
9812,15.0,252.0,7.0,34.0,0.0,0.0,1.0,44.0,44.0,11.0,11.0,1.0,1.0,2,11.0,0.0,0.0,0.0
836,3.0,250.0,1.0,15.0,0.0,0.0,0.0,15.0,15.0,2.0,2.0,1.0,1.0,2,1.0,1.0,2.0,0.0
5769,57.0,358.0,2.0,43.0,48.0,0.0,1.0,42.0,42.0,18.0,18.0,2.0,2.0,7,2.0,0.0,0.0,0.0
3809,-1.0,-1.0,-1.0,-1.0,-1.0,-1.0,2.0,380.0,380.0,20.0,20.0,0.0,0.0,2,1.0,0.0,0.0,1.0
9845,110.0,282.0,2.0,227.0,0.0,1.0,1.0,48.0,48.0,28.0,28.0,0.0,0.0,14,3.0,0.0,0.0,0.0
10052,87.0,283.0,1.0,28.614219339886258,0.0,10.614219339886258,0.0,44.871406446628754,44.871406446628754,36.95007743679937,36.95007743679937,0.0,0.0,7,5.921329009829386,0.0,0.0,0.0
7944,95.0,346.0,2.0,472.0,15.0,0.0,1.0,165.0,165.0,71.0,71.0,4.0,4.0,7,5.0,0.0,0.0,0.0
3126,7.0,296.0,1.0,16.0,2.0,-1.0,2.0,9.0,9.0,3.0,3.0,1.0,1.0,2,1.0,1.0,1.0,1.0
3296,17.0,333.0,9.0,29.0,13.0,0.0,1.0,9.0,9.0,3.0,3.0,1.0,1.0,2,1.0,1.0,1.0,1.0
6767,74.0,333.0,3.0,39.0,60.0,0.0,1.0,24.0,24.0,12.0,12.0,2.0,2.0,7,1.0,0.0,0.0,0.0
2718,17.0,371.0,9.0,29.0,19.0,0.0,1.0,8.0,7.0,2.0,2.0,1.0,1.0,2,1.0,1.0,1.0,1.0
660,37.0,336.0,6.0,28.0,16.0,6.0,1.0,13.0,13.0,2.0,2.0,1.0,1.0,2,1.0,2.0,3.0,1.0
11109,137.3215132954931,262.26430265909863,2.0,24.0,0.0,2.0,0.0,10.823798227267586,10.823798227267586,3.0881008863662065,3.0881008863662065,1.9118991136337935,1.9118991136337935,6,1.0881008863662065,0.0,0.0,0.0
7714,85.0,456.0,2.0,505.0,30.0,0.0,1.0,50.0,50.0,43.0,43.0,0.0,0.0,10,3.0,0.0,0.0,0.0
3727,-1.0,-1.0,-1.0,-1.0,-1.0,-1.0,2.0,44.0,44.0,23.0,23.0,1.0,1.0,2,1.0,0.0,0.0,0.0
8032,46.0,391.0,2.0,95.0,25.0,0.0,1.0,457.0,457.0,48.0,48.0,4.0,4.0,12,4.0,1.0,2.0,0.0
3688,-1.0,-1.0,-1.0,-1.0,-1.0,-1.0,2.0,95.0,95.0,52.0,52.0,1.0,1.0,2,1.0,4.0,5.0,0.0
1309,6.0,248.0,1.0,10.0,12.0,0.0,0.0,11.0,11.0,2.0,2.0,1.0,1.0,2,2.0,1.0,2.0,0.0
8205,338.0,371.0,1.0,7.0,12.0,1.0,0.0,6.0,6.0,2.0,2.0,1.0,1.0,2,1.0,0.0,0.0,0.0
8928,24.0,298.0,1.0,12.0,0.0,1.0,0.0,11.0,11.0,3.0,3.0,2.0,2.0,7,1.0,0.0,0.0,0.0
7412,68.0,366.0,6.0,438.0,18.0,0.0,1.0,59.0,59.0,49.0,49.0,0.0,0.0,10,6.0,0.0,0.0,0.0
2326,8.0,180.0,1.0,11.0,0.0,0.0,0.0,9.0,9.0,2.0,2.0,0.0,1.0,1,1.0,2.0,3.0,0.0
10864,81.90915976579534,282.9091597657953,1.1816804684093298,33.09084023420466,0.0,13.909917189544021,0.09084023420466492,42.54579882897668,42.54579882897668,13.63663906318134,13.63663906318134,2.0,2.0,7,1.2725207026139946,0.0,0.0,0.0
2461,9.0,259.0,1.0,10.0,11.0,0.0,0.0,9.0,9.0,2.0,2.0,0.0,1.0,2,0.0,1.0,2.0,0.0
1512,14.0,224.0,0.0,20.0,7.0,0.0,0.0,4.0,4.0,1.0,1.0,0.0,1.0,1,1.0,1.0,1.0,1.0
8884,121.0,273.0,14.0,114.0,0.0,0.0,1.0,70.0,70.0,54.0,54.0,0.0,0.0,7,14.0,0.0,0.0,0.0
6222,41.0,297.0,10.0,391.0,1.0,0.0,1.0,13.0,13.0,1.0,1.0,1.0,1.0,2,1.0,0.0,0.0,0.0
3353,244.0,343.0,1.0,21.0,46.0,0.0,1.0,9.0,9.0,2.0,2.0,0.0,1.0,2,0.0,1.0,2.0,0.0
982,10.0,180.0,15.0,45.0,0.0,0.0,0.0,10.0,10.0,3.0,3.0,1.0,1.0,2,1.0,1.0,1.0,1.0
8700,135.0,360.0,2.0,49.0,31.0,3.0,1.0,112.0,112.0,68.0,68.0,0.0,0.0,2,42.0,0.0,0.0,0.0
9874,78.0,317.0,1.0,16.0,16.0,-1.0,2.0,7.0,7.0,1.0,1.0,1.0,1.0,2,1.0,1.0,1.0,1.0
10432,110.92925518631702,282.0,2.0,182.2122344410489,0.0,1.0,1.0,48.70744813682972,48.70744813682972,23.0,23.0,2.0,2.0,7,4.929255186317028,0.0,0.0,0.0
3228,16.0,180.0,1.0,77.0,0.0,0.0,0.0,4.0,4.0,1.0,1.0,1.0,1.0,2,0.0,1.0,1.0,1.0
6483,79.0,262.0,1.0,21.0,0.0,1.0,0.0,9.0,9.0,4.0,4.0,1.0,1.0,2,2.0,0.0,0.0,0.0
1224,77.0,342.0,1.0,16.0,16.0,-1.0,2.0,13.0,13.0,2.0,2.0,1.0,1.0,2,1.0,2.0,3.0,1.0
7254,79.0,226.0,5.0,339.0,0.0,0.0,1.0,79.0,79.0,39.0,39.0,2.0,2.0,7,4.0,0.0,0.0,0.0
10633,91.21055456600962,456.31574238998394,1.0,81.47370304400641,20.157871194991976,1.0,1.0,6.0,6.0,2.0,2.0,1.0,1.0,2,1.0,0.0,0.0,0.0
10250,177.07335699514496,304.0,1.7683392487862406,66.07335699514496,0.0,0.0,1.0,65.30501774635873,65.30501774635873,14.536678497572481,14.536678497572481,2.0,2.0,7,2.536678497572481,0.0,0.0,0.0
4400,8.0,180.0,1.0,10.0,0.0,0.0,0.0,12.0,12.0,2.0,2.0,2.0,2.0,7,2.0,1.0,1.0,1.0
10823,25.0,297.0,6.608753359641337,33.04376679820669,0.0,0.0,1.0,32.04376679820669,32.04376679820669,7.608753359641337,7.608753359641337,1.0,1.0,2,6.608753359641337,0.0,0.0,0.0
5473,95.0,267.0,13.0,93.0,8.0,0.0,1.0,92.0,92.0,28.0,28.0,2.0,2.0,7,13.0,0.0,0.0,0.0
2889,5.0,218.0,1.0,10.0,0.0,0.0,0.0,8.0,7.0,2.0,2.0,1.0,1.0,2,1.0,1.0,1.0,1.0
5441,73.0,376.0,14.0,84.0,13.0,0.0,1.0,82.0,82.0,29.0,29.0,2.0,2.0,7,14.0,0.0,0.0,0.0
10749,161.89445419236583,376.8248085690656,3.5125136736381712,737.9314482677535,21.06855173224651,0.0,1.0,302.6311201004374,302.6311201004374,94.94994530544732,94.94994530544732,1.2437431631809144,1.2437431631809144,2,1.2437431631809144,2.0,3.0,0.0
4035,42.0,263.0,1.0,20.0,0.0,0.0,0.0,-1.0,-1.0,-1.0,-1.0,-1.0,-1.0,0,-1.0,-1.0,-1.0,-1.0
9970,77.0,353.0,1.0,16.0,5.0,-1.0,2.0,8.0,8.0,2.0,2.0,1.0,1.0,2,1.0,1.0,1.0,1.0
3850,33.0,389.0,3.0,71.0,62.0,0.0,1.0,70.0,70.0,4.0,4.0,1.0,1.0,2,3.0,0.0,0.0,1.0
10561,42.43347179290342,528.741424362419,5.608367948225854,442.71881279000297,75.21673589645171,0.0,1.0,57.87448077661219,57.87448077661219,20.266112828386333,20.266112828386333,2.7832641035482917,2.7832641035482917,8,11.091216673063897,0.0,0.0,0.608367948225854
6492,78.0,265.0,1.0,21.0,0.0,1.0,0.0,9.0,9.0,4.0,4.0,1.0,1.0,2,2.0,0.0,0.0,0.0
54,37.0,180.0,1.0,11.0,0.0,0.0,0.0,10.0,10.0,2.0,2.0,1.0,1.0,2,1.0,1.0,2.0,0.0
4940,8.0,180.0,1.0,10.0,0.0,0.0,0.0,25.0,25.0,4.0,4.0,1.0,1.0,2,5.0,1.0,1.0,1.0
7604,43.0,362.0,2.0,156.0,24.0,0.0,1.0,53.0,53.0,46.0,46.0,0.0,0.0,12,3.0,0.0,0.0,0.0
1086,10.0,358.0,5.0,21.0,9.0,0.0,1.0,19.0,19.0,9.0,9.0,1.0,1.0,2,1.0,0.0,0.0,0.0
3839,253.0,180.0,1.0,10.0,0.0,0.0,0.0,75.0,75.0,5.0,5.0,1.0,1.0,2,4.0,0.0,0.0,1.0
9389,161.0,271.0,1.0,82.0,0.0,21.0,1.0,38.0,38.0,14.0,14.0,2.0,2.0,7,4.0,0.0,0.0,0.0
3018,8.0,180.0,1.0,10.0,0.0,0.0,0.0,6.0,6.0,1.0,1.0,1.0,1.0,2,1.0,1.0,1.0,1.0
6895,87.0,283.0,1.0,28.0,0.0,9.0,0.0,37.0,37.0,34.0,34.0,0.0,0.0,7,1.0,0.0,0.0,0.0
1627,16.0,180.0,1.0,10.0,0.0,0.0,0.0,8.0,8.0,1.0,1.0,1.0,1.0,2,1.0,0.0,0.0,0.0
6712,77.0,262.0,1.0,21.0,0.0,1.0,0.0,22.0,22.0,6.0,6.0,2.0,2.0,7,1.0,0.0,0.0,0.0
8243,7.0,347.0,20.0,47.0,10.0,0.0,1.0,46.0,46.0,20.0,20.0,1.0,1.0,2,20.0,0.0,0.0,0.0
6973,92.0,283.0,1.0,31.0,0.0,13.0,0.0,124.0,124.0,23.0,23.0,2.0,2.0,7,1.0,0.0,0.0,0.0
7863,92.0,359.0,4.0,607.0,29.0,0.0,1.0,56.0,56.0,49.0,49.0,0.0,0.0,10,3.0,0.0,0.0,0.0
6325,82.0,272.0,1.0,21.0,0.0,1.0,0.0,11.0,11.0,3.0,3.0,2.0,2.0,7,1.0,0.0,0.0,0.0
1461,17.0,180.0,1.0,10.0,0.0,0.0,0.0,4.0,4.0,1.0,1.0,1.0,1.0,2,1.0,1.0,1.0,1.0
666,6.0,250.0,1.0,15.0,0.0,0.0,0.0,19.0,19.0,9.0,9.0,1.0,1.0,2,1.0,0.0,0.0,0.0
2402,5.0,180.0,1.0,8.0,0.0,0.0,0.0,9.0,9.0,2.0,2.0,0.0,1.0,2,0.0,1.0,2.0,0.0
9573,20.0,229.0,6.0,28.0,0.0,0.0,1.0,66.0,66.0,18.0,18.0,1.0,1.0,2,18.0,0.0,0.0,0.0
3017,3.0,180.0,1.0,16.0,0.0,0.0,0.0,8.0,8.0,2.0,2.0,1.0,1.0,2,1.0,1.0,1.0,1.0
3277,5.0,256.0,1.0,16.0,0.0,0.0,0.0,8.0,8.0,2.0,2.0,1.0,1.0,2,1.0,1.0,1.0,1.0
8264,7.0,363.0,3.0,13.0,9.0,3.0,0.0,12.0,12.0,6.0,6.0,1.0,1.0,2,3.0,0.0,0.0,0.0
8980,25.0,260.0,1.0,12.0,0.0,1.0,0.0,12.0,12.0,4.0,4.0,2.0,2.0,7,1.0,0.0,0.0,0.0
8530,105.0,283.0,1.0,52.0,0.0,34.0,0.0,6.0,6.0,2.0,2.0,1.0,1.0,2,1.0,0.0,0.0,0.0
4406,5.0,180.0,7.0,18.0,0.0,0.0,0.0,17.0,12.0,4.0,4.0,1.0,1.0,2,2.0,2.0,2.0,0.0
1776,17.0,254.0,1.0,10.0,14.0,0.0,0.0,8.0,8.0,2.0,2.0,1.0,1.0,2,1.0,1.0,1.0,1.0
1051,9.0,180.0,1.0,9.0,0.0,0.0,0.0,18.0,17.0,5.0,4.0,1.0,1.0,2,1.0,1.0,1.0,0.0
6332,373.0,309.0,14.0,84.0,0.0,1.0,1.0,44.0,44.0,7.0,7.0,3.0,3.0,10,3.0,0.0,0.0,0.0
1599,16.0,180.0,1.0,10.0,0.0,0.0,0.0,8.0,8.0,2.0,2.0,1.0,1.0,2,1.0,3.0,1.0,1.0
10516,89.26569709845337,351.0918754402123,4.265697098453374,617.5604812433055,15.062788393813495,0.0,1.0,79.02908704639879,79.02908704639879,9.845336165974228,9.845336165974228,2.202908704639878,2.202908704639878,7,0.734302901546626,0.734302901546626,0.734302901546626,0.0
10596,119.4640523975473,284.7495166987988,7.666022265065093,286.46018598793785,0.0,0.5417472168668633,1.0,36.083494433733726,36.083494433733726,13.0,13.0,2.0,2.0,7,4.0,0.0,0.0,0.0
2345,9.0,180.0,1.0,9.0,0.0,0.0,0.0,71.0,71.0,56.0,56.0,1.0,1.0,2,1.0,3.0,4.0,0.0
6739,89.0,468.0,1.0,81.0,18.0,1.0,1.0,34.0,34.0,31.0,31.0,0.0,0.0,7,1.0,0.0,0.0,0.0
3187,3.0,256.0,1.0,15.0,0.0,0.0,0.0,8.0,8.0,2.0,2.0,1.0,1.0,2,1.0,1.0,1.0,1.0
3121,60.0,371.0,1.0,16.0,16.0,-1.0,2.0,9.0,9.0,2.0,2.0,2.0,2.0,2,1.0,2.0,3.0,0.0
2695,9.0,180.0,1.0,216.0,0.0,0.0,0.0,8.0,8.0,2.0,2.0,1.0,1.0,2,1.0,1.0,1.0,1.0
7441,89.0,339.0,2.0,1129.0,14.0,1.0,1.0,35.0,35.0,27.0,27.0,0.0,0.0,7,6.0,0.0,0.0,0.0
10617,90.83335052057345,398.40355400150906,2.0,790.7544167210261,25.649137280482908,0.2719289199698183,1.0,107.19299512042254,107.19299512042254,33.27192891996982,33.27192891996982,2.2719289199698185,2.2719289199698185,4,2.0,2.0,3.0,0.0
9359,104.0,262.0,1.0,21.0,0.0,1.0,0.0,6.0,6.0,2.0,2.0,1.0,1.0,2,1.0,0.0,0.0,0.0
7181,61.0,226.0,3.0,234.0,0.0,0.0,1.0,133.0,133.0,91.0,91.0,2.0,2.0,7,3.0,0.0,0.0,0.0
7449,76.0,380.0,2.0,1033.0,30.0,0.0,1.0,148.0,148.0,131.0,131.0,0.0,0.0,14,9.0,0.0,0.0,0.0
9184,25.0,298.0,1.0,12.0,0.0,1.0,0.0,54.0,54.0,42.0,42.0,2.0,2.0,7,1.0,1.0,0.0,0.0
6992,85.0,283.0,1.0,28.0,0.0,10.0,0.0,25.0,25.0,13.0,13.0,2.0,2.0,7,1.0,0.0,0.0,0.0
9643,161.0,252.0,82.0,276.0,0.0,0.0,1.0,87.0,87.0,25.0,25.0,2.0,2.0,7,24.0,0.0,0.0,0.0
9515,14.0,301.0,4.0,78.0,13.0,0.0,1.0,32.0,32.0,8.0,8.0,2.0,2.0,7,4.0,0.0,0.0,0.0
6456,87.0,262.0,1.0,21.0,0.0,1.0,0.0,11.0,11.0,3.0,3.0,2.0,2.0,7,1.0,0.0,0.0,0.0
7362,80.0,353.0,1.0,593.0,27.0,0.0,1.0,93.0,93.0,87.0,87.0,0.0,0.0,10,2.0,0.0,0.0,0.0
10705,83.61702391545361,449.0851195772681,1.6542559788634046,492.89895926021916,32.42020814795617,0.0,1.0,52.07446412681957,52.07446412681957,44.728720105682974,44.728720105682974,0.0,0.0,11,2.6542559788634046,0.0,0.0,0.0
8011,43.0,399.0,2.0,74.0,24.0,6.0,1.0,37.0,37.0,4.0,4.0,3.0,3.0,10,1.0,1.0,1.0,0.0
10918,40.0847437079074,299.0,2.6949145693024663,26.694914569302465,8.0,0.0,1.0,25.694914569302465,25.694914569302465,5.694914569302466,5.694914569302466,1.0,1.0,2,2.6949145693024663,0.0,0.0,0.0
6557,33.0,293.0,1.0,36.0,0.0,0.0,1.0,37.0,37.0,25.0,25.0,2.0,2.0,7,1.0,0.0,0.0,0.0
7039,33.0,298.0,1.0,12.0,0.0,1.0,0.0,16.0,16.0,5.0,5.0,2.0,2.0,7,2.0,0.0,0.0,0.0
1831,250.0,180.0,1.0,9.0,0.0,0.0,0.0,4.0,4.0,1.0,1.0,0.0,1.0,1,1.0,1.0,1.0,1.0
3204,91.0,297.0,1.0,83.0,3.0,1.0,0.0,8.0,8.0,2.0,2.0,1.0,1.0,2,1.0,1.0,1.0,1.0
6207,48.0,292.0,2.0,50.0,0.0,0.0,1.0,18.0,18.0,4.0,4.0,1.0,1.0,2,2.0,0.0,0.0,0.0
8524,114.0,283.0,1.0,46.0,0.0,28.0,0.0,33.0,33.0,21.0,21.0,2.0,2.0,7,1.0,0.0,0.0,0.0
3822,262.0,267.0,2.0,96.0,0.0,2.0,1.0,35.0,35.0,18.0,18.0,1.0,1.0,2,1.0,5.0,6.0,0.0
5470,72.0,344.0,14.0,106.0,13.0,0.0,1.0,40.0,40.0,38.0,38.0,0.0,0.0,7,0.0,0.0,0.0,0.0
9055,19.0,260.0,1.0,12.0,0.0,1.0,0.0,31.0,31.0,28.0,28.0,0.0,0.0,7,1.0,0.0,0.0,0.0
3295,1.0,180.0,1.0,111612.0,0.0,0.0,0.0,42.0,42.0,6.0,6.0,1.0,1.0,2,1.0,0.0,0.0,0.0
1564,2.0,180.0,1.0,111614.0,0.0,0.0,0.0,8.0,8.0,2.0,2.0,1.0,1.0,2,1.0,1.0,1.0,1.0
940,9.0,180.0,1.0,9.0,0.0,0.0,0.0,25.0,25.0,3.0,3.0,1.0,1.0,2,1.0,0.0,0.0,1.0
2577,69.0,236.0,1.0,27.0,0.0,1.0,1.0,9.0,9.0,3.0,3.0,1.0,1.0,2,1.0,1.0,1.0,1.0
6158,79.0,262.0,1.0,21.0,0.0,1.0,0.0,11.0,11.0,3.0,3.0,2.0,2.0,7,1.0,0.0,0.0,0.0
2623,6.0,256.0,2.0,19.0,0.0,0.0,0.0,8.0,8.0,2.0,2.0,1.0,1.0,2,1.0,1.0,1.0,1.0
454,7.0,180.0,1.0,10.0,0.0,0.0,0.0,14.0,14.0,2.0,2.0,1.0,1.0,2,1.0,2.0,3.0,1.0
9813,16.0,229.0,6.0,28.0,0.0,0.0,1.0,30.0,30.0,10.0,10.0,1.0,1.0,2,4.0,0.0,0.0,0.0
1714,2.0,194.0,1.0,15.0,0.0,0.0,0.0,8.0,8.0,2.0,2.0,1.0,1.0,2,1.0,1.0,1.0,1.0
6105,84.0,283.0,1.0,33.0,0.0,15.0,0.0,6.0,6.0,2.0,2.0,1.0,1.0,2,1.0,0.0,0.0,0.0
10297,101.014809165763,301.75981957057013,23.328396944745666,527.0,6.784288687087758,0.1519639141140302,1.0,103.17643303063164,103.17643303063164,33.24018042942985,33.24018042942985,2.0,2.0,7,23.328396944745666,0.0,0.0,0.0
2228,2.0,180.0,1.0,9.0,0.0,0.0,0.0,89.0,89.0,31.0,31.0,1.0,1.0,7,12.0,4.0,5.0,0.0
7079,93.0,283.0,1.0,25.0,0.0,7.0,0.0,6.0,6.0,2.0,2.0,1.0,1.0,2,1.0,0.0,0.0,0.0
4379,77.0,347.0,1.0,16.0,16.0,-1.0,2.0,0.0,1.0,1.0,0.0,1.0,1.0,2,0.0,0.0,0.0,0.0
1950,11.0,365.0,6.0,23.0,17.0,0.0,1.0,9.0,9.0,2.0,2.0,0.0,1.0,1,1.0,1.0,2.0,0.0
2119,3.0,180.0,1.0,16.0,0.0,0.0,0.0,9.0,9.0,1.0,1.0,1.0,1.0,2,1.0,1.0,2.0,1.0
8329,302.0,362.0,7.0,4971.0,26.0,0.0,1.0,258.0,258.0,115.0,115.0,3.0,3.0,10,5.0,2.0,3.0,0.0
10325,111.07419119277056,283.0,1.9258088072294477,48.851617614458895,0.0,28.074191192770552,0.0,6.0,6.0,2.0,2.0,1.0,1.0,2,1.0,0.0,0.0,0.0
6428,85.0,283.0,1.0,24.0,0.0,6.0,0.0,6.0,6.0,2.0,2.0,1.0,1.0,2,1.0,0.0,0.0,0.0
3417,12.0,180.0,1.0,77.0,0.0,0.0,0.0,9.0,9.0,2.0,2.0,0.0,1.0,1,1.0,2.0,3.0,0.0
1287,5.0,256.0,1.0,19.0,0.0,0.0,0.0,10.0,10.0,3.0,3.0,1.0,1.0,2,1.0,1.0,1.0,1.0
3831,-1.0,-1.0,-1.0,-1.0,-1.0,-1.0,2.0,95.0,95.0,10.0,10.0,0.0,0.0,2,2.0,0.0,0.0,0.0
2762,10.0,256.0,1.0,16.0,0.0,0.0,0.0,7.0,6.0,1.0,1.0,0.0,1.0,2,1.0,1.0,2.0,0.0
9791,25.0,285.0,10.0,49.0,0.0,0.0,1.0,27.0,27.0,10.0,10.0,2.0,2.0,7,4.0,0.0,0.0,0.0
462,100.0,256.0,1.0,38.0,0.0,0.0,1.0,15.0,15.0,2.0,2.0,1.0,1.0,2,1.0,1.0,2.0,0.0
7212,57.0,226.0,4.0,260.0,0.0,0.0,1.0,35.0,35.0,17.0,17.0,2.0,2.0,7,4.0,0.0,0.0,0.0
8687,326.0,365.0,2.0,199.0,40.0,4.0,1.0,53.0,53.0,27.0,27.0,2.0,2.0,7,2.0,0.0,0.0,0.0
6476,71.0,262.0,1.0,21.0,0.0,1.0,0.0,38.0,38.0,26.0,26.0,2.0,2.0,7,1.0,0.0,0.0,0.0
10303,83.56426863929187,262.0,1.0,21.0,0.0,1.0,0.0,21.85475621309729,21.85475621309729,9.85475621309729,9.85475621309729,2.0,2.0,7,1.0,0.0,0.0,0.0
9117,104.0,265.0,2.0,24.0,0.0,2.0,0.0,13.0,13.0,4.0,4.0,2.0,2.0,7,2.0,0.0,0.0,0.0
9551,14.0,229.0,10.0,37.0,0.0,0.0,1.0,32.0,32.0,8.0,8.0,1.0,1.0,2,6.0,0.0,0.0,0.0
1414,14.0,224.0,0.0,20.0,7.0,0.0,0.0,9.0,9.0,3.0,3.0,1.0,1.0,2,1.0,1.0,1.0,1.0
3496,7.0,250.0,1.0,15.0,0.0,0.0,0.0,9.0,9.0,3.0,3.0,1.0,1.0,2,1.0,1.0,1.0,1.0
874,8.0,180.0,1.0,10.0,0.0,0.0,0.0,12.0,13.0,5.0,5.0,1.0,1.0,2,1.0,3.0,4.0,0.0
8436,156.0,435.0,1.0,63.0,28.0,48.0,0.0,62.0,62.0,52.0,52.0,2.0,2.0,7,1.0,0.0,0.0,0.0
5720,60.0,388.0,3.0,52.0,78.0,0.0,1.0,51.0,51.0,21.0,21.0,2.0,2.0,7,3.0,0.0,0.0,0.0
8939,27.0,260.0,1.0,12.0,0.0,1.0,0.0,11.0,11.0,3.0,3.0,2.0,2.0,7,1.0,0.0,0.0,0.0
7831,67.0,345.0,2.0,101.0,23.0,0.0,1.0,64.0,64.0,55.0,55.0,0.0,0.0,13,4.0,0.0,0.0,0.0
9561,13.0,229.0,5.0,25.0,0.0,0.0,1.0,30.0,30.0,7.0,7.0,1.0,1.0,2,5.0,0.0,0.0,0.0
6312,87.0,262.0,1.0,21.0,0.0,1.0,0.0,59.0,59.0,11.0,11.0,2.0,2.0,7,8.0,0.0,0.0,0.0
1971,12.0,375.0,6.0,23.0,13.0,0.0,1.0,9.0,9.0,3.0,3.0,1.0,1.0,2,1.0,1.0,1.0,1.0
10652,99.18084276637614,376.54252829912843,2.704789308405965,559.295210691594,24.885632074782105,0.0,1.0,196.265899364633,196.265899364633,66.62758489738525,66.62758489738525,1.295210691594035,1.295210691594035,2,4.81915723362386,2.0,3.0,0.0
7233,73.0,226.0,4.0,320.0,0.0,0.0,1.0,107.0,107.0,101.0,101.0,0.0,0.0,7,4.0,0.0,0.0,0.0
9235,26.0,298.0,1.0,13.0,0.0,1.0,0.0,6.0,6.0,2.0,2.0,1.0,1.0,2,1.0,0.0,0.0,0.0
965,14.0,224.0,0.0,20.0,7.0,0.0,0.0,12.0,12.0,3.0,3.0,1.0,1.0,2,1.0,1.0,2.0,0.0
6255,51.0,340.0,6.0,288.0,36.0,0.0,1.0,509.0,509.0,147.0,147.0,2.0,2.0,7,86.0,0.0,0.0,0.0
4167,8.0,180.0,1.0,10.0,0.0,0.0,0.0,19.0,19.0,6.0,6.0,1.0,1.0,2,5.0,1.0,2.0,1.0
7783,90.0,385.0,2.0,483.0,17.0,0.0,1.0,71.0,71.0,65.0,65.0,0.0,0.0,10,2.0,0.0,0.0,0.0
2108,3.0,180.0,0.0,9.0,0.0,0.0,0.0,8.0,8.0,2.0,2.0,1.0,1.0,2,1.0,1.0,1.0,1.0
3192,54.0,358.0,1.0,22.0,0.0,3.0,1.0,9.0,9.0,3.0,3.0,1.0,1.0,2,1.0,1.0,1.0,1.0
1511,2.0,180.0,1.0,10.0,0.0,0.0,0.0,9.0,9.0,3.0,3.0,1.0,1.0,2,1.0,1.0,1.0,1.0
6710,36.0,298.0,1.0,12.0,0.0,1.0,0.0,40.0,40.0,37.0,37.0,0.0,0.0,7,1.0,0.0,0.0,0.0
9854,-1.0,-1.0,-1.0,-1.0,-1.0,-1.0,2.0,1099.0,1099.0,45.0,45.0,2.0,2.0,7,13.0,0.0,0.0,0.0
1102,10.0,180.0,31.0,70.0,0.0,0.0,0.0,11.0,11.0,3.0,3.0,0.0,1.0,1,1.0,3.0,4.0,0.0
6200,84.0,283.0,1.0,30.0,0.0,12.0,0.0,6.0,6.0,2.0,2.0,1.0,1.0,2,1.0,0.0,0.0,0.0
2408,4.0,196.0,1.0,28.0,0.0,0.0,0.0,9.0,9.0,2.0,2.0,0.0,1.0,1,1.0,1.0,2.0,0.0
4824,8.0,180.0,1.0,11.0,0.0,0.0,0.0,-1.0,0.0,1.0,1.0,0.0,1.0,2,0.0,0.0,0.0,0.0
4200,51.0,307.0,2.0,12.0,24.0,0.0,1.0,-1.0,-1.0,-1.0,-1.0,-1.0,-1.0,0,-1.0,-1.0,-1.0,-1.0
2645,178.0,281.0,1.0,29.0,0.0,1.0,0.0,8.0,8.0,2.0,2.0,1.0,1.0,2,1.0,1.0,1.0,1.0
2847,237.0,281.0,1.0,29.0,0.0,1.0,0.0,9.0,9.0,2.0,2.0,0.0,1.0,1,1.0,1.0,2.0,0.0
6915,76.0,283.0,1.0,28.0,0.0,10.0,0.0,40.0,40.0,37.0,37.0,0.0,0.0,7,1.0,0.0,0.0,0.0
2805,3.0,250.0,1.0,15.0,0.0,0.0,0.0,9.0,9.0,2.0,2.0,0.0,1.0,1,1.0,2.0,3.0,0.0
1040,16.0,180.0,1.0,10.0,0.0,0.0,0.0,17.0,17.0,5.0,5.0,1.0,1.0,2,5.0,1.0,2.0,1.0
7760,90.0,381.0,2.0,266.0,30.0,1.0,1.0,112.0,112.0,102.0,102.0,0.0,0.0,10,6.0,0.0,0.0,0.0
10037,40.33668326133954,274.3286434341247,1.3326633477320922,39.33869321814326,0.0,0.6653266954641841,1.0,27.33668326133954,27.33668326133954,15.33668326133954,15.33668326133954,2.0,2.0,7,1.0,0.0,0.0,0.0
1817,10.0,180.0,0.0,16.0,0.0,0.0,0.0,9.0,9.0,3.0,3.0,1.0,1.0,2,1.0,1.0,1.0,1.0
1075,9.0,180.0,31.0,70.0,0.0,0.0,0.0,30.0,30.0,27.0,27.0,0.0,0.0,7,1.0,0.0,0.0,0.0
3759,-1.0,-1.0,-1.0,-1.0,-1.0,-1.0,2.0,434.0,434.0,157.0,157.0,3.0,3.0,10,85.0,1.0,1.0,1.0
145,4.0,180.0,1.0,8.0,0.0,0.0,0.0,19.0,19.0,9.0,9.0,1.0,1.0,2,1.0,0.0,0.0,0.0
7167,78.0,283.0,1.0,24.0,0.0,6.0,0.0,6.0,6.0,2.0,2.0,1.0,1.0,2,1.0,0.0,0.0,0.0
2909,9.0,258.0,1.0,31.0,0.0,0.0,0.0,4.0,4.0,1.0,1.0,1.0,1.0,2,0.0,1.0,1.0,1.0
5303,243.0,347.0,1.0,21.0,48.0,0.0,0.0,16.0,17.0,8.0,8.0,1.0,1.0,2,1.0,3.0,4.0,0.0
517,17.0,250.0,1.0,15.0,0.0,0.0,0.0,19.0,19.0,9.0,9.0,1.0,1.0,2,1.0,0.0,0.0,0.0
8719,369.0,392.0,17.0,951.0,42.0,9.0,1.0,33.0,33.0,9.0,9.0,2.0,2.0,7,8.0,0.0,0.0,0.0
9368,113.0,273.0,3.0,257.0,0.0,0.0,1.0,61.0,61.0,36.0,36.0,2.0,2.0,7,1.0,0.0,0.0,0.0
9352,101.0,262.0,1.0,21.0,0.0,1.0,0.0,6.0,6.0,2.0,2.0,1.0,1.0,2,1.0,0.0,0.0,0.0
8177,363.0,268.0,40.0,1186.0,0.0,0.0,1.0,189.0,189.0,23.0,23.0,2.0,2.0,7,12.0,0.0,0.0,0.0
2056,129.0,256.0,1.0,73.0,0.0,1.0,0.0,9.0,9.0,3.0,3.0,1.0,1.0,2,1.0,1.0,1.0,1.0
2918,7.0,239.0,1.0,10.0,8.0,0.0,1.0,9.0,9.0,2.0,2.0,1.0,1.0,2,0.0,0.0,0.0,0.0
7287,39.0,265.0,21.0,76.0,14.0,0.0,1.0,416.0,416.0,134.0,134.0,2.0,2.0,7,116.0,0.0,0.0,0.0
5924,376.0,312.0,53.0,282.0,24.0,5.0,1.0,281.0,281.0,67.0,67.0,2.0,2.0,7,53.0,0.0,0.0,0.0
5096,6.0,256.0,2.0,19.0,0.0,0.0,0.0,-1.0,0.0,0.0,1.0,0.0,1.0,2,0.0,0.0,1.0,0.0
870,3.0,180.0,1.0,10.0,0.0,0.0,0.0,22.0,22.0,6.0,6.0,1.0,1.0,1,3.0,2.0,1.0,2.0
4451,4.0,180.0,1.0,9.0,0.0,0.0,0.0,15.0,15.0,4.0,4.0,1.0,1.0,2,3.0,1.0,2.0,1.0
9320,124.0,271.0,1.0,60.0,0.0,0.0,1.0,34.0,34.0,31.0,31.0,0.0,0.0,7,1.0,0.0,0.0,0.0
10351,62.84217278403258,373.22811518935504,11.807028797338763,78.4386583853632,13.0,0.0,1.0,51.614057594677526,51.614057594677526,36.210543196008146,36.210543196008146,0.0,0.0,11,11.807028797338763,0.0,0.0,0.0
273,12.0,180.0,1.0,9.0,0.0,0.0,0.0,20.0,20.0,6.0,6.0,2.0,2.0,7,2.0,2.0,4.0,0.0
5757,84.0,413.0,7.0,59.0,72.0,0.0,1.0,58.0,58.0,21.0,21.0,2.0,2.0,7,7.0,0.0,0.0,0.0
10905,25.34104041472942,298.0,1.0,12.457369948158822,0.0,1.0,0.0,84.62789015552353,84.62789015552353,23.82947979263529,23.82947979263529,1.5426300518411773,1.5426300518411773,4,6.945809326064695,0.0,0.0,0.0
9955,37.0,310.0,1.0,100.0,22.0,0.0,0.0,8.0,8.0,2.0,2.0,1.0,1.0,2,1.0,1.0,1.0,1.0
1789,2.0,250.0,1.0,15.0,0.0,0.0,0.0,8.0,8.0,2.0,2.0,1.0,1.0,2,1.0,1.0,1.0,1.0
8748,17.0,306.0,1.0,26.0,13.0,0.0,1.0,25.0,25.0,11.0,11.0,2.0,2.0,7,1.0,0.0,0.0,0.0
2083,11.0,180.0,1.0,9.0,0.0,0.0,0.0,7.0,7.0,1.0,1.0,1.0,1.0,2,1.0,1.0,1.0,1.0
8971,22.0,298.0,1.0,12.0,0.0,1.0,0.0,29.0,29.0,17.0,17.0,2.0,2.0,7,1.0,0.0,0.0,0.0
1919,18.0,180.0,1.0,10.0,0.0,0.0,0.0,5.0,5.0,1.0,1.0,1.0,1.0,1,1.0,1.0,1.0,0.0
11098,70.0,262.0,1.0,21.0,0.0,1.0,0.0,6.158927447840231,6.158927447840231,2.158927447840231,2.158927447840231,1.0,1.0,2,1.0,0.0,0.0,0.0
8712,77.0,401.0,2.0,188.0,37.0,3.0,1.0,57.0,57.0,22.0,22.0,2.0,2.0,7,16.0,0.0,0.0,0.0
7366,359.0,375.0,2.0,2547.0,29.0,0.0,1.0,59.0,59.0,54.0,54.0,0.0,0.0,7,3.0,0.0,0.0,0.0
5443,35.0,370.0,5.0,62.0,13.0,0.0,1.0,60.0,60.0,28.0,28.0,2.0,2.0,7,5.0,0.0,0.0,0.0
5197,44.0,399.0,2.0,49.0,35.0,1.0,1.0,-1.0,-1.0,-1.0,-1.0,-1.0,-1.0,0,-1.0,-1.0,-1.0,-1.0
8451,111.0,298.0,4.0,27.0,0.0,4.0,0.0,21.0,21.0,9.0,9.0,2.0,2.0,7,1.0,0.0,0.0,0.0
8805,207.0,295.0,47.0,494.0,0.0,0.0,1.0,188.0,188.0,57.0,57.0,4.0,4.0,7,94.0,0.0,0.0,0.0
1785,10.0,258.0,1.0,31.0,0.0,0.0,0.0,8.0,8.0,2.0,2.0,1.0,1.0,2,1.0,1.0,1.0,1.0
7853,88.0,387.0,2.0,518.0,25.0,0.0,1.0,76.0,76.0,69.0,69.0,0.0,0.0,10,3.0,0.0,0.0,0.0
10085,22.237017902765363,285.355526854148,5.824678601843575,34.17532139815643,0.0,0.0,1.0,37.88149104861732,37.88149104861732,10.118508951382681,10.118508951382681,2.0,2.0,7,6.293830349539106,0.0,0.0,0.29383034953910614
465,17.0,180.0,1.0,10.0,0.0,0.0,0.0,26.0,26.0,1.0,1.0,1.0,1.0,2,22.0,1.0,1.0,1.0
6074,90.0,262.0,1.0,21.0,0.0,1.0,0.0,30.0,30.0,4.0,4.0,1.0,1.0,2,1.0,0.0,0.0,0.0
1635,14.0,256.0,1.0,16.0,0.0,0.0,0.0,5.0,4.0,1.0,0.0,0.0,0.0,1,1.0,0.0,0.0,1.0
5306,2.0,180.0,1.0,11.0,0.0,0.0,1.0,10.0,9.0,2.0,2.0,0.0,0.0,1,1.0,2.0,3.0,0.0
8954,113.0,265.0,2.0,24.0,0.0,2.0,0.0,11.0,11.0,3.0,3.0,2.0,2.0,7,1.0,0.0,0.0,0.0
9415,271.0,282.0,42.0,105.0,0.0,0.0,1.0,104.0,104.0,50.0,50.0,1.0,1.0,2,42.0,0.0,0.0,0.0
5730,77.0,385.0,5.0,62.0,73.0,0.0,1.0,61.0,61.0,24.0,24.0,2.0,2.0,7,5.0,0.0,0.0,0.0
1459,10.0,224.0,0.0,20.0,7.0,0.0,0.0,9.0,9.0,3.0,3.0,1.0,1.0,2,1.0,1.0,1.0,1.0
456,8.0,180.0,1.0,10.0,0.0,0.0,0.0,27.0,27.0,10.0,10.0,1.0,1.0,2,1.0,5.0,6.0,0.0
10423,75.93379047064538,262.0,1.0,21.0,0.0,1.0,0.0,122.37747301956975,122.37747301956975,18.622526980430248,18.622526980430248,2.0,2.0,7,1.0,0.0,0.0,0.0
4631,9.0,180.0,1.0,9.0,0.0,0.0,0.0,15.0,15.0,13.0,13.0,0.0,0.0,2,1.0,0.0,0.0,0.0
5169,45.0,383.0,2.0,63.0,23.0,1.0,1.0,-1.0,1.0,1.0,1.0,1.0,1.0,2,1.0,0.0,0.0,0.0
10904,56.700324172388115,372.09958320692954,4.300138931023479,68.0,37.0,0.0,1.0,105.60027786204695,105.60027786204695,40.999073793176805,40.999073793176805,2.0,2.0,7,9.299675827611882,0.0,0.0,0.0
6643,81.0,283.0,1.0,26.0,0.0,8.0,0.0,24.0,24.0,12.0,12.0,2.0,2.0,7,1.0,0.0,0.0,0.0
1413,15.0,257.0,1.0,16.0,0.0,1.0,0.0,9.0,9.0,2.0,2.0,0.0,1.0,1,1.0,1.0,2.0,0.0
5204,83.0,411.0,2.0,57.0,35.0,1.0,1.0,-1.0,1.0,1.0,1.0,1.0,2.0,2,1.0,0.0,0.0,0.0
6526,75.0,265.0,1.0,21.0,0.0,1.0,0.0,23.0,23.0,11.0,11.0,2.0,2.0,7,1.0,0.0,0.0,0.0
1829,11.0,180.0,1.0,9.0,0.0,0.0,0.0,9.0,9.0,1.0,1.0,1.0,1.0,2,1.0,1.0,2.0,1.0
7949,327.0,422.0,2.0,805.0,24.0,0.0,1.0,121.0,121.0,53.0,53.0,2.0,2.0,2,2.0,2.0,3.0,0.0
10800,73.67696671775332,410.0615976883795,3.4307785823757104,447.13844283524855,28.523073805874763,0.0,1.0,369.4464312771461,369.4464312771461,184.3693835121366,184.3693835121366,3.0461476117495265,3.0461476117495265,4,3.0461476117495265,2.0,3.0,0.0
3556,2.0,180.0,1.0,111614.0,0.0,0.0,0.0,4.0,4.0,1.0,1.0,1.0,1.0,2,0.0,1.0,1.0,1.0
5495,375.0,300.0,194.0,619.0,19.0,0.0,1.0,618.0,618.0,195.0,195.0,2.0,2.0,7,194.0,0.0,0.0,1.0
5851,31.0,252.0,12.0,52.0,0.0,0.0,1.0,51.0,51.0,14.0,14.0,2.0,2.0,7,12.0,0.0,0.0,0.0
5103,598.0,180.0,595.0,189.0,0.0,-1.0,2.0,27.0,27.0,13.0,12.0,2.0,2.0,1,2.0,0.0,0.0,0.0
2520,277.0,280.0,1.0,27.0,0.0,2.0,0.0,9.0,9.0,2.0,2.0,0.0,1.0,1,1.0,1.0,2.0,0.0
7732,76.0,389.0,1.0,401.0,35.0,0.0,1.0,276.0,276.0,40.0,40.0,2.0,2.0,7,2.0,0.0,1.0,0.0
4053,7.0,180.0,1.0,10.0,0.0,0.0,0.0,-1.0,0.0,1.0,1.0,0.0,2.0,2,0.0,0.0,0.0,0.0
2174,11.0,360.0,6.0,22.0,13.0,0.0,1.0,9.0,9.0,3.0,3.0,1.0,1.0,2,1.0,1.0,1.0,1.0
6295,83.0,262.0,1.0,21.0,0.0,1.0,0.0,12.0,12.0,4.0,4.0,2.0,2.0,7,1.0,0.0,0.0,0.0
7576,93.0,447.0,3.0,597.0,28.0,0.0,1.0,108.0,108.0,101.0,101.0,0.0,0.0,7,3.0,0.0,0.0,0.0
2233,3.0,180.0,0.0,9.0,0.0,0.0,0.0,61.0,60.0,21.0,21.0,0.0,1.0,1,6.0,1.0,2.0,0.0
10042,80.18866490577363,424.39122343624643,2.0,331.5173670308739,27.335648937449857,0.0,1.0,135.63656381315187,135.63656381315187,129.1330904069771,129.1330904069771,0.0,0.0,10,2.167824468724928,0.0,0.0,0.0
10116,139.87354893125593,210.0,2.0,18.747097862511843,0.0,6.747097862511843,0.0,17.747097862511843,17.747097862511843,10.747097862511843,10.747097862511843,1.0,1.0,2,2.0,0.0,0.0,0.0
157,14.0,371.0,1.0,16.0,16.0,-1.0,2.0,14.0,14.0,2.0,2.0,1.0,1.0,2,1.0,2.0,3.0,1.0
2729,8.0,180.0,1.0,10.0,0.0,0.0,0.0,5.0,5.0,1.0,1.0,1.0,1.0,1,1.0,1.0,1.0,0.0
5282,12.0,180.0,1.0,9.0,0.0,0.0,0.0,121.0,121.0,14.0,14.0,3.0,3.0,10,3.0,2.0,3.0,0.0
6740,75.0,262.0,1.0,21.0,0.0,1.0,0.0,80.0,80.0,17.0,17.0,2.0,2.0,7,1.0,0.0,0.0,0.0
8785,22.0,285.0,2.0,39.0,0.0,1.0,1.0,25.0,25.0,21.0,21.0,0.0,0.0,7,2.0,0.0,0.0,0.0
1263,35.0,258.0,1.0,10.0,7.0,0.0,0.0,15.0,15.0,2.0,2.0,1.0,1.0,2,1.0,1.0,2.0,0.0
4696,47.0,571.0,1.0,107.0,286.0,1.0,1.0,14.0,14.0,2.0,2.0,1.0,1.0,2,1.0,2.0,3.0,1.0
10111,45.155477732126,340.27782641742124,5.277826417421247,147.24469737059047,17.155477732126005,0.28886943303150137,1.0,112.55565283484249,112.55565283484249,77.88869433031502,77.88869433031502,0.0,0.0,12,6.711130566968499,0.0,0.0,0.0
2529,306.0,180.0,1.0,9.0,0.0,0.0,0.0,8.0,8.0,2.0,2.0,1.0,1.0,2,1.0,1.0,1.0,1.0
2815,6.0,180.0,0.0,1991.0,0.0,0.0,0.0,9.0,9.0,2.0,2.0,0.0,1.0,2,0.0,1.0,2.0,0.0
7315,67.0,276.0,1.0,80.0,0.0,1.0,1.0,17.0,17.0,14.0,14.0,0.0,0.0,7,1.0,0.0,0.0,0.0
1066,31.0,180.0,1.0,49.0,0.0,0.0,0.0,10.0,10.0,3.0,3.0,1.0,1.0,2,1.0,1.0,1.0,1.0
326,16.0,180.0,1.0,10.0,0.0,0.0,0.0,19.0,19.0,1.0,1.0,1.0,1.0,2,15.0,1.0,1.0,1.0
10715,80.0,365.38418969140554,2.0,369.9233201763397,27.461660088169843,0.0,1.0,180.30750986774524,180.30750986774524,68.22924889787699,68.22924889787699,3.384980264509524,3.384980264509524,4,2.2308300440849207,1.5383399118301586,2.307509867745238,0.0
226,12.0,180.0,1.0,9.0,0.0,0.0,0.0,15.0,15.0,2.0,2.0,1.0,1.0,2,1.0,1.0,2.0,0.0
8183,311.0,308.0,1.0,38.0,19.0,0.0,0.0,37.0,37.0,5.0,5.0,2.0,2.0,7,1.0,0.0,0.0,0.0
6208,46.0,296.0,1.0,43.0,0.0,0.0,1.0,42.0,42.0,8.0,8.0,1.0,1.0,2,2.0,0.0,0.0,0.0
6821,77.0,284.0,21.0,82.0,15.0,0.0,1.0,31.0,31.0,28.0,28.0,0.0,0.0,7,1.0,0.0,0.0,0.0
252,7.0,180.0,1.0,11.0,0.0,0.0,0.0,15.0,15.0,2.0,2.0,1.0,1.0,2,1.0,1.0,2.0,0.0
3860,35.0,613.0,4.0,72.0,158.0,0.0,1.0,71.0,71.0,5.0,5.0,1.0,1.0,2,4.0,0.0,0.0,1.0
10791,87.96191948371755,283.0,1.0,26.885758451152647,0.0,8.885758451152649,0.0,30.038080516282452,30.038080516282452,18.038080516282452,18.038080516282452,2.0,2.0,7,1.0,0.0,0.0,0.0
5994,39.0,299.0,1.0,46.0,0.0,0.0,1.0,24.0,24.0,21.0,21.0,0.0,0.0,7,1.0,0.0,0.0,0.0
9037,27.0,298.0,1.0,12.0,0.0,1.0,0.0,36.0,35.0,23.0,23.0,2.0,2.0,7,1.0,0.0,0.0,0.0
4566,77.0,317.0,1.0,16.0,16.0,-1.0,2.0,-1.0,-1.0,-1.0,-1.0,-1.0,-1.0,0,-1.0,-1.0,-1.0,-1.0
3032,80.0,180.0,2.0,24.0,0.0,-1.0,2.0,6.0,6.0,1.0,1.0,1.0,1.0,2,1.0,0.0,0.0,0.0
1550,17.0,180.0,1.0,10.0,0.0,0.0,0.0,5.0,5.0,1.0,1.0,1.0,1.0,1,1.0,1.0,1.0,0.0
4197,79.0,256.0,1.0,96.0,0.0,0.0,1.0,-1.0,-1.0,-1.0,-1.0,-1.0,-1.0,0,-1.0,-1.0,-1.0,-1.0
1705,23.0,351.0,2.0,17.0,17.0,2.0,1.0,8.0,8.0,2.0,2.0,1.0,1.0,2,1.0,1.0,1.0,1.0
3975,77.0,338.0,1.0,16.0,8.0,-1.0,2.0,-1.0,-1.0,-1.0,-1.0,-1.0,-1.0,0,-1.0,-1.0,-1.0,-1.0
6061,37.0,298.0,1.0,12.0,0.0,1.0,0.0,6.0,6.0,2.0,2.0,1.0,1.0,2,1.0,0.0,0.0,0.0
8876,133.0,273.0,12.0,109.0,0.0,0.0,1.0,67.0,67.0,53.0,53.0,0.0,0.0,7,12.0,0.0,0.0,0.0
8535,127.0,283.0,1.0,55.0,0.0,37.0,0.0,27.0,27.0,15.0,15.0,2.0,2.0,7,1.0,0.0,0.0,0.0
4620,8.0,233.0,4.0,18.0,37.0,0.0,1.0,15.0,15.0,2.0,2.0,1.0,1.0,2,1.0,1.0,2.0,0.0
10880,87.56753351465476,409.7295509519375,2.8918833786636897,524.6756501359911,27.32434986400893,0.0,1.0,55.56753351465476,55.56753351465476,48.67565013599107,48.67565013599107,0.0,0.0,11,2.8918833786636897,0.0,0.0,0.0
6394,31.0,298.0,1.0,12.0,0.0,1.0,0.0,16.0,16.0,5.0,5.0,2.0,2.0,7,1.0,0.0,0.0,0.0
11004,65.58280891591136,339.61467388046316,2.5668764336354566,109.50314650453186,26.684696818630467,12.754719756797776,1.0,70.23564076999003,70.23564076999003,54.71656178318227,54.71656178318227,0.5668764336354566,0.5668764336354566,11,3.4331235663645434,0.0,0.0,0.0
10687,62.10994918460443,368.95637871275846,1.5933672102637124,532.8795934768355,27.923214764077006,0.0,1.0,46.143113133285866,46.143113133285866,40.143113133285866,40.143113133285866,0.0,0.0,9,2.0,0.0,0.0,0.0
3206,57.0,256.0,1.0,41.0,0.0,2.0,0.0,8.0,8.0,2.0,2.0,1.0,1.0,2,1.0,1.0,1.0,1.0
6201,79.0,265.0,1.0,21.0,0.0,1.0,0.0,29.0,29.0,17.0,17.0,2.0,2.0,7,1.0,0.0,0.0,0.0
7401,69.0,352.0,5.0,404.0,17.0,0.0,1.0,76.0,76.0,66.0,66.0,0.0,0.0,10,6.0,0.0,0.0,0.0
7921,87.0,376.0,2.0,446.0,14.0,0.0,1.0,54.0,54.0,48.0,48.0,0.0,0.0,10,2.0,0.0,0.0,0.0
4490,8.0,299.0,1.0,10.0,16.0,0.0,1.0,-1.0,0.0,1.0,1.0,0.0,2.0,2,0.0,0.0,1.0,0.0
8578,161.0,305.0,2.0,256.0,6.0,9.0,1.0,115.0,115.0,109.0,109.0,0.0,0.0,7,4.0,0.0,0.0,0.0
1921,2.0,180.0,1.0,7.0,0.0,0.0,0.0,9.0,9.0,3.0,3.0,1.0,1.0,2,1.0,1.0,1.0,1.0
1077,8.0,180.0,1.0,10.0,0.0,0.0,0.0,18.0,18.0,4.0,4.0,1.0,1.0,2,1.0,3.0,4.0,1.0
2252,9.0,299.0,1.0,10.0,20.0,0.0,1.0,9.0,9.0,1.0,1.0,1.0,1.0,2,1.0,1.0,2.0,1.0
7916,54.0,393.0,2.0,247.0,32.0,0.0,1.0,157.0,157.0,69.0,69.0,3.0,3.0,10,2.0,2.0,3.0,0.0
4747,59.0,278.0,1.0,32.0,0.0,0.0,1.0,-1.0,-1.0,-1.0,-1.0,-1.0,-1.0,0,-1.0,-1.0,-1.0,-1.0
5444,75.0,299.0,10.0,51.0,0.0,0.0,1.0,50.0,50.0,17.0,17.0,2.0,2.0,7,10.0,0.0,0.0,1.0
7778,86.0,385.0,2.0,436.0,16.0,0.0,1.0,105.0,105.0,100.0,100.0,0.0,0.0,10,1.0,0.0,0.0,0.0
10506,83.91559783709083,399.15411676254604,2.0,464.0697145996369,23.295407570182093,0.0,1.0,181.04220108145458,181.04220108145458,52.6770789116356,52.6770789116356,6.0,6.0,12,3.5211005407272924,0.0,0.0,0.0
8399,116.0,397.0,3.0,750.0,43.0,0.0,1.0,201.0,201.0,37.0,37.0,2.0,2.0,7,5.0,0.0,1.0,0.0
7770,89.0,356.0,2.0,649.0,30.0,0.0,1.0,350.0,350.0,90.0,90.0,0.0,0.0,16,0.0,1.0,1.0,0.0
4980,7.0,224.0,0.0,20.0,7.0,0.0,0.0,-1.0,0.0,1.0,1.0,0.0,1.0,2,0.0,0.0,0.0,0.0
543,16.0,180.0,1.0,10.0,0.0,0.0,0.0,31.0,31.0,7.0,7.0,4.0,4.0,12,1.0,3.0,4.0,0.0
2704,4.0,211.0,1.0,28.0,0.0,0.0,0.0,4.0,4.0,1.0,1.0,0.0,1.0,1,1.0,1.0,1.0,1.0
1586,12.0,180.0,25.0,46.0,0.0,0.0,0.0,9.0,9.0,3.0,3.0,1.0,1.0,2,1.0,1.0,1.0,1.0
2961,6.0,180.0,1.0,10.0,0.0,0.0,0.0,8.0,8.0,1.0,1.0,1.0,1.0,2,1.0,0.0,0.0,0.0
2136,17.0,259.0,2.0,31.0,24.0,0.0,0.0,9.0,9.0,3.0,3.0,1.0,1.0,2,1.0,1.0,1.0,1.0
10915,68.96718134972105,283.0,1.8618312357541376,38.86183123575414,0.0,18.276337528491727,0.0,11.0,11.0,3.0,3.0,2.0,2.0,7,1.0,0.0,0.0,0.0
6573,55.0,265.0,1.0,21.0,0.0,1.0,0.0,111.0,111.0,24.0,24.0,2.0,2.0,7,1.0,0.0,0.0,0.0
5926,62.0,245.0,8.0,63.0,0.0,0.0,1.0,62.0,62.0,16.0,16.0,1.0,1.0,2,8.0,0.0,0.0,0.0
9446,305.0,237.0,44.0,167.0,0.0,2.0,1.0,156.0,156.0,18.0,18.0,1.0,1.0,2,18.0,0.0,0.0,0.0
4324,9.0,294.0,1.0,10.0,18.0,0.0,1.0,-1.0,-1.0,-1.0,-1.0,-1.0,-1.0,0,-1.0,-1.0,-1.0,-1.0
6409,75.0,262.0,1.0,21.0,0.0,1.0,0.0,31.0,31.0,28.0,28.0,0.0,0.0,7,1.0,0.0,0.0,0.0
5308,16.0,180.0,1.0,77.0,0.0,0.0,0.0,17.0,17.0,3.0,3.0,1.0,1.0,2,1.0,2.0,3.0,0.0
1761,12.0,180.0,1.0,9.0,0.0,0.0,0.0,7.0,7.0,1.0,1.0,0.0,1.0,1,1.0,1.0,2.0,0.0
9179,120.0,277.0,18.0,86.0,0.0,0.0,1.0,6.0,6.0,2.0,2.0,1.0,1.0,2,1.0,0.0,0.0,0.0
4467,4.0,247.0,1.0,16.0,0.0,0.0,0.0,10.0,10.0,2.0,2.0,1.0,1.0,2,1.0,1.0,1.0,0.0
10959,83.02106090484914,362.14742633394394,3.978939095150867,591.0842436193965,26.0315913572737,0.9894695475754335,1.0,222.46294692634712,222.46294692634712,75.08424361939653,75.08424361939653,4.0,4.0,10,2.021060904849133,0.0,0.010530452424566517,0.0
6906,31.0,298.0,1.0,12.0,0.0,1.0,0.0,19.0,19.0,15.0,15.0,0.0,0.0,7,2.0,0.0,0.0,0.0
8393,155.0,381.0,10.0,576.0,35.0,0.0,1.0,40.0,40.0,6.0,6.0,1.0,1.0,2,1.0,1.0,2.0,0.0
7699,84.0,398.0,2.0,716.0,43.0,0.0,1.0,317.0,317.0,101.0,101.0,2.0,2.0,2,2.0,2.0,3.0,0.0
4984,47.0,331.0,3.0,21.0,11.0,3.0,1.0,-1.0,0.0,1.0,1.0,0.0,2.0,2,0.0,0.0,1.0,0.0
8269,66.0,369.0,1.0,8.0,12.0,2.0,0.0,7.0,7.0,3.0,3.0,1.0,1.0,2,1.0,0.0,0.0,0.0
387,6.0,218.0,1.0,10.0,0.0,0.0,0.0,13.0,13.0,3.0,3.0,1.0,1.0,2,2.0,1.0,2.0,1.0
850,3.0,230.0,1.0,12.0,0.0,0.0,0.0,15.0,15.0,2.0,2.0,1.0,1.0,2,1.0,1.0,2.0,0.0
8247,5.0,363.0,4.0,13.0,26.0,0.0,1.0,12.0,12.0,4.0,4.0,1.0,1.0,2,4.0,0.0,0.0,0.0
8964,101.0,283.0,1.0,41.0,0.0,23.0,0.0,94.0,94.0,17.0,17.0,2.0,2.0,7,1.0,0.0,0.0,0.0
8617,169.0,332.0,4.0,518.0,19.0,24.0,1.0,406.0,406.0,121.0,121.0,3.0,3.0,10,2.0,1.0,1.0,0.0
2871,4.0,247.0,1.0,16.0,0.0,0.0,0.0,9.0,9.0,3.0,3.0,1.0,1.0,2,1.0,1.0,1.0,1.0
7443,79.0,382.0,2.0,779.0,43.0,0.0,1.0,50.0,50.0,9.0,9.0,2.0,2.0,2,1.0,2.0,3.0,0.0
4668,418.0,180.0,2.0,62.0,0.0,0.0,1.0,19.0,19.0,9.0,9.0,1.0,1.0,2,1.0,0.0,0.0,0.0
10813,357.1501269879006,344.8722473951648,1.2172501370965907,59.674124794355116,30.0,1.1086250685482955,1.0,43.520750959676135,43.520750959676135,35.17574821774432,35.17574821774432,0.10862506854829534,0.10862506854829534,6,2.1086250685482955,0.0,0.0,0.0
4845,8.0,180.0,1.0,12.0,0.0,0.0,0.0,-1.0,0.0,1.0,1.0,0.0,2.0,2,0.0,0.0,0.0,0.0
366,2.0,180.0,0.0,8.0,0.0,0.0,0.0,18.0,18.0,3.0,3.0,1.0,1.0,2,2.0,2.0,3.0,1.0
4814,34.0,180.0,1.0,16.0,0.0,0.0,0.0,10.0,10.0,3.0,3.0,1.0,1.0,2,1.0,1.0,1.0,1.0
7327,94.0,277.0,12.0,1292.0,0.0,0.0,1.0,123.0,123.0,31.0,31.0,2.0,2.0,7,28.0,0.0,0.0,0.0
2341,7.0,293.0,1.0,16.0,2.0,-1.0,2.0,9.0,9.0,2.0,2.0,0.0,1.0,1,1.0,2.0,3.0,0.0
4299,36.0,321.0,3.0,22.0,10.0,3.0,1.0,17.0,12.0,4.0,4.0,1.0,1.0,2,2.0,1.0,1.0,1.0
4540,78.0,362.0,1.0,16.0,16.0,-1.0,2.0,-1.0,0.0,1.0,1.0,0.0,1.0,2,0.0,0.0,0.0,0.0
346,4.0,502.0,2.0,14.0,12.0,0.0,1.0,14.0,14.0,2.0,2.0,1.0,1.0,2,1.0,2.0,3.0,1.0
6504,88.0,262.0,1.0,21.0,0.0,1.0,0.0,155.0,155.0,29.0,29.0,2.0,2.0,7,2.0,0.0,0.0,0.0
8622,170.0,406.0,4.0,699.0,14.0,5.0,1.0,65.0,65.0,56.0,56.0,0.0,0.0,13,3.0,0.0,0.0,0.0
2393,305.0,180.0,1.0,9.0,0.0,0.0,0.0,9.0,9.0,2.0,2.0,1.0,1.0,2,1.0,1.0,2.0,0.0
637,80.0,180.0,1.0,10.0,0.0,0.0,0.0,19.0,19.0,9.0,9.0,1.0,1.0,2,1.0,0.0,0.0,0.0
3180,186.0,268.0,1.0,54.0,0.0,2.0,1.0,8.0,8.0,2.0,2.0,1.0,1.0,2,1.0,1.0,1.0,1.0
10278,80.67806588620007,399.7122635448003,6.050875967485734,60.4236860487714,72.47456201625714,0.0,1.0,59.4236860487714,59.4236860487714,22.4236860487714,22.4236860487714,2.0,2.0,7,6.050875967485734,0.0,0.0,0.0
927,12.0,224.0,0.0,20.0,7.0,0.0,0.0,15.0,15.0,2.0,2.0,1.0,1.0,2,1.0,1.0,2.0,0.0
195,7.0,239.0,1.0,10.0,8.0,0.0,1.0,15.0,15.0,2.0,2.0,1.0,1.0,2,1.0,1.0,2.0,0.0
6240,43.0,437.0,2.0,104.0,11.0,0.0,1.0,27.0,27.0,22.0,22.0,0.0,0.0,10,2.0,0.0,0.0,0.0
4876,62.0,180.0,1.0,77.0,0.0,0.0,0.0,-1.0,-1.0,-1.0,-1.0,-1.0,-1.0,0,-1.0,-1.0,-1.0,-1.0
9430,247.0,252.0,47.0,190.0,0.0,2.0,1.0,46.0,46.0,12.0,12.0,2.0,2.0,7,2.0,0.0,0.0,1.0
6499,73.0,262.0,1.0,21.0,0.0,1.0,0.0,31.0,31.0,28.0,28.0,0.0,0.0,7,1.0,0.0,0.0,0.0
9990,47.0,322.0,4.0,23.0,10.0,4.0,1.0,8.0,8.0,2.0,2.0,1.0,1.0,2,1.0,1.0,1.0,1.0
1310,3.0,218.0,1.0,12.0,0.0,0.0,0.0,11.0,11.0,2.0,2.0,1.0,1.0,2,2.0,1.0,2.0,0.0
4766,36.0,180.0,1.0,12.0,0.0,0.0,0.0,-1.0,0.0,1.0,1.0,0.0,2.0,2,0.0,0.0,0.0,0.0
1751,17.0,400.0,7.0,25.0,13.0,0.0,1.0,9.0,9.0,3.0,3.0,1.0,1.0,2,1.0,1.0,2.0,0.0
10480,28.663368916271178,292.61951872624695,1.8097593631234874,75.57072191062954,0.0,0.19024063687651271,1.0,12.141443821259077,12.141443821259077,5.0926470056416395,5.0926470056416395,1.6195187262469746,1.6195187262469746,7,1.0,0.0,0.0,0.0
94,7.0,239.0,1.0,10.0,8.0,0.0,1.0,10.0,10.0,3.0,3.0,1.0,1.0,2,1.0,1.0,1.0,1.0
7536,56.0,378.0,2.0,173.0,24.0,0.0,1.0,348.0,348.0,132.0,132.0,2.0,2.0,7,4.0,1.0,1.0,0.0
1827,3.0,180.0,1.0,10.0,0.0,0.0,0.0,8.0,8.0,2.0,2.0,1.0,1.0,2,1.0,1.0,1.0,1.0
9380,30.0,226.0,2.0,67.0,0.0,11.0,1.0,46.0,46.0,26.0,26.0,2.0,2.0,7,1.0,0.0,0.0,0.0
7250,80.0,226.0,4.0,856.0,0.0,24.0,1.0,52.0,52.0,35.0,35.0,2.0,2.0,7,2.0,0.0,0.0,0.0
1316,45.0,180.0,1.0,25.0,0.0,0.0,0.0,-1.0,-1.0,-1.0,-1.0,-1.0,-1.0,0,-1.0,-1.0,-1.0,-1.0
7814,83.0,378.0,1.0,265.0,26.0,0.0,1.0,187.0,187.0,99.0,99.0,2.0,2.0,7,1.0,8.0,9.0,0.0
10495,77.96872928112978,262.0,1.0,21.0,0.0,1.0,0.0,34.968729281129775,34.968729281129775,22.0,22.0,2.0,2.0,7,1.9687292811297787,0.0,0.0,0.0
8367,178.0,341.0,4.0,783.0,14.0,0.0,1.0,534.0,534.0,93.0,93.0,2.0,2.0,7,2.0,1.0,2.0,0.0
10002,77.0,338.0,1.0,16.0,8.0,-1.0,2.0,8.0,8.0,2.0,2.0,1.0,1.0,2,1.0,1.0,1.0,1.0
7596,41.0,385.0,7.0,152.0,29.0,0.0,1.0,231.0,231.0,85.0,85.0,8.0,8.0,12,2.0,20.0,20.0,0.0
10200,75.19888472356696,283.0,1.0,21.79959444493344,0.0,3.7995944449334402,0.0,220.20192638656616,220.20192638656616,18.19989861123336,18.19989861123336,2.0,2.0,7,1.0,0.0,0.0,0.0
3859,34.0,525.0,3.0,70.0,119.0,0.0,1.0,69.0,69.0,4.0,4.0,1.0,1.0,2,3.0,0.0,0.0,1.0
10148,51.356034112697614,299.408614028557,5.780170563488061,290.4922387888833,3.560341126976121,0.3560341126976121,1.0,31.931897661907165,31.931897661907165,12.136204676185672,12.136204676185672,2.0,2.0,7,4.219829436511939,0.0,0.0,0.0
1381,11.0,288.0,1.0,10.0,19.0,0.0,1.0,9.0,9.0,2.0,2.0,0.0,1.0,2,0.0,1.0,2.0,0.0
9112,101.0,283.0,1.0,38.0,0.0,20.0,0.0,11.0,11.0,3.0,3.0,2.0,2.0,7,1.0,0.0,0.0,0.0
9319,30.0,298.0,2.0,17.0,0.0,2.0,0.0,127.0,127.0,23.0,23.0,2.0,2.0,7,1.0,0.0,0.0,0.0
4192,6.0,218.0,1.0,10.0,0.0,0.0,0.0,-1.0,-1.0,-1.0,-1.0,-1.0,-1.0,0,-1.0,-1.0,-1.0,-1.0
7105,95.0,492.0,1.0,137.0,17.0,1.0,1.0,273.0,273.0,29.0,29.0,2.0,2.0,7,1.0,0.0,0.0,0.0
1657,27.0,246.0,1.0,10.0,7.0,0.0,0.0,9.0,9.0,3.0,3.0,1.0,1.0,2,1.0,1.0,1.0,1.0
10115,125.0,403.66723490790775,2.0,1482.3327650920921,14.0,0.0,1.0,146.64325723107794,146.64325723107794,59.166869609967065,59.166869609967065,2.309518011143798,2.309518011143798,7,2.0,1.309518011143798,2.309518011143798,0.0
5636,39.0,299.0,2.0,25.0,8.0,0.0,1.0,24.0,24.0,5.0,5.0,1.0,1.0,2,2.0,0.0,0.0,0.0
3940,244.0,273.0,54.0,289.0,7.0,5.0,1.0,77.0,77.0,17.0,17.0,2.0,2.0,7,3.0,0.0,0.0,0.0
1701,27.0,246.0,1.0,10.0,7.0,0.0,0.0,8.0,8.0,2.0,2.0,1.0,1.0,2,1.0,1.0,1.0,1.0
8067,314.0,413.0,3.0,703.0,30.0,0.0,1.0,523.0,523.0,28.0,28.0,4.0,4.0,12,4.0,1.0,2.0,0.0
470,16.0,180.0,1.0,7.0,0.0,0.0,0.0,19.0,19.0,9.0,9.0,1.0,1.0,2,1.0,0.0,0.0,0.0
6726,97.0,262.0,1.0,21.0,0.0,1.0,0.0,43.0,43.0,11.0,11.0,2.0,2.0,7,2.0,0.0,0.0,0.0
2379,74.0,355.0,1.0,16.0,10.0,-1.0,2.0,9.0,9.0,1.0,1.0,1.0,1.0,2,1.0,1.0,2.0,1.0
1577,14.0,224.0,0.0,20.0,7.0,0.0,0.0,5.0,4.0,1.0,0.0,0.0,0.0,1,1.0,0.0,0.0,1.0
8224,3.0,384.0,2.0,15.0,27.0,0.0,1.0,14.0,14.0,2.0,2.0,1.0,1.0,2,2.0,0.0,0.0,0.0
1248,11.0,180.0,25.0,46.0,0.0,0.0,0.0,14.0,14.0,2.0,2.0,1.0,1.0,2,1.0,2.0,3.0,1.0
1638,15.0,294.0,1.0,10.0,16.0,0.0,1.0,8.0,7.0,2.0,2.0,1.0,1.0,2,1.0,1.0,1.0,1.0
7452,67.0,375.0,3.0,465.0,41.0,0.0,1.0,307.0,307.0,297.0,297.0,0.0,0.0,10,6.0,0.0,0.0,0.0
9265,14.0,308.0,1.0,63.0,13.0,0.0,1.0,11.0,11.0,3.0,3.0,2.0,2.0,7,1.0,0.0,0.0,0.0
4346,89.0,331.0,5.0,204.0,43.0,15.0,1.0,-1.0,-1.0,-1.0,-1.0,-1.0,-1.0,0,-1.0,-1.0,-1.0,-1.0
9375,101.0,273.0,2.0,197.0,0.0,0.0,1.0,100.0,100.0,95.0,95.0,0.0,0.0,7,3.0,0.0,0.0,0.0
3237,9.0,180.0,1.0,9.0,0.0,0.0,0.0,34.0,34.0,5.0,5.0,0.0,0.0,2,1.0,0.0,0.0,0.0
8904,13.0,229.0,3.0,20.0,0.0,0.0,1.0,19.0,19.0,3.0,3.0,1.0,1.0,2,3.0,0.0,0.0,0.0
6817,82.0,262.0,1.0,21.0,0.0,1.0,0.0,11.0,11.0,3.0,3.0,2.0,2.0,7,1.0,0.0,0.0,0.0
7603,77.0,416.0,2.0,329.0,27.0,0.0,1.0,140.0,140.0,134.0,134.0,0.0,0.0,10,2.0,0.0,0.0,0.0
10502,314.9124851138434,363.75291287226827,5.890606392304236,30.175029772313223,38.56242556921694,5.868727670765083,0.0,12.54696803847882,12.54696803847882,4.021878721539153,4.021878721539153,2.0,2.0,7,1.0,0.0,0.0,0.0
5417,31.0,297.0,8.0,42.0,0.0,0.0,1.0,41.0,41.0,9.0,9.0,1.0,1.0,2,8.0,0.0,0.0,0.0
8256,6.0,353.0,1.0,38.0,16.0,0.0,1.0,30.0,30.0,9.0,9.0,1.0,1.0,2,1.0,0.0,0.0,0.0
6708,92.0,283.0,1.0,35.0,0.0,17.0,0.0,6.0,6.0,2.0,2.0,1.0,1.0,2,1.0,0.0,0.0,0.0
7781,87.0,382.0,2.0,452.0,17.0,0.0,1.0,69.0,69.0,63.0,63.0,0.0,0.0,10,2.0,0.0,0.0,0.0
1394,12.0,224.0,0.0,20.0,7.0,0.0,0.0,4.0,4.0,1.0,1.0,0.0,1.0,1,1.0,1.0,1.0,1.0
1869,1.0,180.0,1.0,111612.0,0.0,0.0,0.0,9.0,9.0,3.0,3.0,1.0,1.0,2,1.0,1.0,2.0,0.0
7322,93.0,355.0,12.0,875.0,30.0,0.0,1.0,23.0,23.0,20.0,20.0,0.0,0.0,7,1.0,0.0,0.0,0.0
727,1.0,180.0,1.0,111113.0,0.0,0.0,0.0,18.0,18.0,7.0,6.0,2.0,2.0,7,1.0,1.0,2.0,0.0
2608,15.0,254.0,1.0,16.0,1.0,-1.0,2.0,7.0,7.0,2.0,2.0,1.0,1.0,2,1.0,0.0,0.0,0.0
8448,154.0,298.0,5.0,32.0,0.0,5.0,0.0,11.0,11.0,3.0,3.0,2.0,2.0,7,1.0,0.0,0.0,0.0
376,5.0,180.0,1.0,132.0,0.0,0.0,0.0,10.0,10.0,2.0,2.0,1.0,1.0,2,1.0,1.0,2.0,0.0
4095,34.0,351.0,3.0,19.0,13.0,3.0,1.0,-1.0,-1.0,-1.0,-1.0,-1.0,-1.0,0,-1.0,-1.0,-1.0,-1.0
5132,630.0,256.0,36.0,196.0,0.0,0.0,1.0,-1.0,0.0,0.0,1.0,0.0,1.0,2,0.0,0.0,1.0,0.0
3271,16.0,180.0,1.0,10.0,0.0,0.0,0.0,74.0,74.0,18.0,18.0,3.0,3.0,10,8.0,1.0,1.0,1.0
3157,90.0,180.0,1.0,77.0,0.0,0.0,0.0,9.0,9.0,2.0,2.0,0.0,1.0,2,0.0,1.0,2.0,0.0
10787,272.3555597100206,273.0,1.0,144.46827028936661,0.0,1.0460314492842433,1.0,89.09206289856849,89.09206289856849,33.81587420286303,33.81587420286303,2.0,2.0,7,1.0,0.0,0.0,0.0
6551,67.0,283.0,1.0,24.0,0.0,6.0,0.0,6.0,6.0,2.0,2.0,1.0,1.0,2,1.0,0.0,0.0,0.0
8356,185.0,387.0,4.0,1926.0,34.0,0.0,1.0,288.0,288.0,56.0,56.0,2.0,2.0,7,4.0,1.0,2.0,0.0
4230,7.0,210.0,1.0,9.0,4.0,0.0,0.0,-1.0,-1.0,-1.0,-1.0,-1.0,-1.0,0,-1.0,-1.0,-1.0,-1.0
7477,50.0,431.0,1.0,127.0,30.0,0.0,1.0,229.0,229.0,220.0,220.0,0.0,0.0,10,5.0,0.0,0.0,0.0
4240,4.0,180.0,1.0,8.0,0.0,0.0,0.0,14.0,15.0,1.0,1.0,1.0,1.0,1,25.0,2.0,3.0,0.0
1111,13.0,256.0,1.0,16.0,0.0,0.0,0.0,14.0,14.0,2.0,2.0,1.0,1.0,2,1.0,2.0,3.0,1.0
8994,138.0,224.0,13.0,140.0,0.0,0.0,1.0,11.0,11.0,3.0,3.0,2.0,2.0,7,1.0,0.0,0.0,0.0
8500,103.0,283.0,1.0,50.0,0.0,32.0,0.0,29.0,29.0,17.0,17.0,2.0,2.0,7,1.0,0.0,0.0,0.0
3864,36.0,516.0,4.0,73.0,126.0,0.0,1.0,35.0,35.0,2.0,2.0,1.0,1.0,2,2.0,0.0,0.0,1.0
7889,53.0,415.0,2.0,202.0,24.0,0.0,1.0,97.0,97.0,34.0,34.0,2.0,2.0,2,1.0,2.0,3.0,0.0
1161,8.0,180.0,1.0,11.0,0.0,0.0,0.0,19.0,19.0,9.0,9.0,1.0,1.0,2,1.0,5.0,6.0,0.0
1692,3.0,180.0,1.0,10.0,0.0,0.0,0.0,8.0,7.0,2.0,2.0,1.0,1.0,2,1.0,1.0,1.0,1.0
3375,6.0,180.0,7.0,18.0,0.0,0.0,0.0,44.0,44.0,14.0,14.0,2.0,2.0,7,1.0,0.0,0.0,0.0
4604,7.0,180.0,1.0,11.0,0.0,0.0,0.0,19.0,19.0,9.0,9.0,1.0,1.0,2,1.0,0.0,0.0,0.0
2589,94.0,180.0,1.0,9.0,0.0,0.0,0.0,9.0,9.0,3.0,3.0,1.0,1.0,2,1.0,1.0,1.0,1.0
3659,-1.0,-1.0,-1.0,-1.0,-1.0,-1.0,2.0,9.0,9.0,1.0,1.0,1.0,1.0,2,1.0,1.0,2.0,1.0
2434,9.0,224.0,0.0,20.0,7.0,0.0,0.0,68.0,68.0,51.0,51.0,1.0,1.0,2,1.0,5.0,6.0,0.0
3100,17.0,180.0,1.0,10.0,0.0,0.0,0.0,89.0,89.0,31.0,31.0,1.0,1.0,7,12.0,4.0,5.0,0.0
9543,13.0,252.0,5.0,26.0,0.0,0.0,1.0,143.0,143.0,62.0,62.0,2.0,2.0,7,48.0,0.0,0.0,0.0
10678,83.5757494230558,424.90631681813187,2.9338865209847813,732.6804066782333,29.443522465025364,0.0,1.0,48.28372580414204,48.28372580414204,40.528907832121746,40.528907832121746,0.0,0.0,11,2.3774089860101455,0.0,0.0,0.0
4284,36.0,248.0,1.0,10.0,7.0,0.0,0.0,-1.0,-1.0,-1.0,-1.0,-1.0,-1.0,0,-1.0,-1.0,-1.0,-1.0
6641,78.0,283.0,1.0,26.0,0.0,8.0,0.0,26.0,26.0,14.0,14.0,2.0,2.0,7,1.0,0.0,0.0,0.0
5765,63.0,358.0,3.0,46.0,48.0,0.0,1.0,45.0,45.0,19.0,19.0,2.0,2.0,7,3.0,0.0,0.0,0.0
6184,31.0,298.0,1.0,12.0,0.0,1.0,0.0,6.0,6.0,2.0,2.0,1.0,1.0,2,1.0,0.0,0.0,0.0
8160,330.0,500.0,20.0,3729.0,43.0,1.0,1.0,69.0,69.0,27.0,27.0,2.0,2.0,7,6.0,0.0,0.0,0.0
5123,44.0,180.0,3.0,125.0,0.0,0.0,1.0,16.0,11.0,4.0,4.0,1.0,1.0,2,1.0,1.0,1.0,1.0
5512,45.0,483.0,6.0,497.0,66.0,0.0,1.0,46.0,46.0,18.0,18.0,2.0,2.0,7,6.0,0.0,0.0,0.0
5054,564.0,180.0,51.0,128.0,0.0,21.0,1.0,-1.0,-1.0,-1.0,-1.0,-1.0,-1.0,0,-1.0,-1.0,-1.0,-1.0
3887,60.0,403.0,3.0,62.0,36.0,1.0,1.0,51.0,51.0,8.0,8.0,2.0,2.0,7,2.0,0.0,0.0,0.0
8556,244.0,305.0,5.0,987.0,6.0,72.0,1.0,217.0,217.0,160.0,160.0,2.0,2.0,7,7.0,0.0,0.0,0.0
4534,675.0,180.0,1.0,350.0,0.0,0.0,0.0,-1.0,-1.0,-1.0,-1.0,-1.0,-1.0,0,-1.0,-1.0,-1.0,-1.0
2968,47.0,268.0,1.0,73.0,0.0,4.0,1.0,8.0,8.0,2.0,2.0,1.0,1.0,2,1.0,1.0,1.0,1.0
4428,41.0,180.0,1.0,11.0,0.0,0.0,0.0,-1.0,-1.0,-1.0,-1.0,-1.0,-1.0,0,-1.0,-1.0,-1.0,-1.0
4498,5.0,180.0,1.0,8.0,0.0,0.0,0.0,0.0,0.0,0.0,0.0,1.0,0.0,1,1.0,2.0,1.0,1.0
10886,89.48577968909919,283.0,1.0,32.0,0.0,14.0,0.0,31.30284406218016,31.30284406218016,19.30284406218016,19.30284406218016,2.0,2.0,7,1.0,0.0,0.0,0.0
7226,56.0,289.0,1.0,274.0,1.0,8.0,1.0,69.0,69.0,36.0,36.0,2.0,2.0,7,2.0,0.0,0.0,0.0
5022,405.0,180.0,1.0,7.0,0.0,0.0,0.0,-1.0,0.0,1.0,1.0,0.0,2.0,2,0.0,0.0,0.0,0.0
8468,142.0,282.0,4.0,44.0,0.0,4.0,1.0,67.0,67.0,16.0,16.0,2.0,2.0,7,7.0,0.0,0.0,0.0
2593,4.0,402.0,2.0,14.0,11.0,0.0,1.0,9.0,9.0,3.0,3.0,1.0,1.0,2,1.0,1.0,1.0,1.0
5478,70.0,378.0,13.0,85.0,13.0,0.0,1.0,54.0,54.0,38.0,38.0,0.0,0.0,10,13.0,0.0,0.0,0.0
6107,59.0,262.0,1.0,21.0,0.0,1.0,0.0,32.0,32.0,20.0,20.0,2.0,2.0,7,1.0,0.0,0.0,0.0
538,8.0,224.0,1.0,10.0,15.0,0.0,1.0,10.0,10.0,2.0,2.0,1.0,1.0,2,1.0,1.0,2.0,0.0
6386,83.0,272.0,1.0,21.0,0.0,1.0,0.0,24.0,24.0,12.0,12.0,2.0,2.0,7,1.0,0.0,0.0,0.0
5853,33.0,252.0,12.0,52.0,0.0,0.0,1.0,51.0,51.0,14.0,14.0,2.0,2.0,7,12.0,0.0,0.0,0.0
1604,180.0,331.0,1.0,32.0,42.0,0.0,1.0,8.0,8.0,2.0,2.0,1.0,1.0,2,1.0,1.0,1.0,1.0
4164,37.0,338.0,1.0,200006.0,13.0,0.0,1.0,15.0,15.0,2.0,2.0,1.0,1.0,2,1.0,1.0,2.0,0.0
3285,2.0,180.0,1.0,11.0,0.0,0.0,1.0,80.0,80.0,28.0,27.0,1.0,1.0,7,1.0,3.0,4.0,0.0
4852,73.0,280.0,1.0,229.0,0.0,24.0,1.0,10.0,10.0,3.0,3.0,1.0,1.0,2,1.0,1.0,1.0,1.0
7660,42.0,358.0,2.0,168.0,27.0,0.0,1.0,110.0,110.0,37.0,37.0,2.0,2.0,2,2.0,2.0,3.0,0.0
10575,23.54134393296131,229.0,15.18044797765377,59.0,0.0,0.0,1.0,62.91731213407738,62.91731213407738,16.81955202234623,16.81955202234623,1.0,1.0,2,16.0,0.0,0.0,0.0
10117,92.88222921201091,380.2010164798302,16.541622845920532,93.82842621716712,25.343147565665756,2.742639325750682,1.0,101.17157378283288,101.17157378283288,90.42893445708219,90.42893445708219,0.0,0.0,2,7.656852434334243,0.0,0.0,0.9142131085835608
10896,1.0,351.1993235741646,1.0,10.798985361246974,14.19932357416465,0.0,0.40033821291767524,8.599661787082324,8.599661787082324,1.5996617870823249,1.5996617870823249,1.0,1.0,2,1.0,0.0,0.0,0.0
2916,15.0,371.0,1.0,16.0,16.0,-1.0,2.0,95.0,95.0,52.0,52.0,1.0,1.0,2,1.0,4.0,5.0,0.0
6305,43.0,279.0,2.0,26.0,0.0,2.0,1.0,6.0,6.0,2.0,2.0,1.0,1.0,2,1.0,0.0,0.0,0.0
987,9.0,376.0,5.0,20.0,0.0,0.0,1.0,19.0,19.0,9.0,9.0,1.0,1.0,2,1.0,0.0,0.0,0.0
2270,37.0,180.0,1.0,11.0,0.0,0.0,0.0,9.0,9.0,2.0,2.0,0.0,1.0,1,1.0,2.0,3.0,0.0
6850,91.0,283.0,1.0,26.0,0.0,8.0,0.0,6.0,6.0,2.0,2.0,1.0,1.0,2,1.0,0.0,0.0,0.0
126,15.0,180.0,1.0,10.0,0.0,0.0,0.0,21.0,21.0,10.0,10.0,1.0,1.0,2,2.0,0.0,0.0,0.0
2256,5.0,218.0,1.0,10.0,0.0,0.0,0.0,9.0,9.0,2.0,2.0,0.0,1.0,2,0.0,1.0,2.0,0.0
3040,203.0,376.0,1.0,27.0,0.0,2.0,0.0,8.0,7.0,2.0,2.0,1.0,1.0,2,1.0,0.0,1.0,1.0
6514,90.0,298.0,3.0,22.0,0.0,3.0,0.0,25.0,25.0,13.0,13.0,2.0,2.0,7,1.0,0.0,0.0,0.0
6545,86.0,283.0,1.0,28.0,0.0,10.0,0.0,39.0,39.0,27.0,27.0,2.0,2.0,7,1.0,0.0,0.0,0.0
7169,76.0,262.0,1.0,21.0,0.0,1.0,0.0,234.0,234.0,15.0,15.0,2.0,2.0,7,1.0,0.0,0.0,0.0
9245,103.0,283.0,1.0,139.0,0.0,1.0,1.0,269.0,269.0,18.0,18.0,2.0,2.0,7,1.0,0.0,0.0,0.0
10712,65.526585443809,305.0,3.0,539.9417056800112,6.0,21.787316449528067,1.0,71.14926579811227,71.14926579811227,43.99487656762916,43.99487656762916,2.0,2.0,7,2.0,0.0,0.0,0.0
5738,57.0,379.0,2.0,42.0,69.0,0.0,1.0,41.0,41.0,17.0,17.0,2.0,2.0,7,2.0,0.0,0.0,0.0
4028,80.0,180.0,1.0,10.0,0.0,0.0,0.0,10.0,10.0,2.0,2.0,1.0,1.0,2,1.0,1.0,1.0,0.0
3225,8.0,225.0,2.0,12.0,0.0,0.0,1.0,8.0,8.0,2.0,2.0,1.0,1.0,2,1.0,1.0,1.0,1.0
285,1.0,180.0,1.0,111612.0,0.0,0.0,0.0,14.0,15.0,1.0,1.0,1.0,1.0,1,1.0,2.0,3.0,0.0
314,10.0,256.0,1.0,16.0,0.0,0.0,0.0,15.0,15.0,2.0,2.0,1.0,1.0,2,1.0,2.0,3.0,1.0
3327,8.0,180.0,1.0,10.0,0.0,0.0,0.0,8.0,8.0,2.0,2.0,1.0,1.0,2,1.0,1.0,1.0,1.0
1721,138.0,256.0,1.0,73.0,0.0,1.0,0.0,8.0,8.0,2.0,2.0,1.0,1.0,2,1.0,1.0,1.0,1.0
4554,36.0,258.0,1.0,10.0,7.0,0.0,0.0,0.0,1.0,1.0,0.0,1.0,1.0,2,0.0,0.0,0.0,0.0
680,77.0,369.0,1.0,16.0,16.0,-1.0,2.0,10.0,10.0,2.0,2.0,1.0,1.0,2,1.0,1.0,2.0,0.0
2479,77.0,338.0,1.0,16.0,16.0,-1.0,2.0,35.0,35.0,18.0,18.0,1.0,1.0,2,1.0,5.0,6.0,0.0
977,8.0,247.0,1.0,19.0,0.0,0.0,0.0,10.0,10.0,3.0,3.0,1.0,1.0,2,1.0,1.0,1.0,1.0
1960,17.0,243.0,1.0,10.0,6.0,0.0,0.0,9.0,9.0,3.0,3.0,1.0,1.0,2,1.0,1.0,1.0,1.0
1525,15.0,224.0,0.0,20.0,7.0,0.0,0.0,4.0,4.0,1.0,1.0,0.0,1.0,1,1.0,1.0,1.0,1.0
2723,75.0,256.0,1.0,36.0,0.0,12.0,0.0,9.0,9.0,2.0,2.0,0.0,1.0,1,1.0,1.0,2.0,0.0
7387,67.0,392.0,1.0,221.0,45.0,0.0,1.0,47.0,47.0,40.0,40.0,0.0,0.0,12,3.0,0.0,0.0,0.0
3883,-1.0,-1.0,-1.0,-1.0,-1.0,-1.0,2.0,66.0,66.0,4.0,4.0,1.0,1.0,2,3.0,0.0,0.0,1.0
8283,87.0,264.0,1.0,25.0,26.0,0.0,1.0,24.0,24.0,4.0,4.0,1.0,1.0,2,1.0,0.0,0.0,1.0
4154,9.0,180.0,0.0,137.0,0.0,0.0,0.0,10.0,10.0,2.0,2.0,1.0,1.0,2,1.0,1.0,2.0,0.0
1681,3.0,180.0,0.0,8.0,0.0,0.0,0.0,8.0,7.0,2.0,2.0,1.0,1.0,2,1.0,1.0,1.0,1.0
11017,193.79166231811564,343.0,3.0,159.98957789764455,49.0,75.79166231811564,1.0,74.6006948068237,74.6006948068237,36.6006948068237,36.6006948068237,2.0,2.0,7,3.0,0.0,0.0,0.0
3691,-1.0,-1.0,-1.0,-1.0,-1.0,-1.0,2.0,56.0,56.0,39.0,39.0,1.0,1.0,13,4.0,0.0,0.0,0.0
1891,101.0,180.0,1.0,9.0,0.0,0.0,0.0,9.0,9.0,3.0,3.0,1.0,1.0,2,1.0,1.0,1.0,1.0
9141,25.0,298.0,1.0,12.0,0.0,1.0,0.0,26.0,26.0,14.0,14.0,2.0,2.0,7,1.0,0.0,0.0,0.0
779,9.0,180.0,31.0,70.0,0.0,0.0,0.0,21.0,21.0,16.0,16.0,0.0,0.0,10,2.0,1.0,1.0,0.0
8029,93.0,369.0,2.0,583.0,33.0,0.0,1.0,129.0,129.0,122.0,122.0,0.0,0.0,14,3.0,0.0,0.0,0.0
8634,281.0,349.0,33.0,346.0,36.0,3.0,1.0,372.0,372.0,58.0,58.0,2.0,2.0,7,38.0,0.0,0.0,0.0
5687,83.0,299.0,12.0,59.0,8.0,0.0,1.0,58.0,58.0,16.0,16.0,1.0,1.0,2,12.0,0.0,0.0,0.0
5131,81.0,256.0,1.0,72.0,0.0,1.0,0.0,22.0,22.0,8.0,8.0,1.0,1.0,2,2.0,0.0,0.0,1.0
5773,59.0,375.0,2.0,44.0,65.0,0.0,1.0,43.0,43.0,18.0,18.0,2.0,2.0,7,2.0,0.0,0.0,0.0
5086,45.0,180.0,1.0,15.0,0.0,0.0,0.0,13.0,13.0,2.0,2.0,1.0,1.0,2,1.0,2.0,3.0,1.0
5743,64.0,335.0,4.0,47.0,8.0,0.0,1.0,46.0,46.0,12.0,12.0,1.0,1.0,2,4.0,0.0,0.0,0.0
2634,17.0,250.0,1.0,15.0,0.0,0.0,0.0,58.0,58.0,10.0,10.0,0.0,0.0,2,1.0,0.0,0.0,0.0
5290,10.0,180.0,15.0,45.0,0.0,0.0,0.0,13.0,13.0,2.0,2.0,1.0,1.0,2,1.0,2.0,3.0,1.0
9422,114.0,296.0,2.0,113.0,0.0,1.0,1.0,-1.0,-1.0,-1.0,-1.0,-1.0,-1.0,0,-1.0,-1.0,-1.0,-1.0
4551,6.0,180.0,1.0,10.0,0.0,0.0,0.0,-1.0,-1.0,-1.0,-1.0,-1.0,-1.0,0,-1.0,-1.0,-1.0,-1.0
2478,4.0,201.0,1.0,52.0,0.0,0.0,0.0,9.0,9.0,2.0,2.0,0.0,1.0,1,1.0,1.0,2.0,0.0
10692,42.58114275682444,415.2166849518658,1.0,132.77062798958175,29.01359985955422,0.0,1.0,69.58114275682443,69.58114275682443,63.58114275682444,63.58114275682444,0.0,0.0,10,2.0,0.0,0.0,0.0
11027,62.48676454119328,335.0,4.504411819602239,43.97352908238657,8.0,0.0,1.0,42.97352908238657,42.97352908238657,11.495588180397762,11.495588180397762,1.0,1.0,2,4.504411819602239,0.0,0.0,0.0
1548,177.0,269.0,1.0,42.0,3.0,0.0,0.0,9.0,9.0,3.0,3.0,1.0,1.0,2,1.0,1.0,1.0,1.0
607,35.0,258.0,1.0,10.0,7.0,0.0,0.0,10.0,10.0,3.0,3.0,1.0,1.0,2,1.0,1.0,1.0,1.0
8475,200.0,282.0,6.0,58.0,0.0,6.0,1.0,39.0,39.0,10.0,10.0,2.0,2.0,7,4.0,0.0,0.0,0.0
716,16.0,180.0,1.0,10.0,0.0,0.0,0.0,22.0,22.0,7.0,7.0,1.0,1.0,2,6.0,1.0,2.0,1.0
364,15.0,224.0,0.0,20.0,7.0,0.0,0.0,1.0,0.0,0.0,0.0,0.0,0.0,1,0.0,0.0,0.0,0.0
9836,159.0,276.0,78.0,265.0,10.0,0.0,1.0,338.0,338.0,39.0,39.0,2.0,2.0,7,11.0,0.0,0.0,0.0
1247,8.0,255.0,1.0,10.0,20.0,0.0,1.0,14.0,14.0,2.0,2.0,1.0,1.0,2,1.0,2.0,3.0,1.0
10024,38.0,338.0,1.0,200006.0,13.0,0.0,1.0,9.0,9.0,3.0,3.0,1.0,1.0,2,1.0,1.0,1.0,1.0
9227,186.0,265.0,2.0,24.0,0.0,2.0,0.0,194.0,194.0,20.0,20.0,2.0,2.0,7,3.0,0.0,0.0,0.0
4546,5.0,180.0,1.0,10.0,0.0,0.0,0.0,13.0,13.0,3.0,3.0,1.0,1.0,2,2.0,1.0,2.0,1.0
300,8.0,180.0,1.0,11.0,0.0,0.0,0.0,22.0,22.0,6.0,6.0,1.0,1.0,1,3.0,2.0,0.0,2.0
2004,3.0,218.0,1.0,10.0,0.0,0.0,0.0,9.0,9.0,2.0,2.0,0.0,1.0,2,0.0,1.0,2.0,0.0
2067,2.0,180.0,1.0,10.0,0.0,0.0,0.0,9.0,9.0,2.0,2.0,0.0,1.0,1,1.0,1.0,2.0,0.0
3196,4.0,464.0,2.0,14.0,12.0,0.0,1.0,8.0,8.0,2.0,2.0,1.0,1.0,2,1.0,1.0,1.0,1.0
3558,35.0,258.0,1.0,10.0,7.0,0.0,0.0,8.0,8.0,2.0,2.0,1.0,1.0,2,1.0,1.0,1.0,1.0
6737,81.0,265.0,1.0,21.0,0.0,1.0,0.0,41.0,41.0,29.0,29.0,2.0,2.0,7,1.0,0.0,0.0,0.0
10505,84.18734530627603,429.5255442018704,2.0,752.7907596635494,30.83454972389859,0.0,1.0,54.849146410681676,54.849146410681676,46.51094751508731,46.51094751508731,0.0,0.0,12,2.669099447797181,0.0,0.0,0.0
9953,77.0,335.0,1.0,16.0,16.0,-1.0,2.0,7.0,6.0,2.0,2.0,1.0,1.0,2,1.0,1.0,1.0,1.0
5393,89.0,288.0,4.0,36.0,11.0,0.0,1.0,35.0,35.0,10.0,10.0,1.0,1.0,2,4.0,0.0,0.0,0.0
9709,14.0,229.0,11.0,45.0,0.0,0.0,1.0,77.0,77.0,21.0,21.0,1.0,1.0,2,21.0,0.0,0.0,0.0
4515,6.0,201.0,1.0,996.0,0.0,0.0,0.0,-1.0,0.0,1.0,1.0,0.0,1.0,2,0.0,0.0,0.0,0.0
4779,75.0,375.0,1.0,16.0,16.0,-1.0,2.0,-1.0,-1.0,-1.0,-1.0,-1.0,-1.0,0,-1.0,-1.0,-1.0,-1.0
10855,93.1863745750353,283.0,1.0,29.0,0.0,11.0,0.0,135.1863745750353,135.1863745750353,29.37274915007059,29.37274915007059,2.0,2.0,7,1.0,0.0,0.0,0.0
7159,77.0,262.0,1.0,21.0,0.0,1.0,0.0,32.0,32.0,20.0,20.0,2.0,2.0,7,1.0,0.0,0.0,0.0
1089,9.0,180.0,1.0,9.0,0.0,0.0,0.0,14.0,14.0,4.0,4.0,1.0,1.0,2,5.0,1.0,2.0,1.0
10230,59.86952048336756,383.3914385498973,2.8695204833675554,49.21712290020533,73.39143854989733,0.0,1.0,48.21712290020533,48.21712290020533,19.73904096673511,19.73904096673511,2.0,2.0,7,2.8695204833675554,0.0,0.0,0.0
5047,91.0,180.0,1.0,77.0,0.0,0.0,0.0,-1.0,-1.0,-1.0,-1.0,-1.0,-1.0,0,-1.0,-1.0,-1.0,-1.0
1794,16.0,205.0,1.0,49.0,4.0,0.0,0.0,8.0,8.0,2.0,2.0,1.0,1.0,2,1.0,1.0,1.0,1.0
3694,-1.0,-1.0,-1.0,-1.0,-1.0,-1.0,2.0,39.0,39.0,12.0,12.0,1.0,1.0,2,1.0,0.0,0.0,0.0
2742,2.0,180.0,1.0,11.0,0.0,0.0,1.0,9.0,9.0,2.0,2.0,0.0,1.0,1,1.0,1.0,2.0,0.0
9607,115.0,254.0,3.0,56.0,0.0,0.0,1.0,67.0,67.0,48.0,48.0,0.0,0.0,10,5.0,0.0,0.0,0.0
4272,40.0,238.0,1.0,18.0,0.0,1.0,0.0,-1.0,-1.0,-1.0,-1.0,-1.0,-1.0,0,-1.0,-1.0,-1.0,-1.0
8324,118.0,356.0,4.0,948.0,14.0,0.0,1.0,231.0,231.0,37.0,37.0,1.0,1.0,2,2.0,2.0,3.0,0.0
7630,67.0,352.0,1.0,451.0,14.0,0.0,1.0,91.0,91.0,81.0,81.0,0.0,0.0,13,4.0,0.0,0.0,0.0
7927,75.0,367.0,2.0,343.0,16.0,0.0,1.0,59.0,59.0,53.0,53.0,0.0,0.0,10,2.0,0.0,0.0,0.0
5510,36.0,382.0,4.0,189.0,88.0,0.0,1.0,70.0,70.0,14.0,14.0,4.0,4.0,10,8.0,0.0,0.0,0.0
4396,9.0,180.0,1.0,10.0,0.0,0.0,0.0,-1.0,0.0,1.0,1.0,0.0,2.0,2,0.0,0.0,0.0,0.0
1503,15.0,180.0,1.0,10.0,0.0,0.0,0.0,5.0,5.0,1.0,1.0,1.0,1.0,1,1.0,1.0,1.0,0.0
6637,88.0,283.0,1.0,27.0,0.0,9.0,0.0,30.0,30.0,18.0,18.0,2.0,2.0,7,1.0,0.0,0.0,0.0
5216,12.0,224.0,0.0,20.0,7.0,0.0,0.0,15.0,15.0,7.0,7.0,1.0,1.0,2,1.0,3.0,4.0,0.0
7497,49.0,380.0,2.0,266.0,25.0,0.0,1.0,63.0,63.0,15.0,15.0,3.0,3.0,10,1.0,2.0,3.0,0.0
2491,83.0,180.0,1.0,10.0,0.0,0.0,0.0,91.0,89.0,31.0,31.0,1.0,1.0,7,12.0,4.0,5.0,0.0
6706,73.0,262.0,1.0,21.0,0.0,1.0,0.0,50.0,50.0,38.0,38.0,2.0,2.0,7,1.0,0.0,0.0,0.0
7917,56.0,381.0,2.0,238.0,32.0,0.0,1.0,39.0,39.0,33.0,33.0,0.0,0.0,10,2.0,0.0,0.0,0.0
5559,383.0,311.0,3.0,57.0,30.0,2.0,1.0,56.0,56.0,12.0,12.0,1.0,1.0,2,3.0,0.0,0.0,0.0
10741,37.02258143102965,323.3513573220537,1.9627097717235582,27.082453090335747,12.19432377516507,0.6790967427588139,0.32090325724118607,295.3209032572412,295.3209032572412,31.813548858617793,31.813548858617793,2.0,2.0,7,4.529935829653047,0.0,0.0,0.0
3310,1303.0,279.0,9.0,184.0,0.0,18.0,1.0,9.0,9.0,3.0,3.0,1.0,1.0,2,1.0,1.0,1.0,1.0
978,4.0,389.0,2.0,13.0,11.0,0.0,1.0,14.0,14.0,2.0,2.0,1.0,1.0,2,1.0,2.0,3.0,1.0
1554,10.0,184.0,1.0,11.0,0.0,1.0,1.0,9.0,9.0,3.0,3.0,1.0,1.0,2,1.0,1.0,1.0,1.0
2735,1.0,180.0,1.0,111612.0,0.0,0.0,0.0,9.0,9.0,2.0,2.0,1.0,1.0,2,1.0,1.0,2.0,0.0
6366,85.0,298.0,1.0,13.0,0.0,1.0,0.0,6.0,6.0,2.0,2.0,1.0,1.0,2,1.0,0.0,0.0,0.0
5239,17.0,250.0,1.0,15.0,0.0,0.0,0.0,26.0,26.0,2.0,2.0,1.0,1.0,2,1.0,2.0,3.0,1.0
7422,76.0,331.0,6.0,251.0,18.0,0.0,1.0,80.0,80.0,68.0,68.0,0.0,0.0,10,8.0,0.0,0.0,0.0
1232,14.0,256.0,1.0,16.0,0.0,0.0,0.0,17.0,17.0,3.0,3.0,1.0,1.0,2,7.0,1.0,1.0,1.0
8899,20.0,305.0,2.0,78.0,12.0,0.0,1.0,45.0,45.0,14.0,14.0,2.0,2.0,7,2.0,0.0,0.0,0.0
10768,394.0560142466995,284.61595884286817,77.42403719971534,508.7199782342091,9.72798733626712,0.9119988127750425,1.0,436.8880209743076,436.8880209743076,26.43199683406678,26.43199683406678,1.0,1.0,2,17.21599841703339,0.0,0.0,0.0
4557,8.0,180.0,1.0,10.0,0.0,0.0,0.0,25.0,25.0,11.0,11.0,1.0,1.0,1,2.0,0.0,0.0,0.0
3941,15.0,203.0,1.0,159.0,0.0,0.0,0.0,38.0,38.0,6.0,6.0,1.0,1.0,2,1.0,1.0,1.0,0.0
1784,12.0,224.0,0.0,20.0,7.0,0.0,0.0,8.0,8.0,2.0,2.0,1.0,1.0,2,1.0,1.0,1.0,1.0
2192,3.0,256.0,1.0,16.0,0.0,0.0,0.0,5.0,5.0,1.0,1.0,1.0,1.0,1,1.0,1.0,1.0,0.0
6466,79.0,283.0,1.0,32.0,0.0,14.0,0.0,301.0,301.0,18.0,18.0,2.0,2.0,7,1.0,0.0,0.0,0.0
9651,43.0,271.0,32.0,110.0,0.0,0.0,1.0,44.0,44.0,14.0,14.0,2.0,2.0,7,6.0,0.0,0.0,0.0
1570,17.0,180.0,1.0,10.0,0.0,0.0,0.0,9.0,9.0,2.0,2.0,0.0,1.0,2,0.0,1.0,2.0,0.0
10825,71.2143403291694,381.32657742500237,12.887762904167058,86.27045887708587,13.0,0.0,1.0,53.775525808334116,53.775525808334116,37.831644356250585,37.831644356250585,0.0,0.0,10,12.887762904167058,0.0,0.0,0.0
6142,91.0,265.0,1.0,21.0,0.0,1.0,0.0,11.0,11.0,3.0,3.0,2.0,2.0,7,1.0,0.0,0.0,0.0
10771,105.85467008273308,283.0,1.0,30.96366752068327,0.0,12.96366752068327,0.0,39.21799487590038,39.21799487590038,30.96366752068327,30.96366752068327,0.07266495863346023,0.07266495863346023,7,5.8546700827330795,0.0,0.0,0.0
6411,85.0,265.0,1.0,21.0,0.0,1.0,0.0,6.0,6.0,2.0,2.0,1.0,1.0,2,1.0,0.0,0.0,0.0
7096,79.0,262.0,1.0,21.0,0.0,1.0,0.0,26.0,26.0,14.0,14.0,2.0,2.0,7,1.0,0.0,0.0,0.0
5364,-1.0,-1.0,-1.0,-1.0,-1.0,-1.0,2.0,14.0,15.0,1.0,1.0,1.0,1.0,1,1.0,2.0,4.0,0.0
1009,8.0,180.0,1.0,10.0,0.0,0.0,0.0,21.0,21.0,6.0,6.0,1.0,1.0,2,3.0,2.0,3.0,1.0
9640,246.0,253.0,65.0,633.0,0.0,0.0,1.0,30.0,30.0,10.0,10.0,2.0,2.0,7,1.0,0.0,0.0,0.0
8589,191.0,346.0,4.0,144.0,52.0,94.0,1.0,146.0,146.0,104.0,104.0,2.0,2.0,7,4.0,0.0,0.0,0.0
5156,35.0,355.0,3.0,73.0,39.0,0.0,1.0,-1.0,-1.0,-1.0,-1.0,-1.0,-1.0,0,-1.0,-1.0,-1.0,-1.0
1727,16.0,248.0,1.0,10.0,7.0,0.0,0.0,8.0,8.0,2.0,2.0,1.0,1.0,2,1.0,1.0,1.0,1.0
4463,8.0,180.0,1.0,10.0,0.0,0.0,0.0,-1.0,0.0,1.0,1.0,0.0,2.0,2,0.0,0.0,1.0,0.0
3938,508.0,180.0,1.0,230.0,0.0,0.0,0.0,95.0,95.0,52.0,52.0,1.0,1.0,2,1.0,4.0,5.0,0.0
730,12.0,224.0,0.0,20.0,7.0,0.0,0.0,26.0,26.0,9.0,9.0,1.0,1.0,2,8.0,1.0,2.0,1.0
5969,77.0,283.0,1.0,22.0,0.0,4.0,0.0,21.0,21.0,9.0,9.0,2.0,2.0,7,1.0,0.0,0.0,0.0
7995,62.0,366.0,1.0,361.0,14.0,0.0,1.0,71.0,71.0,66.0,66.0,0.0,0.0,10,1.0,0.0,0.0,0.0
2887,470.0,290.0,1.0,1076.0,26.0,2.0,0.0,8.0,7.0,2.0,2.0,1.0,1.0,2,1.0,1.0,1.0,1.0
9745,30.0,229.0,16.0,60.0,0.0,0.0,1.0,47.0,47.0,12.0,12.0,1.0,1.0,2,12.0,0.0,0.0,0.0
2068,18.0,266.0,1.0,12.0,0.0,1.0,0.0,9.0,9.0,2.0,2.0,0.0,1.0,2,0.0,1.0,2.0,0.0
1347,21.0,180.0,1.0,9.0,0.0,0.0,0.0,8.0,8.0,2.0,2.0,1.0,1.0,2,1.0,1.0,1.0,1.0
7866,70.0,360.0,2.0,327.0,31.0,0.0,1.0,75.0,75.0,67.0,67.0,0.0,0.0,10,4.0,0.0,0.0,0.0
1938,15.0,240.0,2.0,31.0,14.0,0.0,0.0,8.0,8.0,2.0,2.0,1.0,1.0,2,1.0,1.0,1.0,1.0
5049,58.0,288.0,1.0,14.0,0.0,0.0,0.0,12.0,12.0,2.0,2.0,2.0,2.0,7,2.0,1.0,1.0,1.0
10354,77.6735922762484,283.0,1.0,26.4896115856274,0.0,8.489611585627403,0.0,25.6735922762484,25.6735922762484,13.673592276248398,13.673592276248398,2.0,2.0,7,1.0,0.0,0.0,0.0
7348,49.0,554.0,5.0,493.0,88.0,0.0,1.0,21.0,21.0,4.0,4.0,2.0,2.0,7,3.0,0.0,0.0,1.0
9499,60.0,303.0,21.0,255.0,15.0,0.0,1.0,55.0,55.0,26.0,26.0,2.0,2.0,7,4.0,0.0,0.0,0.0
8850,174.0,304.0,1.0,63.0,0.0,0.0,1.0,63.0,63.0,13.0,13.0,2.0,2.0,7,1.0,0.0,0.0,0.0
8522,104.0,283.0,1.0,48.0,0.0,30.0,0.0,15.0,15.0,12.0,12.0,0.0,0.0,7,1.0,0.0,0.0,0.0
10048,375.91964472243126,286.2702029381675,11.109492383029934,105.10949238302993,2.7373095757483625,12.423400979389148,1.0,89.91964472243124,89.91964472243124,24.547461915149672,24.547461915149672,2.437969532119738,2.437969532119738,7,11.875939064239475,0.0,0.0,0.0
2721,4.0,218.0,1.0,10.0,0.0,0.0,0.0,9.0,9.0,3.0,3.0,1.0,1.0,2,1.0,1.0,1.0,1.0
4032,46.0,180.0,1.0,11.0,0.0,0.0,0.0,19.0,19.0,9.0,9.0,1.0,1.0,2,1.0,0.0,0.0,0.0
7269,95.0,305.0,2.0,410.0,6.0,17.0,1.0,73.0,73.0,34.0,34.0,2.0,2.0,7,2.0,0.0,0.0,0.0
1418,2.0,180.0,1.0,111612.0,0.0,0.0,0.0,4.0,4.0,1.0,1.0,0.0,1.0,1,1.0,1.0,1.0,1.0
4717,78.0,333.0,1.0,16.0,0.0,-1.0,2.0,10.0,10.0,3.0,3.0,1.0,1.0,2,1.0,1.0,1.0,1.0
3282,28.0,266.0,1.0,12.0,0.0,1.0,0.0,9.0,9.0,2.0,2.0,2.0,2.0,2,1.0,2.0,3.0,0.0
9633,44.0,299.0,16.0,208.0,11.0,0.0,1.0,1651.0,1651.0,127.0,127.0,4.0,4.0,12,104.0,0.0,0.0,0.0
5003,8.0,180.0,1.0,10.0,0.0,0.0,0.0,12.0,9.0,2.0,2.0,1.0,1.0,2,1.0,1.0,1.0,1.0
6733,79.0,262.0,1.0,21.0,0.0,1.0,0.0,12.0,12.0,4.0,4.0,2.0,2.0,7,1.0,0.0,0.0,0.0
7993,353.0,384.0,7.0,7685.0,14.0,0.0,1.0,182.0,182.0,176.0,176.0,0.0,0.0,10,2.0,0.0,0.0,0.0
5395,74.0,348.0,6.0,46.0,59.0,1.0,1.0,45.0,45.0,12.0,12.0,2.0,2.0,7,6.0,0.0,0.0,0.0
3201,5.0,180.0,0.0,1991.0,0.0,0.0,0.0,48.0,48.0,12.0,12.0,2.0,2.0,7,1.0,1.0,2.0,1.0
2514,8.0,180.0,1.0,11.0,0.0,0.0,0.0,9.0,9.0,3.0,3.0,1.0,1.0,2,1.0,1.0,1.0,1.0
3553,77.0,329.0,1.0,16.0,3.0,-1.0,2.0,9.0,9.0,3.0,3.0,1.0,1.0,2,1.0,1.0,1.0,1.0
5792,91.0,335.0,10.0,81.0,8.0,0.0,1.0,80.0,80.0,20.0,20.0,1.0,1.0,2,10.0,0.0,0.0,0.0
6699,79.0,262.0,1.0,21.0,0.0,1.0,0.0,101.0,101.0,17.0,17.0,2.0,2.0,7,1.0,0.0,0.0,0.0
422,8.0,180.0,1.0,11.0,0.0,0.0,0.0,13.0,13.0,3.0,3.0,1.0,1.0,2,1.0,1.0,2.0,0.0
6280,416.0,282.0,11.0,118.0,0.0,11.0,1.0,42.0,42.0,10.0,10.0,2.0,2.0,7,4.0,0.0,0.0,0.0
1095,3.0,180.0,1.0,10.0,0.0,0.0,0.0,14.0,14.0,2.0,2.0,1.0,1.0,2,1.0,2.0,3.0,1.0
2309,7.0,349.0,4.0,17.0,17.0,0.0,1.0,9.0,9.0,2.0,2.0,0.0,1.0,2,0.0,1.0,2.0,0.0
9547,11.0,229.0,6.0,33.0,0.0,0.0,1.0,56.0,56.0,22.0,22.0,2.0,2.0,7,17.0,0.0,0.0,0.0
251,14.0,256.0,1.0,16.0,0.0,0.0,0.0,12.0,12.0,3.0,3.0,1.0,1.0,2,1.0,1.0,2.0,0.0
8414,141.0,210.0,4.0,20.0,0.0,4.0,0.0,22.0,22.0,12.0,12.0,4.0,4.0,12,4.0,0.0,0.0,0.0
1614,11.0,180.0,25.0,46.0,0.0,0.0,0.0,9.0,9.0,3.0,3.0,1.0,1.0,2,1.0,1.0,1.0,1.0
6127,80.0,283.0,1.0,35.0,0.0,17.0,0.0,6.0,6.0,2.0,2.0,1.0,1.0,2,1.0,0.0,0.0,0.0
9818,11.0,279.0,2.0,38.0,0.0,0.0,1.0,362.0,362.0,35.0,35.0,5.0,5.0,13,11.0,0.0,0.0,0.0
4607,9.0,180.0,1.0,9.0,0.0,0.0,0.0,0.0,0.0,0.0,0.0,1.0,0.0,1,1.0,2.0,1.0,1.0
9758,26.0,252.0,12.0,49.0,0.0,0.0,1.0,38.0,38.0,14.0,14.0,2.0,2.0,7,4.0,0.0,0.0,0.0
5684,38.0,299.0,1.0,22.0,8.0,1.0,1.0,21.0,21.0,5.0,5.0,1.0,1.0,2,1.0,0.0,0.0,0.0
2643,102.0,247.0,1.0,42.0,0.0,0.0,0.0,9.0,9.0,2.0,2.0,0.0,1.0,2,0.0,1.0,2.0,0.0
3171,76.0,305.0,1.0,16.0,16.0,-1.0,2.0,8.0,8.0,2.0,2.0,1.0,1.0,2,1.0,1.0,1.0,1.0
3046,71.0,180.0,1.0,9.0,0.0,0.0,0.0,9.0,9.0,3.0,3.0,1.0,1.0,2,1.0,1.0,1.0,1.0
4130,95.0,180.0,1.0,9.0,0.0,0.0,0.0,-1.0,-1.0,-1.0,-1.0,-1.0,-1.0,0,-1.0,-1.0,-1.0,-1.0
1330,11024.0,4.0,0.0,77.0,0.0,0.0,0.0,16.0,16.0,6.0,6.0,1.0,1.0,2,3.0,1.0,1.0,1.0
1251,7.0,295.0,1.0,16.0,2.0,-1.0,2.0,11.0,11.0,3.0,3.0,0.0,1.0,1,1.0,3.0,4.0,0.0
2043,10.0,398.0,5.0,21.0,9.0,0.0,1.0,8.0,8.0,2.0,2.0,1.0,1.0,2,1.0,1.0,1.0,1.0
4448,4.0,180.0,1.0,111714.0,0.0,0.0,0.0,-1.0,-1.0,-1.0,-1.0,-1.0,-1.0,0,-1.0,-1.0,-1.0,-1.0
2828,6.0,211.0,1.0,18.0,0.0,0.0,0.0,392.0,392.0,114.0,114.0,1.0,1.0,2,107.0,0.0,0.0,0.0
4267,60.0,365.0,1.0,24.0,18.0,0.0,0.0,-1.0,-1.0,-1.0,-1.0,-1.0,-1.0,0,-1.0,-1.0,-1.0,-1.0
5764,60.0,353.0,2.0,44.0,43.0,0.0,1.0,43.0,43.0,18.0,18.0,2.0,2.0,7,2.0,0.0,0.0,1.0
6490,93.0,283.0,1.0,36.0,0.0,18.0,0.0,6.0,6.0,2.0,2.0,1.0,1.0,2,1.0,0.0,0.0,0.0
2334,4.0,256.0,1.0,15.0,0.0,0.0,0.0,7.0,6.0,1.0,1.0,0.0,1.0,2,1.0,1.0,2.0,0.0
3301,186.0,180.0,1.0,138.0,0.0,1.0,0.0,4.0,4.0,1.0,1.0,0.0,1.0,1,1.0,1.0,1.0,1.0
4589,6.0,256.0,1.0,16.0,0.0,0.0,0.0,0.0,1.0,1.0,0.0,1.0,1.0,2,0.0,0.0,0.0,0.0
10499,70.43960948593305,272.0,1.0,21.0,0.0,1.0,0.0,28.0,28.0,16.0,16.0,2.0,2.0,7,1.0,0.0,0.0,0.0
7471,79.0,367.0,2.0,369.0,27.0,0.0,1.0,194.0,194.0,182.0,182.0,0.0,0.0,13,4.0,0.0,0.0,0.0
279,13.0,180.0,1.0,9.0,0.0,0.0,0.0,19.0,19.0,9.0,9.0,1.0,1.0,2,1.0,5.0,6.0,0.0
1211,23.0,277.0,1.0,30.0,0.0,0.0,0.0,14.0,14.0,2.0,2.0,1.0,1.0,2,1.0,2.0,3.0,1.0
5644,46.0,360.0,2.0,53.0,52.0,0.0,1.0,60.0,60.0,15.0,15.0,3.0,3.0,10,2.0,0.0,0.0,0.0
11064,60.2277506029062,319.36349982774107,15.045249741611627,73.50075094742402,35.090499483223255,0.0,1.0,71.2277506029062,71.2277506029062,18.954750258388373,18.954750258388373,1.6817499138705427,1.6817499138705427,5,15.045249741611627,0.0,0.0,0.0
1331,3.0,218.0,1.0,12.0,0.0,0.0,0.0,17.0,17.0,5.0,5.0,1.0,1.0,2,3.0,1.0,1.0,1.0
1027,7.0,239.0,1.0,10.0,8.0,0.0,1.0,21.0,21.0,10.0,10.0,1.0,1.0,2,2.0,0.0,0.0,0.0
9084,24.0,298.0,1.0,12.0,0.0,1.0,0.0,19.0,19.0,6.0,6.0,2.0,2.0,7,1.0,0.0,0.0,0.0
9951,9.0,376.0,5.0,20.0,0.0,0.0,1.0,9.0,9.0,3.0,3.0,1.0,1.0,2,1.0,1.0,1.0,1.0
6241,39.0,384.0,2.0,130.0,11.0,0.0,1.0,75.0,75.0,21.0,21.0,0.0,0.0,12,4.0,0.0,0.0,0.0
3421,7.0,295.0,1.0,16.0,2.0,-1.0,2.0,9.0,9.0,2.0,2.0,0.0,1.0,2,0.0,1.0,2.0,0.0
8180,90.0,300.0,1.0,22.0,11.0,0.0,1.0,21.0,21.0,12.0,12.0,2.0,2.0,7,1.0,0.0,0.0,0.0
6528,73.0,262.0,1.0,21.0,0.0,1.0,0.0,34.0,34.0,32.0,32.0,0.0,0.0,2,0.0,0.0,0.0,0.0
7092,76.0,262.0,1.0,21.0,0.0,1.0,0.0,11.0,11.0,3.0,3.0,2.0,2.0,7,1.0,0.0,0.0,0.0
2405,52.0,339.0,8.0,31.0,14.0,8.0,1.0,9.0,9.0,2.0,2.0,0.0,1.0,2,0.0,1.0,2.0,0.0
7747,84.0,370.0,1.0,202.0,31.0,1.0,1.0,111.0,111.0,106.0,106.0,0.0,0.0,10,1.0,0.0,0.0,0.0
2076,132.0,317.0,1.0,50.0,26.0,0.0,0.0,9.0,9.0,2.0,2.0,0.0,1.0,1,1.0,1.0,2.0,0.0
10545,43.48501511762093,376.7874622059477,2.0,251.51223544163372,29.514984882379068,0.3637613382156979,1.0,315.6961781913006,315.6961781913006,309.2717899633823,309.2717899633823,0.0,0.0,7,2.424388227918314,0.0,0.0,0.0
2956,1.0,180.0,1.0,8.0,0.0,0.0,1.0,9.0,9.0,2.0,2.0,0.0,1.0,2,0.0,1.0,2.0,0.0
7513,66.0,397.0,4.0,775.0,26.0,0.0,1.0,98.0,98.0,18.0,18.0,3.0,3.0,10,2.0,2.0,2.0,0.0
7458,95.0,384.0,5.0,914.0,35.0,0.0,1.0,221.0,221.0,211.0,211.0,0.0,0.0,10,6.0,0.0,0.0,0.0
3926,-1.0,-1.0,-1.0,-1.0,-1.0,-1.0,2.0,58.0,58.0,-1.0,-1.0,-1.0,-1.0,0,-1.0,-1.0,-1.0,-1.0
237,14.0,256.0,1.0,16.0,0.0,0.0,0.0,11.0,11.0,3.0,3.0,0.0,1.0,1,1.0,3.0,4.0,0.0
4049,9.0,180.0,1.0,9.0,0.0,0.0,0.0,-1.0,-1.0,-1.0,-1.0,11.0,-1.0,19,-1.0,-1.0,-1.0,-1.0
10568,28.122061833394117,298.0,1.0,12.0,0.0,1.0,0.0,11.0,11.0,2.877938166605883,2.877938166605883,1.877938166605883,1.877938166605883,6,1.0,0.0,0.0,0.0
4650,52.0,330.0,6.0,27.0,13.0,6.0,1.0,-1.0,-1.0,-1.0,-1.0,-1.0,-1.0,0,-1.0,-1.0,-1.0,-1.0
7185,67.0,226.0,2.0,488.0,0.0,22.0,1.0,50.0,50.0,26.0,26.0,2.0,2.0,7,2.0,0.0,0.0,0.0
11024,181.82283826100664,304.0,2.5885808694966763,73.0,0.0,0.0,1.0,71.41141913050332,71.41141913050332,16.17716173899335,16.17716173899335,2.0,2.0,7,3.1771617389933526,0.0,0.0,0.0
9688,23.0,298.0,6.0,96.0,10.0,0.0,1.0,53.0,53.0,15.0,15.0,2.0,2.0,7,12.0,0.0,0.0,0.0
8723,213.0,271.0,1.0,164.0,0.0,61.0,1.0,26.0,26.0,12.0,12.0,2.0,2.0,7,1.0,0.0,0.0,0.0
1574,10.0,180.0,15.0,45.0,0.0,0.0,0.0,9.0,9.0,3.0,3.0,1.0,1.0,2,1.0,1.0,1.0,1.0
8026,80.0,411.0,2.0,537.0,31.0,0.0,1.0,89.0,89.0,82.0,82.0,0.0,0.0,10,3.0,0.0,0.0,0.0
6960,42.0,272.0,1.0,42.0,0.0,0.0,1.0,29.0,29.0,17.0,17.0,2.0,2.0,7,1.0,0.0,0.0,0.0
201,2.0,180.0,2.0,12.0,0.0,-1.0,2.0,19.0,19.0,9.0,9.0,1.0,1.0,2,1.0,0.0,0.0,0.0
7864,98.0,359.0,4.0,590.0,29.0,0.0,1.0,56.0,56.0,49.0,49.0,0.0,0.0,10,3.0,0.0,0.0,0.0
5975,69.0,265.0,1.0,21.0,0.0,1.0,0.0,6.0,6.0,2.0,2.0,1.0,1.0,2,1.0,0.0,0.0,0.0
2349,78.0,347.0,1.0,16.0,0.0,-1.0,2.0,9.0,9.0,1.0,1.0,1.0,1.0,2,1.0,1.0,2.0,1.0
3527,78.0,288.0,1.0,20.0,0.0,0.0,0.0,8.0,8.0,2.0,2.0,1.0,1.0,2,1.0,1.0,1.0,1.0
5993,81.0,283.0,1.0,27.0,0.0,9.0,0.0,26.0,26.0,14.0,14.0,2.0,2.0,7,1.0,0.0,0.0,0.0
6189,86.0,262.0,1.0,21.0,0.0,1.0,0.0,6.0,6.0,2.0,2.0,1.0,1.0,2,1.0,0.0,0.0,0.0
2057,28.0,196.0,1.0,10.0,0.0,0.0,0.0,9.0,9.0,1.0,1.0,1.0,1.0,2,1.0,1.0,2.0,1.0
7176,35.0,296.0,2.0,178.0,1.0,1.0,1.0,40.0,40.0,20.0,20.0,2.0,2.0,7,2.0,0.0,0.0,0.0
8750,14.0,306.0,1.0,26.0,13.0,0.0,1.0,25.0,25.0,11.0,11.0,2.0,2.0,7,1.0,0.0,0.0,0.0
745,9.0,180.0,1.0,9.0,0.0,0.0,0.0,16.0,17.0,8.0,8.0,1.0,1.0,2,1.0,3.0,4.0,0.0
7701,89.0,412.0,2.0,822.0,43.0,0.0,1.0,60.0,60.0,53.0,53.0,0.0,0.0,13,3.0,0.0,0.0,0.0
5542,35.0,511.0,1.0,32.0,221.0,0.0,1.0,21.0,21.0,8.0,8.0,2.0,2.0,7,1.0,0.0,0.0,0.0
2796,296.0,180.0,1.0,6.0,0.0,0.0,0.0,9.0,9.0,3.0,3.0,1.0,1.0,2,1.0,1.0,2.0,0.0
6717,86.0,265.0,1.0,21.0,0.0,1.0,0.0,11.0,11.0,3.0,3.0,2.0,2.0,7,1.0,0.0,0.0,0.0
6501,75.0,262.0,1.0,21.0,0.0,1.0,0.0,28.0,28.0,16.0,16.0,2.0,2.0,7,1.0,0.0,0.0,0.0
2338,8.0,226.0,1.0,22.0,0.0,0.0,0.0,72.0,72.0,55.0,55.0,1.0,1.0,2,1.0,5.0,6.0,0.0
3458,70.0,180.0,1.0,77.0,0.0,0.0,0.0,8.0,8.0,2.0,2.0,1.0,1.0,2,1.0,1.0,1.0,1.0
141,2.0,180.0,1.0,111614.0,0.0,0.0,0.0,19.0,19.0,9.0,9.0,1.0,1.0,2,1.0,0.0,0.0,0.0
7478,35.0,411.0,1.0,161.0,24.0,0.0,1.0,191.0,191.0,183.0,183.0,0.0,0.0,12,3.0,0.0,0.0,0.0
7908,81.0,395.0,1.0,1007.0,27.0,0.0,1.0,79.0,79.0,73.0,73.0,0.0,0.0,10,2.0,0.0,0.0,0.0
7810,61.0,405.0,1.0,218.0,32.0,0.0,1.0,308.0,308.0,112.0,112.0,2.0,2.0,2,2.0,2.0,3.0,0.0
5923,40.0,318.0,18.0,74.0,28.0,0.0,1.0,73.0,73.0,21.0,21.0,2.0,2.0,7,18.0,0.0,0.0,0.0
347,9.0,180.0,1.0,9.0,0.0,0.0,0.0,16.0,16.0,5.0,5.0,1.0,1.0,2,4.0,1.0,2.0,1.0
9371,118.0,296.0,2.0,177.0,1.0,1.0,1.0,42.0,42.0,20.0,20.0,2.0,2.0,7,2.0,0.0,0.0,0.0
8169,59.0,555.0,5.0,251.0,88.0,0.0,1.0,84.0,84.0,10.0,10.0,4.0,4.0,12,2.0,0.0,0.0,0.0
5543,40.0,317.0,1.0,21.0,24.0,0.0,1.0,20.0,20.0,4.0,4.0,1.0,1.0,2,1.0,0.0,0.0,0.0
7874,66.0,372.0,1.0,341.0,28.0,0.0,1.0,53.0,53.0,47.0,47.0,0.0,0.0,10,2.0,0.0,0.0,0.0
10914,182.1320919393534,321.5362255595237,19.678975176100685,2011.857250383423,11.215200735624387,0.6313919705750245,1.0,175.34374011590324,175.34374011590324,54.43040147124877,54.43040147124877,1.262783941150049,1.262783941150049,8,13.996447440925465,0.0,0.0,0.0
10087,252.62459172988582,353.5992140433171,17.568107587251966,1174.784053793626,23.867714608910518,1.8501964891707225,1.0,307.2062876534631,307.2062876534631,66.3307134777237,66.3307134777237,2.7665356738861853,2.7665356738861853,7,20.73542921782104,0.766535673886185,1.1498035108292775,0.0
7590,92.0,333.0,3.0,991.0,15.0,0.0,1.0,662.0,662.0,632.0,632.0,0.0,0.0,13,0.0,0.0,0.0,0.0
8350,113.0,343.0,2.0,1076.0,15.0,0.0,1.0,100.0,100.0,42.0,42.0,3.0,3.0,10,2.0,2.0,3.0,0.0
4093,444.0,226.0,1.0,94.0,0.0,0.0,0.0,-1.0,-1.0,-1.0,-1.0,-1.0,-1.0,0,-1.0,-1.0,-1.0,-1.0
3247,5.0,180.0,7.0,18.0,0.0,0.0,0.0,7.0,7.0,1.0,1.0,0.0,1.0,1,0.0,0.0,0.0,0.0
6675,70.0,272.0,1.0,21.0,0.0,1.0,0.0,28.0,28.0,16.0,16.0,2.0,2.0,7,1.0,0.0,0.0,0.0
1377,15.0,224.0,0.0,20.0,7.0,0.0,0.0,8.0,8.0,2.0,2.0,1.0,1.0,2,1.0,1.0,1.0,1.0
2127,12.0,180.0,1.0,9.0,0.0,0.0,0.0,9.0,9.0,3.0,3.0,1.0,1.0,2,1.0,1.0,1.0,1.0
2325,8.0,180.0,1.0,10.0,0.0,0.0,0.0,9.0,9.0,1.0,1.0,1.0,1.0,2,1.0,1.0,2.0,1.0
2710,15.0,371.0,1.0,16.0,16.0,-1.0,2.0,9.0,9.0,3.0,3.0,1.0,1.0,2,1.0,1.0,2.0,0.0
8035,67.0,401.0,2.0,450.0,29.0,0.0,1.0,327.0,327.0,161.0,161.0,4.0,4.0,7,4.0,2.0,3.0,0.0
5194,40.0,391.0,3.0,62.0,30.0,1.0,1.0,-1.0,-1.0,-1.0,-1.0,-1.0,-1.0,0,-1.0,-1.0,-1.0,-1.0
7339,46.0,529.0,6.0,414.0,75.0,0.0,1.0,522.0,522.0,39.0,39.0,3.0,3.0,10,16.0,0.0,0.0,0.0
5367,-1.0,-1.0,-1.0,-1.0,-1.0,-1.0,2.0,19.0,19.0,3.0,3.0,3.0,3.0,10,3.0,2.0,2.0,2.0
3447,13.0,517.0,7.0,25.0,18.0,0.0,1.0,8.0,8.0,2.0,2.0,1.0,1.0,2,1.0,1.0,1.0,1.0
6183,87.0,262.0,1.0,21.0,0.0,1.0,0.0,11.0,11.0,3.0,3.0,2.0,2.0,7,1.0,0.0,0.0,0.0
6780,80.0,262.0,1.0,21.0,0.0,1.0,0.0,25.0,25.0,13.0,13.0,2.0,2.0,7,1.0,0.0,0.0,0.0
5601,54.0,398.0,18.0,306.0,43.0,0.0,1.0,81.0,81.0,29.0,29.0,6.0,6.0,12,21.0,0.0,0.0,0.0
10879,87.0,382.7105938171708,2.0,457.684750537366,16.289406182829246,0.0,1.0,64.73643709697548,64.73643709697548,58.02584327980473,58.02584327980473,0.0,0.0,11,2.710593817170753,0.0,0.0,0.0
6089,85.0,283.0,1.0,37.0,0.0,19.0,0.0,77.0,77.0,19.0,19.0,2.0,2.0,7,1.0,0.0,0.0,0.0
1473,21.0,263.0,1.0,20.0,0.0,0.0,1.0,8.0,7.0,2.0,2.0,1.0,1.0,2,1.0,1.0,1.0,1.0
5468,36.0,383.0,7.0,76.0,13.0,0.0,1.0,49.0,49.0,40.0,40.0,0.0,0.0,7,7.0,0.0,0.0,0.0
7467,70.0,412.0,2.0,605.0,43.0,0.0,1.0,110.0,110.0,104.0,104.0,0.0,0.0,10,2.0,0.0,0.0,0.0
3287,8.0,180.0,1.0,11.0,0.0,0.0,0.0,7.0,7.0,1.0,1.0,1.0,1.0,2,1.0,1.0,1.0,1.0
5810,68.0,342.0,5.0,72.0,8.0,0.0,1.0,36.0,36.0,29.0,29.0,0.0,0.0,7,5.0,0.0,0.0,0.0
7869,93.0,334.0,2.0,687.0,14.0,0.0,1.0,196.0,196.0,187.0,187.0,0.0,0.0,12,5.0,0.0,0.0,0.0
1913,15.0,256.0,1.0,16.0,0.0,0.0,0.0,8.0,8.0,2.0,2.0,1.0,1.0,2,1.0,1.0,1.0,1.0
1651,16.0,180.0,1.0,10.0,0.0,0.0,0.0,40.0,40.0,15.0,15.0,1.0,1.0,2,14.0,1.0,2.0,1.0
5012,81.0,180.0,1.0,9.0,0.0,0.0,0.0,-1.0,-1.0,-1.0,-1.0,-1.0,-1.0,0,-1.0,-1.0,-1.0,-1.0
2176,3.0,250.0,1.0,15.0,0.0,0.0,0.0,9.0,9.0,1.0,1.0,1.0,1.0,2,1.0,1.0,2.0,1.0
6337,87.0,283.0,1.0,30.0,0.0,12.0,0.0,30.0,30.0,27.0,27.0,0.0,0.0,7,1.0,0.0,0.0,0.0
4190,8.0,180.0,1.0,10.0,0.0,0.0,0.0,10.0,10.0,2.0,2.0,1.0,1.0,2,1.0,1.0,1.0,0.0
6705,89.0,283.0,1.0,24.0,0.0,6.0,0.0,30.0,30.0,17.0,17.0,2.0,2.0,7,2.0,0.0,0.0,0.0
1610,15.0,224.0,0.0,20.0,7.0,0.0,0.0,7.0,6.0,1.0,1.0,0.0,1.0,2,1.0,1.0,2.0,0.0
9753,37.0,229.0,8.0,33.0,0.0,0.0,1.0,26.0,26.0,6.0,6.0,1.0,1.0,2,6.0,0.0,0.0,0.0
9525,30.0,288.0,6.0,33.0,0.0,0.0,1.0,46.0,46.0,17.0,17.0,2.0,2.0,7,12.0,0.0,0.0,0.0
8009,31.0,337.0,1.0,34.0,23.0,0.0,1.0,114.0,114.0,106.0,106.0,0.0,0.0,10,4.0,0.0,0.0,0.0
6261,69.0,262.0,1.0,21.0,0.0,1.0,0.0,110.0,110.0,32.0,32.0,2.0,2.0,7,27.0,0.0,0.0,0.0
7070,80.0,283.0,1.0,28.0,0.0,10.0,0.0,40.0,40.0,37.0,37.0,0.0,0.0,7,1.0,0.0,0.0,0.0
2959,7.0,239.0,1.0,10.0,8.0,0.0,1.0,35.0,35.0,1.0,1.0,1.0,1.0,2,31.0,1.0,1.0,1.0
166,37.0,180.0,1.0,11.0,0.0,0.0,0.0,15.0,15.0,2.0,2.0,1.0,1.0,2,1.0,1.0,2.0,0.0
7455,68.0,380.0,1.0,462.0,29.0,0.0,1.0,94.0,94.0,88.0,88.0,0.0,0.0,10,2.0,0.0,0.0,0.0
2700,67.0,288.0,1.0,13.0,0.0,1.0,1.0,9.0,9.0,1.0,1.0,1.0,1.0,2,1.0,1.0,2.0,1.0
188,5.0,180.0,1.0,8.0,0.0,0.0,0.0,26.0,26.0,9.0,9.0,1.0,1.0,2,8.0,1.0,2.0,1.0
3608,409.0,230.0,1.0,21.0,2.0,0.0,0.0,5.0,4.0,1.0,0.0,0.0,0.0,1,1.0,0.0,0.0,1.0
10224,95.51616248126541,346.5797754870993,2.0,688.4025066527936,14.241918759367294,0.0,1.0,184.35557458783904,184.35557458783904,176.83941210657366,176.83941210657366,0.0,0.0,9,3.516162481265412,0.0,0.0,0.0
9343,27.0,298.0,1.0,12.0,0.0,1.0,0.0,167.0,167.0,43.0,43.0,2.0,2.0,7,28.0,0.0,0.0,0.0
9410,133.0,287.0,2.0,96.0,0.0,2.0,1.0,17.0,17.0,13.0,13.0,0.0,0.0,10,1.0,0.0,0.0,0.0
9638,319.0,291.0,13.0,1003.0,4.0,23.0,1.0,441.0,441.0,32.0,32.0,4.0,4.0,12,13.0,0.0,0.0,0.0
704,2.0,180.0,1.0,111612.0,0.0,0.0,0.0,23.0,23.0,7.0,7.0,1.0,1.0,2,4.0,2.0,3.0,1.0
33,37.0,180.0,1.0,11.0,0.0,0.0,0.0,10.0,10.0,3.0,3.0,1.0,1.0,2,1.0,1.0,1.0,1.0
5211,88.0,88.0,44.0,44.0,3.0,11.0,2.0,1.0,2.0,0.0,1.0,0.0,0.0,1,0.0,0.0,-1.0,-1.0
5213,17.0,270.0,1.0,10.0,14.0,0.0,0.0,14.0,14.0,5.0,5.0,1.0,1.0,2,3.0,2.0,2.0,0.0
2708,11.0,180.0,2.0,13.0,0.0,0.0,0.0,8.0,8.0,2.0,2.0,1.0,1.0,2,1.0,1.0,1.0,1.0
10136,63.0,354.3451855924919,3.0,46.60913573458468,44.34518559249189,0.0,1.0,45.60913573458468,45.60913573458468,19.0,19.0,2.0,2.0,7,3.0,0.0,0.0,0.0
8502,105.0,283.0,1.0,26.0,0.0,8.0,0.0,67.0,67.0,30.0,30.0,4.0,4.0,10,20.0,0.0,0.0,0.0
3076,6.0,180.0,1.0,7.0,0.0,0.0,0.0,35.0,35.0,1.0,1.0,1.0,1.0,2,31.0,1.0,1.0,1.0
6283,378.0,282.0,11.0,105.0,0.0,11.0,1.0,92.0,92.0,24.0,24.0,2.0,2.0,7,11.0,0.0,0.0,0.0
9846,152.0,282.0,4.0,297.0,0.0,1.0,1.0,37.0,37.0,13.0,13.0,2.0,2.0,7,4.0,0.0,0.0,0.0
2732,9.0,180.0,1.0,9.0,0.0,0.0,0.0,4.0,4.0,1.0,1.0,0.0,1.0,1,1.0,1.0,1.0,1.0
8989,30.0,285.0,1.0,32.0,0.0,0.0,1.0,9.0,9.0,4.0,4.0,1.0,1.0,2,1.0,0.0,0.0,0.0
6798,82.0,283.0,1.0,25.0,0.0,7.0,0.0,29.0,29.0,26.0,26.0,0.0,0.0,7,1.0,0.0,0.0,0.0
2852,5.0,180.0,1.0,16.0,0.0,0.0,0.0,8.0,8.0,2.0,2.0,1.0,1.0,2,1.0,1.0,1.0,1.0
2363,4.0,201.0,1.0,52.0,0.0,0.0,0.0,9.0,9.0,1.0,1.0,1.0,1.0,2,1.0,1.0,2.0,1.0
5502,353.0,210.0,4.0,28.0,0.0,8.0,0.0,27.0,27.0,16.0,16.0,1.0,1.0,2,4.0,0.0,0.0,0.0
4741,6.0,180.0,1.0,132.0,0.0,0.0,0.0,19.0,19.0,9.0,9.0,1.0,1.0,2,1.0,0.0,0.0,0.0
7872,87.0,362.0,2.0,762.0,14.0,0.0,1.0,114.0,114.0,43.0,43.0,2.0,2.0,2,2.0,2.0,3.0,0.0
4699,6.0,180.0,1.0,7.0,0.0,0.0,0.0,3.0,2.0,0.0,0.0,0.0,0.0,1,0.0,1.0,2.0,0.0
9302,20.0,303.0,1.0,22.0,26.0,0.0,1.0,13.0,13.0,3.0,3.0,1.0,1.0,2,1.0,0.0,0.0,1.0
11,5.0,246.0,1.0,16.0,0.0,0.0,0.0,15.0,15.0,2.0,2.0,1.0,1.0,2,1.0,1.0,2.0,0.0
2319,4.0,250.0,1.0,15.0,0.0,0.0,0.0,9.0,9.0,2.0,2.0,0.0,1.0,1,1.0,2.0,3.0,0.0
8123,48.0,491.0,4.0,272.0,66.0,0.0,1.0,38.0,38.0,11.0,11.0,2.0,2.0,7,3.0,0.0,0.0,1.0
1682,10.0,421.0,5.0,21.0,56.0,0.0,1.0,8.0,8.0,2.0,2.0,1.0,1.0,2,1.0,1.0,1.0,1.0
4072,78.0,335.0,1.0,16.0,16.0,-1.0,2.0,19.0,19.0,9.0,9.0,1.0,1.0,2,1.0,0.0,0.0,0.0
9824,87.0,267.0,3.0,32.0,10.0,1.0,1.0,1140.0,1140.0,100.0,100.0,6.0,6.0,12,74.0,0.0,0.0,0.0
576,8.0,180.0,1.0,11.0,0.0,0.0,0.0,10.0,10.0,2.0,2.0,1.0,1.0,2,1.0,1.0,2.0,0.0
6115,78.0,283.0,1.0,29.0,0.0,11.0,0.0,27.0,27.0,15.0,15.0,2.0,2.0,7,1.0,0.0,0.0,0.0
1235,9.0,180.0,1.0,9.0,0.0,0.0,0.0,18.0,18.0,7.0,6.0,2.0,2.0,7,1.0,1.0,2.0,0.0
7479,89.0,346.0,3.0,521.0,27.0,0.0,1.0,92.0,92.0,33.0,33.0,4.0,4.0,12,1.0,2.0,3.0,0.0
6661,88.0,283.0,1.0,37.0,0.0,19.0,0.0,40.0,40.0,37.0,37.0,0.0,0.0,7,1.0,0.0,0.0,0.0
8111,86.0,390.0,4.0,676.0,29.0,0.0,1.0,181.0,181.0,85.0,85.0,3.0,3.0,10,2.0,2.0,3.0,0.0
1835,12.0,349.0,6.0,23.0,9.0,0.0,1.0,9.0,9.0,3.0,3.0,1.0,1.0,2,1.0,1.0,1.0,1.0
3465,8.0,180.0,1.0,11.0,0.0,0.0,0.0,7.0,7.0,2.0,2.0,1.0,1.0,2,1.0,0.0,0.0,0.0
2921,237.0,280.0,1.0,29.0,0.0,1.0,0.0,9.0,9.0,2.0,2.0,0.0,1.0,2,0.0,1.0,2.0,0.0
3543,8.0,180.0,1.0,10.0,0.0,0.0,0.0,59.0,59.0,16.0,16.0,1.0,1.0,2,1.0,0.0,0.0,0.0
9187,111.0,262.0,1.0,21.0,0.0,1.0,0.0,39.0,39.0,35.0,35.0,0.0,0.0,7,2.0,0.0,0.0,0.0
3074,6.0,211.0,1.0,18.0,0.0,0.0,0.0,8.0,8.0,2.0,2.0,1.0,1.0,2,1.0,1.0,1.0,1.0
9102,26.0,260.0,1.0,12.0,0.0,1.0,0.0,24.0,24.0,12.0,12.0,2.0,2.0,7,1.0,0.0,0.0,0.0
8965,23.0,298.0,1.0,12.0,0.0,1.0,0.0,40.0,40.0,28.0,28.0,2.0,2.0,7,1.0,0.0,0.0,0.0
5594,71.0,299.0,8.0,49.0,8.0,0.0,1.0,48.0,48.0,13.0,13.0,1.0,1.0,2,8.0,0.0,0.0,0.0
6673,87.0,283.0,1.0,29.0,0.0,11.0,0.0,11.0,11.0,3.0,3.0,2.0,2.0,7,1.0,0.0,0.0,0.0
7350,33.0,535.0,4.0,317.0,77.0,0.0,1.0,1041.0,1041.0,92.0,92.0,8.0,8.0,13,66.0,0.0,0.0,0.0
1230,17.0,258.0,1.0,10.0,7.0,0.0,0.0,15.0,15.0,2.0,2.0,1.0,1.0,2,1.0,1.0,2.0,0.0
8190,482.0,298.0,38.0,412.0,9.0,10.0,1.0,-1.0,-1.0,-1.0,-1.0,-1.0,-1.0,0,-1.0,-1.0,-1.0,-1.0
8245,33.0,369.0,1.0,11.0,8.0,0.0,0.0,10.0,10.0,5.0,5.0,1.0,1.0,2,1.0,0.0,0.0,0.0
10833,132.55786617984194,294.6324050607115,2.0,205.34444846735175,0.9023146471936772,2.8046292943873543,1.0,49.804629294387354,49.804629294387354,24.390741411225292,24.390741411225292,1.8046292943873543,1.8046292943873543,7,2.097685352806323,0.0,0.0,0.0
7537,42.0,344.0,2.0,124.0,25.0,0.0,1.0,37.0,37.0,3.0,3.0,2.0,2.0,7,1.0,1.0,1.0,0.0
6058,85.0,298.0,2.0,71.0,1.0,2.0,1.0,-1.0,-1.0,-1.0,-1.0,-1.0,-1.0,0,-1.0,-1.0,-1.0,-1.0
2867,12.0,180.0,1.0,9.0,0.0,0.0,0.0,9.0,9.0,2.0,2.0,1.0,1.0,2,0.0,0.0,0.0,0.0
4770,5.0,180.0,1.0,16.0,0.0,0.0,0.0,20.0,20.0,1.0,1.0,1.0,1.0,2,5.0,1.0,2.0,1.0
4435,4.0,257.0,1.0,16.0,0.0,1.0,0.0,-1.0,-1.0,-1.0,-1.0,-1.0,-1.0,0,-1.0,-1.0,-1.0,-1.0
8070,323.0,448.0,18.0,4951.0,47.0,84.0,1.0,66.0,66.0,30.0,30.0,2.0,2.0,7,8.0,0.0,0.0,0.0
4351,74.0,312.0,1.0,16.0,16.0,-1.0,2.0,-1.0,-1.0,-1.0,-1.0,-1.0,-1.0,0,-1.0,-1.0,-1.0,-1.0
11112,73.01472248555054,272.0,1.0,21.0,0.0,1.0,0.0,6.0,6.0,2.0,2.0,1.0,1.0,2,1.0,0.0,0.0,0.0
8892,15.0,284.0,5.0,40.0,1.0,0.0,1.0,39.0,39.0,7.0,7.0,2.0,2.0,7,5.0,0.0,0.0,1.0
4948,828.0,180.0,1.0,9.0,0.0,0.0,0.0,-1.0,0.0,1.0,1.0,0.0,2.0,2,0.0,0.0,0.0,0.0
4575,8.0,180.0,1.0,11.0,0.0,0.0,0.0,25.0,25.0,4.0,4.0,2.0,2.0,7,2.0,1.0,1.0,1.0
4555,9.0,180.0,1.0,9.0,0.0,0.0,0.0,14.0,14.0,5.0,5.0,1.0,1.0,2,3.0,1.0,1.0,0.0
4023,5.0,180.0,1.0,8.0,0.0,0.0,0.0,-1.0,-1.0,-1.0,-1.0,-1.0,-1.0,0,-1.0,-1.0,-1.0,-1.0
1743,16.0,180.0,1.0,10.0,0.0,0.0,0.0,9.0,10.0,5.0,5.0,1.0,1.0,2,1.0,1.0,1.0,1.0
9502,20.0,288.0,7.0,89.0,0.0,0.0,1.0,54.0,54.0,25.0,25.0,2.0,2.0,7,4.0,0.0,0.0,0.0
9617,41.0,288.0,4.0,36.0,11.0,2.0,1.0,74.0,74.0,60.0,60.0,0.0,0.0,7,12.0,0.0,0.0,0.0
5241,243.0,347.0,1.0,21.0,48.0,0.0,0.0,11.0,11.0,3.0,3.0,0.0,1.0,1,1.0,3.0,4.0,0.0
2689,17.0,256.0,1.0,10.0,12.0,0.0,0.0,8.0,8.0,2.0,2.0,1.0,1.0,2,1.0,1.0,1.0,1.0
1502,2.0,256.0,1.0,15.0,0.0,0.0,0.0,9.0,9.0,3.0,3.0,1.0,1.0,2,1.0,1.0,1.0,1.0
9659,203.0,307.0,18.0,301.0,13.0,0.0,1.0,132.0,132.0,14.0,14.0,2.0,2.0,7,6.0,0.0,0.0,1.0
8961,30.0,260.0,1.0,12.0,0.0,1.0,0.0,15.0,15.0,12.0,12.0,0.0,0.0,7,1.0,0.0,0.0,0.0
3039,17.0,180.0,1.0,10.0,0.0,0.0,0.0,8.0,8.0,1.0,1.0,1.0,1.0,2,1.0,0.0,0.0,0.0
9217,23.0,298.0,1.0,13.0,0.0,1.0,0.0,46.0,46.0,34.0,34.0,2.0,2.0,7,1.0,0.0,0.0,0.0
1403,10.0,180.0,1.0,9.0,0.0,0.0,0.0,8.0,8.0,2.0,2.0,1.0,1.0,2,1.0,1.0,1.0,1.0
9251,101.0,283.0,3.0,45.0,0.0,17.0,0.0,6.0,6.0,2.0,2.0,1.0,1.0,2,1.0,0.0,0.0,0.0
7284,75.0,327.0,17.0,368.0,36.0,0.0,1.0,47.0,47.0,25.0,25.0,2.0,2.0,7,6.0,0.0,0.0,0.0
10093,21.14814180557223,298.0,1.0,12.85185819442777,0.0,1.0,0.0,6.0,6.0,2.0,2.0,1.0,1.0,2,1.0,0.0,0.0,0.0
10033,94.48615923191126,283.0,1.0,27.162053077303753,0.0,9.162053077303751,0.0,6.0,6.0,2.0,2.0,1.0,1.0,2,1.0,0.0,0.0,0.0
9553,16.0,229.0,5.0,29.0,0.0,0.0,1.0,50.0,50.0,13.0,13.0,1.0,1.0,2,11.0,0.0,0.0,0.0
4638,384.0,299.0,1.0,61.0,1.0,0.0,0.0,13.0,13.0,2.0,2.0,1.0,1.0,2,1.0,2.0,3.0,1.0
6363,61.0,494.0,8.0,474.0,68.0,0.0,1.0,26.0,26.0,14.0,14.0,2.0,2.0,7,1.0,0.0,0.0,0.0
10907,44.706448613916066,228.1446657044809,9.863774249763331,53.0,0.0,0.5702228636793945,1.0,42.4297771363206,42.4297771363206,13.566002886557275,13.566002886557275,1.2851114318396972,1.2851114318396972,3,8.148885681603028,0.0,0.0,0.0
2141,15.0,224.0,0.0,20.0,7.0,0.0,0.0,8.0,6.0,2.0,1.0,0.0,0.0,1,1.0,1.0,1.0,1.0
7437,98.0,352.0,6.0,512.0,16.0,0.0,1.0,162.0,162.0,142.0,142.0,0.0,0.0,7,0.0,0.0,0.0,0.0
8098,80.0,339.0,2.0,476.0,25.0,0.0,1.0,72.0,72.0,63.0,63.0,0.0,0.0,13,3.0,0.0,0.0,0.0
2528,5.0,180.0,7.0,18.0,0.0,0.0,0.0,8.0,8.0,2.0,2.0,1.0,1.0,2,1.0,1.0,1.0,1.0
3756,-1.0,-1.0,-1.0,-1.0,-1.0,-1.0,2.0,402.0,402.0,139.0,139.0,3.0,3.0,10,117.0,1.0,1.0,1.0
5511,36.0,253.0,11.0,54.0,12.0,0.0,1.0,53.0,53.0,11.0,11.0,1.0,1.0,2,11.0,0.0,0.0,0.0
7667,46.0,353.0,2.0,200.0,26.0,0.0,1.0,78.0,78.0,68.0,68.0,0.0,0.0,10,6.0,0.0,0.0,0.0
5328,-1.0,-1.0,-1.0,-1.0,-1.0,-1.0,2.0,14.0,15.0,1.0,1.0,1.0,1.0,1,1.0,2.0,3.0,0.0
9328,24.0,298.0,1.0,12.0,0.0,1.0,0.0,11.0,11.0,3.0,3.0,2.0,2.0,7,1.0,0.0,0.0,0.0
1135,30.0,328.0,4.0,24.0,13.0,4.0,1.0,13.0,13.0,5.0,5.0,1.0,1.0,2,1.0,3.0,4.0,0.0
7691,43.0,349.0,4.0,46.0,14.0,0.0,1.0,95.0,95.0,85.0,85.0,0.0,0.0,10,6.0,0.0,0.0,0.0
2914,5.0,218.0,1.0,10.0,0.0,0.0,0.0,7.0,6.0,2.0,2.0,1.0,1.0,2,1.0,1.0,1.0,1.0
125,216.0,280.0,1.0,52.0,0.0,0.0,0.0,15.0,15.0,4.0,4.0,1.0,1.0,2,3.0,1.0,2.0,1.0
6233,68.0,262.0,1.0,21.0,0.0,1.0,0.0,27.0,27.0,15.0,15.0,2.0,2.0,7,1.0,0.0,0.0,0.0
3066,15.0,180.0,1.0,10.0,0.0,0.0,0.0,5.0,5.0,0.0,0.0,1.0,1.0,2,1.0,0.0,0.0,1.0
2800,9.0,180.0,1.0,9.0,0.0,0.0,0.0,52.0,52.0,19.0,19.0,5.0,5.0,13,3.0,4.0,5.0,2.0
4888,5.0,180.0,1.0,23.0,0.0,0.0,0.0,25.0,25.0,11.0,11.0,1.0,1.0,1,2.0,0.0,0.0,0.0
3442,10.0,421.0,5.0,21.0,56.0,0.0,1.0,9.0,9.0,3.0,3.0,1.0,1.0,2,1.0,1.0,1.0,1.0
8171,61.0,517.0,8.0,505.0,73.0,0.0,1.0,368.0,368.0,163.0,163.0,14.0,14.0,17,6.0,6.0,8.0,0.0
7465,72.0,352.0,1.0,596.0,27.0,0.0,1.0,112.0,112.0,104.0,104.0,0.0,0.0,13,3.0,0.0,0.0,0.0
8870,234.0,304.0,4.0,90.0,0.0,0.0,1.0,87.0,87.0,20.0,20.0,2.0,2.0,7,4.0,0.0,0.0,0.0
5425,39.0,316.0,1.0,34.0,23.0,0.0,1.0,22.0,22.0,19.0,19.0,0.0,0.0,7,1.0,0.0,0.0,0.0
6630,79.0,283.0,1.0,26.0,0.0,8.0,0.0,19.0,19.0,11.0,11.0,2.0,2.0,7,3.0,0.0,0.0,0.0
1802,15.0,224.0,0.0,20.0,7.0,0.0,0.0,68.0,68.0,51.0,51.0,1.0,1.0,2,1.0,5.0,6.0,0.0
3153,2.0,180.0,1.0,11.0,0.0,0.0,1.0,5.0,5.0,0.0,0.0,1.0,1.0,2,1.0,0.0,0.0,1.0
3127,77.0,316.0,1.0,16.0,16.0,-1.0,2.0,8.0,8.0,2.0,2.0,1.0,1.0,2,1.0,1.0,1.0,1.0
5753,56.0,353.0,2.0,38.0,43.0,0.0,1.0,37.0,37.0,16.0,16.0,2.0,2.0,7,2.0,0.0,0.0,0.0
2845,682.0,180.0,1.0,6.0,0.0,0.0,0.0,9.0,9.0,3.0,3.0,1.0,1.0,2,1.0,1.0,1.0,1.0
9262,16.0,298.0,1.0,13.0,0.0,1.0,0.0,11.0,11.0,3.0,3.0,2.0,2.0,7,1.0,0.0,0.0,0.0
3364,7.0,180.0,1.0,17.0,0.0,0.0,0.0,39.0,39.0,24.0,24.0,0.0,0.0,2,0.0,0.0,0.0,0.0
2017,1.0,180.0,1.0,111612.0,0.0,0.0,0.0,8.0,8.0,2.0,2.0,1.0,1.0,2,1.0,1.0,1.0,1.0
11012,396.2846620366659,351.74054671727293,23.209035774849355,388.06302188484716,32.49369781151528,3.0,1.0,371.25945328272707,371.25945328272707,55.246848905757645,55.246848905757645,2.0,2.0,7,33.74054671727293,0.0,0.0,0.0
10172,52.7594274813762,226.0,2.0,51.1391412220643,0.0,2.0,1.0,30.455133591697702,30.455133591697702,11.936278628945303,11.936278628945303,2.0,2.0,7,1.0,0.0,0.0,0.0
2115,2.0,195.0,1.0,15.0,0.0,0.0,0.0,9.0,9.0,1.0,1.0,1.0,1.0,2,1.0,1.0,2.0,1.0
8840,208.0,304.0,8.0,101.0,0.0,0.0,1.0,94.0,94.0,25.0,25.0,2.0,2.0,7,9.0,0.0,0.0,0.0
1127,12.0,180.0,1.0,9.0,0.0,0.0,0.0,20.0,20.0,1.0,1.0,1.0,1.0,2,5.0,1.0,2.0,1.0
9889,45.0,343.0,14.0,41.0,13.0,14.0,1.0,9.0,9.0,3.0,3.0,1.0,1.0,2,1.0,1.0,1.0,1.0
6482,78.0,265.0,1.0,21.0,0.0,1.0,0.0,27.0,27.0,15.0,15.0,2.0,2.0,7,1.0,0.0,0.0,0.0
3,17.0,250.0,1.0,15.0,0.0,0.0,0.0,14.0,14.0,2.0,2.0,1.0,1.0,2,1.0,2.0,3.0,1.0
8312,159.0,494.0,3.0,945.0,33.0,0.0,1.0,125.0,125.0,36.0,36.0,2.0,2.0,2,2.0,2.0,3.0,0.0
4802,8.0,180.0,0.0,1991.0,0.0,0.0,0.0,-1.0,-1.0,-1.0,-1.0,-1.0,-1.0,0,-1.0,-1.0,-1.0,-1.0
9121,22.0,298.0,1.0,13.0,0.0,1.0,0.0,26.0,26.0,14.0,14.0,2.0,2.0,7,1.0,0.0,0.0,0.0
3875,35.0,379.0,3.0,74.0,57.0,0.0,1.0,69.0,69.0,4.0,4.0,1.0,1.0,2,3.0,0.0,0.0,1.0
7002,79.0,262.0,1.0,21.0,0.0,1.0,0.0,39.0,39.0,28.0,28.0,2.0,2.0,7,1.0,0.0,0.0,0.0
5664,95.0,342.0,3.0,292.0,23.0,0.0,1.0,291.0,291.0,26.0,26.0,2.0,2.0,7,3.0,0.0,0.0,0.0
10877,77.44259748310516,262.0,1.0,21.0,0.0,1.0,0.0,31.0,31.0,19.0,19.0,2.0,2.0,7,1.0,0.0,0.0,0.0
9180,132.0,283.0,1.0,37.0,0.0,0.0,1.0,184.0,184.0,24.0,24.0,2.0,2.0,7,1.0,0.0,0.0,0.0
352,15.0,256.0,1.0,16.0,0.0,0.0,0.0,11.0,11.0,2.0,2.0,1.0,1.0,2,2.0,1.0,2.0,0.0
179,8.0,180.0,1.0,11.0,0.0,0.0,0.0,15.0,15.0,2.0,2.0,1.0,1.0,2,1.0,1.0,2.0,0.0
9575,31.0,252.0,14.0,61.0,0.0,0.0,1.0,11.0,11.0,1.0,1.0,1.0,1.0,2,1.0,0.0,0.0,0.0
8668,96.0,345.0,2.0,56.0,55.0,5.0,1.0,145.0,145.0,130.0,130.0,2.0,2.0,7,2.0,0.0,0.0,0.0
10424,81.56630603261773,414.5469551739058,6.443369396738226,83.9254405109003,97.00967542935597,0.0,1.0,83.36880990763854,83.36880990763854,20.009675429355962,20.009675429355962,2.0,2.0,7,6.443369396738226,0.0,0.0,0.5566306032617737
6004,83.0,265.0,1.0,21.0,0.0,1.0,0.0,6.0,6.0,2.0,2.0,1.0,1.0,2,1.0,0.0,0.0,0.0
10531,26.058825448044114,298.0,1.0,12.0,0.0,1.0,0.0,49.35293637988971,49.35293637988971,21.764698207823542,21.764698207823542,2.0,2.0,7,3.882349103911772,0.0,0.0,0.529412724022057
2595,7.0,239.0,1.0,10.0,8.0,0.0,1.0,6.0,6.0,3.0,3.0,1.0,1.0,2,1.0,1.0,1.0,1.0
2865,1.0,180.0,1.0,8.0,0.0,0.0,0.0,9.0,9.0,2.0,2.0,0.0,1.0,1,1.0,1.0,2.0,0.0
6369,82.0,262.0,1.0,21.0,0.0,1.0,0.0,10.0,10.0,4.0,4.0,2.0,2.0,7,1.0,0.0,0.0,0.0
1860,3.0,180.0,1.0,8.0,0.0,-1.0,2.0,9.0,9.0,3.0,3.0,1.0,1.0,2,1.0,1.0,1.0,1.0
9174,114.0,262.0,2.0,24.0,0.0,2.0,0.0,47.0,47.0,25.0,25.0,2.0,2.0,7,1.0,0.0,0.0,0.0
6803,77.0,265.0,1.0,21.0,0.0,1.0,0.0,12.0,12.0,4.0,4.0,2.0,2.0,7,1.0,0.0,0.0,0.0
5025,52.0,273.0,1.0,21.0,0.0,2.0,0.0,-1.0,-1.0,-1.0,-1.0,-1.0,-1.0,0,-1.0,-1.0,-1.0,-1.0
8628,175.0,368.0,30.0,648.0,56.0,58.0,1.0,725.0,725.0,52.0,52.0,2.0,2.0,7,29.0,0.0,0.0,1.0
2497,5.0,218.0,1.0,10.0,0.0,0.0,0.0,9.0,9.0,2.0,2.0,1.0,1.0,2,1.0,1.0,1.0,1.0
1992,154.0,180.0,1.0,6.0,0.0,0.0,0.0,8.0,8.0,2.0,2.0,1.0,1.0,2,1.0,1.0,1.0,1.0
10564,67.60079771378594,351.39920228621406,4.054617973980539,53.0,41.39920228621406,0.0,1.0,52.0,52.0,21.0,21.0,2.0,2.0,7,4.054617973980539,0.0,0.0,0.0
2421,7.0,249.0,3.0,16.0,42.0,0.0,1.0,9.0,9.0,2.0,2.0,0.0,1.0,2,0.0,1.0,2.0,0.0
6977,49.0,574.0,6.0,594.0,88.0,0.0,1.0,6.0,6.0,2.0,2.0,1.0,1.0,2,1.0,0.0,0.0,0.0
10034,271.8238888570669,364.91194442853345,4.0,583.5773032321223,30.12133101785556,1.757337964288879,1.0,129.26809030363313,129.26809030363313,41.93737269645547,41.93737269645547,6.514675928577757,6.514675928577757,15,7.272013892866637,2.0,3.0,0.0
6537,79.0,283.0,1.0,25.0,0.0,7.0,0.0,11.0,11.0,3.0,3.0,2.0,2.0,7,1.0,0.0,0.0,0.0
362,154.0,180.0,1.0,6.0,0.0,0.0,0.0,19.0,19.0,7.0,7.0,1.0,1.0,2,5.0,1.0,2.0,1.0
801,7.0,239.0,1.0,10.0,8.0,0.0,1.0,11.0,11.0,3.0,3.0,0.0,1.0,1,1.0,3.0,4.0,0.0
10249,49.5201805377368,335.0,1.8800451344341989,28.2399097311316,8.0,0.0,1.0,27.2399097311316,27.2399097311316,7.119954865565801,7.119954865565801,1.0,1.0,2,1.8800451344341989,0.0,0.0,0.0
3987,75.0,256.0,1.0,36.0,0.0,12.0,0.0,13.0,13.0,2.0,2.0,1.0,1.0,2,1.0,2.0,3.0,1.0
2801,9.0,180.0,1.0,9.0,0.0,0.0,0.0,7.0,6.0,2.0,2.0,1.0,1.0,2,1.0,1.0,1.0,1.0
9113,142.0,272.0,2.0,24.0,0.0,2.0,0.0,6.0,6.0,2.0,2.0,1.0,1.0,2,1.0,0.0,0.0,0.0
5655,44.0,307.0,2.0,54.0,8.0,0.0,1.0,53.0,53.0,14.0,14.0,2.0,2.0,7,2.0,0.0,0.0,0.0
3248,6.0,201.0,1.0,79.0,0.0,0.0,0.0,9.0,9.0,3.0,3.0,1.0,1.0,2,1.0,1.0,1.0,1.0
5481,83.0,460.0,33.0,122.0,68.0,0.0,1.0,121.0,121.0,35.0,35.0,2.0,2.0,7,33.0,0.0,0.0,0.0
3284,7.0,290.0,1.0,16.0,2.0,-1.0,2.0,9.0,9.0,3.0,3.0,1.0,1.0,2,1.0,1.0,1.0,1.0
1675,1.0,180.0,1.0,111612.0,0.0,0.0,0.0,9.0,9.0,2.0,2.0,0.0,1.0,2,0.0,1.0,2.0,0.0
7635,87.0,504.0,2.0,471.0,30.0,0.0,1.0,218.0,218.0,57.0,57.0,4.0,4.0,10,4.0,0.0,0.0,0.0
137,77.0,373.0,1.0,16.0,16.0,-1.0,2.0,10.0,10.0,3.0,3.0,1.0,1.0,2,1.0,1.0,1.0,1.0
1998,12.0,180.0,1.0,9.0,0.0,0.0,0.0,7.0,7.0,1.0,1.0,1.0,1.0,2,1.0,1.0,1.0,1.0
3522,5.0,222.0,1.0,15.0,0.0,0.0,0.0,9.0,9.0,3.0,3.0,1.0,1.0,2,1.0,1.0,1.0,1.0
1592,1.0,256.0,1.0,15.0,0.0,0.0,0.0,9.0,9.0,3.0,3.0,1.0,1.0,2,1.0,1.0,1.0,1.0
5633,38.0,299.0,2.0,27.0,8.0,0.0,1.0,26.0,26.0,6.0,6.0,1.0,1.0,2,2.0,0.0,0.0,0.0
9795,11.0,291.0,1.0,19.0,3.0,0.0,1.0,28.0,28.0,7.0,7.0,2.0,2.0,7,4.0,0.0,0.0,0.0
2069,2.0,180.0,0.0,11.0,0.0,0.0,0.0,8.0,8.0,2.0,2.0,1.0,1.0,2,1.0,1.0,1.0,1.0
10038,85.57807317631618,340.99069755315736,16.862458541052945,382.9052048784211,25.957253662631867,0.0,1.0,40.75836097263137,40.75836097263137,16.042746337368133,16.042746337368133,1.8104097568421575,1.8104097568421575,6,4.526024392105394,0.0,0.0,0.0
5259,15.0,224.0,0.0,20.0,7.0,0.0,0.0,15.0,15.0,7.0,7.0,1.0,1.0,2,1.0,3.0,4.0,0.0
2254,9.0,180.0,1.0,9.0,0.0,0.0,0.0,9.0,9.0,2.0,2.0,0.0,1.0,1,1.0,1.0,2.0,0.0
10298,93.53318683118955,305.0,4.0,791.8126154728288,6.0,44.653098929903294,1.0,120.27942864163927,120.27942864163927,88.6798681480706,88.6798681480706,1.7066373662379115,1.7066373662379115,7,4.0,0.0,0.0,0.0
2272,8.0,180.0,1.0,11.0,0.0,0.0,0.0,7.0,6.0,1.0,1.0,0.0,1.0,2,1.0,1.0,2.0,0.0
5009,77.0,337.0,1.0,16.0,16.0,-1.0,2.0,13.0,12.0,-1.0,1.0,11.0,-1.0,19,1.0,-1.0,-1.0,-1.0
214,1.0,180.0,1.0,111612.0,0.0,0.0,0.0,15.0,15.0,2.0,2.0,1.0,1.0,2,1.0,1.0,2.0,0.0
6731,43.0,298.0,1.0,13.0,0.0,1.0,0.0,11.0,11.0,3.0,3.0,2.0,2.0,7,1.0,0.0,0.0,0.0
5945,82.0,283.0,1.0,30.0,0.0,12.0,0.0,29.0,29.0,17.0,17.0,2.0,2.0,7,1.0,0.0,0.0,0.0
6095,61.0,262.0,1.0,21.0,0.0,1.0,0.0,11.0,11.0,3.0,3.0,2.0,2.0,7,1.0,0.0,0.0,0.0
6138,32.0,285.0,1.0,30.0,8.0,0.0,1.0,6.0,6.0,2.0,2.0,1.0,1.0,2,1.0,0.0,0.0,0.0
865,10.0,258.0,1.0,31.0,0.0,0.0,0.0,15.0,15.0,13.0,13.0,0.0,0.0,2,0.0,0.0,0.0,0.0
8318,231.0,389.0,2.0,193.0,30.0,0.0,1.0,195.0,195.0,83.0,83.0,2.0,2.0,2,1.0,2.0,3.0,0.0
2350,31.0,255.0,1.0,10.0,6.0,0.0,0.0,9.0,9.0,2.0,2.0,0.0,1.0,1,1.0,1.0,2.0,0.0
7120,90.0,283.0,1.0,30.0,0.0,12.0,0.0,11.0,11.0,3.0,3.0,2.0,2.0,7,1.0,0.0,0.0,0.0
3945,9.0,180.0,1.0,9.0,0.0,0.0,0.0,-1.0,0.0,1.0,1.0,0.0,2.0,2,0.0,0.0,0.0,0.0
5323,-1.0,-1.0,-1.0,-1.0,-1.0,-1.0,2.0,13.0,13.0,2.0,2.0,1.0,1.0,2,1.0,2.0,3.0,1.0
3402,7.0,318.0,3.0,17.0,80.0,0.0,1.0,9.0,9.0,3.0,3.0,1.0,1.0,2,1.0,1.0,1.0,1.0
2340,5.0,218.0,1.0,10.0,0.0,0.0,0.0,9.0,9.0,1.0,1.0,1.0,1.0,2,1.0,1.0,2.0,1.0
821,8.0,180.0,1.0,11.0,0.0,0.0,0.0,11.0,11.0,3.0,3.0,1.0,1.0,2,1.0,1.0,2.0,0.0
3952,8.0,180.0,1.0,10.0,0.0,0.0,0.0,-1.0,-1.0,-1.0,-1.0,-1.0,-1.0,0,-1.0,-1.0,-1.0,-1.0
3514,15.0,180.0,1.0,10.0,0.0,0.0,0.0,38.0,38.0,14.0,14.0,1.0,1.0,2,2.0,1.0,2.0,1.0
7739,52.0,401.0,1.0,127.0,16.0,0.0,1.0,172.0,172.0,68.0,68.0,2.0,2.0,2,2.0,2.0,3.0,0.0
1179,51.0,330.0,6.0,27.0,13.0,6.0,1.0,15.0,15.0,2.0,2.0,1.0,1.0,2,1.0,1.0,2.0,0.0
9599,21.0,288.0,1.0,90.0,0.0,0.0,1.0,34.0,34.0,10.0,10.0,2.0,2.0,7,7.0,0.0,0.0,0.0
3746,-1.0,-1.0,-1.0,-1.0,-1.0,-1.0,2.0,66.0,66.0,41.0,41.0,1.0,1.0,13,3.0,0.0,0.0,0.0
10644,79.05194101919886,362.4044366153117,2.0,575.2077640767955,29.84972271154302,0.0,1.0,173.69944542308605,173.69944542308605,71.10388203839774,71.10388203839774,4.0,4.0,12,2.3005545769139633,0.0,0.15027728845698163,0.0
1949,17.0,383.0,9.0,29.0,19.0,0.0,1.0,8.0,8.0,2.0,2.0,1.0,1.0,2,1.0,1.0,1.0,1.0
5458,56.0,393.0,9.0,89.0,13.0,0.0,1.0,90.0,90.0,43.0,43.0,3.0,3.0,10,9.0,0.0,0.0,0.0
824,9.0,285.0,1.0,10.0,16.0,0.0,1.0,11.0,11.0,3.0,3.0,0.0,1.0,1,1.0,3.0,4.0,0.0
1476,12.0,224.0,0.0,20.0,7.0,0.0,0.0,8.0,8.0,2.0,2.0,1.0,1.0,2,1.0,1.0,1.0,1.0
3789,-1.0,-1.0,-1.0,-1.0,-1.0,-1.0,2.0,8.0,8.0,2.0,2.0,1.0,1.0,2,1.0,1.0,1.0,1.0
10548,31.849008190031814,298.0,1.0,12.0,0.0,1.0,0.0,11.0,11.0,3.0,3.0,2.0,2.0,7,1.0,0.0,0.0,0.0
910,32.0,337.0,6.0,28.0,14.0,6.0,1.0,15.0,15.0,3.0,3.0,1.0,1.0,2,5.0,1.0,1.0,1.0
4850,8.0,180.0,1.0,10.0,0.0,0.0,0.0,15.0,15.0,3.0,3.0,1.0,1.0,2,5.0,1.0,1.0,1.0
9209,24.0,298.0,1.0,13.0,0.0,1.0,0.0,31.0,31.0,19.0,19.0,2.0,2.0,7,1.0,0.0,0.0,0.0
5440,32.0,303.0,4.0,45.0,10.0,0.0,1.0,24.0,24.0,18.0,18.0,0.0,0.0,2,4.0,0.0,0.0,0.0
68,14.0,256.0,1.0,16.0,0.0,0.0,0.0,19.0,19.0,9.0,9.0,1.0,1.0,2,1.0,0.0,0.0,0.0
10419,14.801688442165876,260.0,1.0,12.0,0.0,1.0,0.0,11.267229480721959,11.267229480721959,3.2672294807219586,3.2672294807219586,2.0,2.0,7,1.0,0.0,0.0,0.0
3599,17.0,180.0,1.0,10.0,0.0,0.0,0.0,54.0,54.0,12.0,12.0,4.0,4.0,12,1.0,0.0,0.0,0.0
8425,234.0,287.0,11.0,251.0,14.0,3.0,1.0,66.0,66.0,22.0,22.0,2.0,2.0,7,11.0,0.0,0.0,0.0
2175,103.0,315.0,1.0,24.0,23.0,0.0,0.0,8.0,8.0,2.0,2.0,1.0,1.0,2,1.0,1.0,1.0,1.0
2731,4.0,300.0,1.0,15.0,0.0,0.0,0.0,9.0,9.0,3.0,3.0,1.0,1.0,2,1.0,1.0,1.0,1.0
799,1.0,180.0,1.0,9.0,0.0,0.0,0.0,14.0,14.0,2.0,2.0,1.0,1.0,2,1.0,2.0,3.0,1.0
1344,17.0,258.0,1.0,10.0,7.0,0.0,0.0,9.0,9.0,1.0,1.0,1.0,1.0,2,1.0,1.0,2.0,1.0
5526,55.0,326.0,2.0,49.0,48.0,0.0,1.0,48.0,48.0,9.0,9.0,2.0,2.0,7,2.0,0.0,0.0,1.0
10781,74.7695587906558,226.0,4.471194848831973,322.0782351626232,0.0,0.0,1.0,84.28805151168027,84.28805151168027,48.51849272102448,48.51849272102448,2.0,2.0,7,2.9423896976639465,0.0,0.0,0.0
4985,77.0,259.0,1.0,10.0,7.0,0.0,0.0,-1.0,-1.0,-1.0,-1.0,-1.0,-1.0,0,-1.0,-1.0,-1.0,-1.0
4318,8.0,180.0,1.0,10.0,0.0,0.0,0.0,-1.0,0.0,0.0,1.0,0.0,2.0,2,0.0,0.0,0.0,0.0
1014,8.0,180.0,1.0,11.0,0.0,0.0,0.0,11.0,11.0,3.0,3.0,0.0,1.0,1,1.0,3.0,4.0,0.0
9063,28.0,260.0,1.0,12.0,0.0,1.0,0.0,53.0,53.0,41.0,41.0,2.0,2.0,7,1.0,0.0,0.0,0.0
3467,2.0,196.0,1.0,15.0,0.0,0.0,0.0,54.0,54.0,14.0,14.0,3.0,3.0,10,6.0,1.0,2.0,0.0
6597,88.0,262.0,1.0,21.0,0.0,1.0,0.0,133.0,133.0,29.0,29.0,3.0,3.0,10,2.0,0.0,0.0,0.0
492,4.0,196.0,1.0,28.0,0.0,0.0,0.0,19.0,19.0,9.0,9.0,1.0,1.0,2,1.0,0.0,0.0,0.0
713,4.0,250.0,1.0,15.0,0.0,0.0,0.0,21.0,21.0,11.0,11.0,1.0,1.0,2,1.0,5.0,6.0,0.0
9723,30.0,252.0,15.0,59.0,0.0,0.0,1.0,56.0,56.0,15.0,15.0,1.0,1.0,2,15.0,0.0,0.0,0.0
3656,-1.0,-1.0,-1.0,-1.0,-1.0,-1.0,2.0,9.0,8.0,2.0,2.0,0.0,0.0,1,1.0,2.0,3.0,0.0
3721,-1.0,-1.0,-1.0,-1.0,-1.0,-1.0,2.0,7.0,7.0,5.0,5.0,0.0,0.0,2,0.0,0.0,0.0,0.0
2097,26.0,294.0,1.0,96.0,0.0,0.0,0.0,8.0,8.0,2.0,2.0,1.0,1.0,2,1.0,1.0,1.0,1.0
10429,48.63449640785986,450.21149880261993,1.422997605239902,109.51950838166034,9.169199042095961,0.9577002394760098,1.0,36.59219664733586,36.59219664733586,33.08459952104798,33.08459952104798,0.0,0.0,7,1.422997605239902,0.0,0.0,0.0
1134,6.0,196.0,1.0,28.0,0.0,0.0,0.0,18.0,18.0,2.0,2.0,1.0,1.0,2,1.0,5.0,6.0,1.0
4511,9.0,180.0,1.0,9.0,0.0,0.0,0.0,101.0,101.0,5.0,5.0,0.0,0.0,2,1.0,0.0,0.0,0.0
3914,-1.0,-1.0,-1.0,-1.0,-1.0,-1.0,2.0,61.0,61.0,9.0,9.0,2.0,2.0,7,3.0,0.0,0.0,0.0
10477,85.41971751010335,297.1605649797933,1.0,19.715480161653634,0.0,1.0,0.0,8.098587550516761,8.098587550516761,2.419717510103352,2.419717510103352,1.0,1.0,2,1.0,0.0,0.0,0.0
5453,316.0,353.0,28.0,233.0,29.0,11.0,1.0,248.0,248.0,63.0,63.0,5.0,5.0,13,33.0,0.0,0.0,0.0
3104,120.0,290.0,1.0,45.0,0.0,1.0,1.0,8.0,8.0,2.0,2.0,1.0,1.0,2,1.0,1.0,1.0,1.0
4277,8.0,180.0,1.0,16.0,0.0,0.0,0.0,-1.0,-1.0,-1.0,-1.0,-1.0,-1.0,0,-1.0,-1.0,-1.0,-1.0
1858,12.0,180.0,1.0,9.0,0.0,0.0,0.0,7.0,7.0,1.0,1.0,1.0,1.0,2,1.0,1.0,1.0,1.0
748,38.0,256.0,1.0,28.0,0.0,4.0,0.0,19.0,19.0,9.0,9.0,1.0,1.0,2,1.0,0.0,0.0,0.0
529,5.0,180.0,1.0,14.0,0.0,0.0,0.0,15.0,15.0,2.0,2.0,1.0,1.0,2,1.0,2.0,3.0,1.0
5330,-1.0,-1.0,-1.0,-1.0,-1.0,-1.0,2.0,11.0,11.0,2.0,2.0,2.0,2.0,2,1.0,2.0,3.0,0.0
9558,15.0,229.0,7.0,32.0,0.0,0.0,1.0,167.0,167.0,51.0,51.0,1.0,1.0,2,51.0,0.0,0.0,0.0
2993,14.0,256.0,1.0,16.0,0.0,0.0,0.0,4.0,4.0,1.0,1.0,1.0,1.0,2,1.0,1.0,1.0,1.0
989,1.0,180.0,1.0,111612.0,0.0,0.0,0.0,26.0,26.0,1.0,1.0,1.0,1.0,2,22.0,1.0,1.0,1.0
10192,90.2644583976334,283.0,1.0,27.0,0.0,9.0,0.0,26.0,26.0,14.0,14.0,2.0,2.0,7,1.0,0.0,0.0,0.0
9383,144.0,273.0,1.0,238.0,0.0,0.0,1.0,53.0,53.0,35.0,35.0,2.0,2.0,7,1.0,0.0,0.0,0.0
9297,20.0,260.0,1.0,12.0,0.0,1.0,0.0,31.0,31.0,28.0,28.0,0.0,0.0,7,1.0,0.0,0.0,0.0
8087,77.0,368.0,3.0,434.0,18.0,0.0,1.0,76.0,76.0,70.0,70.0,0.0,0.0,10,2.0,0.0,0.0,0.0
502,15.0,224.0,0.0,20.0,7.0,0.0,0.0,17.0,17.0,3.0,3.0,1.0,1.0,2,1.0,2.0,3.0,0.0
7587,96.0,362.0,4.0,588.0,26.0,0.0,1.0,97.0,97.0,91.0,91.0,0.0,0.0,10,2.0,0.0,0.0,0.0
1603,14.0,256.0,1.0,16.0,0.0,0.0,0.0,35.0,35.0,1.0,1.0,1.0,1.0,2,31.0,1.0,1.0,1.0
3078,9.0,290.0,1.0,10.0,12.0,0.0,1.0,8.0,8.0,2.0,2.0,1.0,1.0,2,1.0,1.0,1.0,1.0
5783,62.0,391.0,3.0,54.0,81.0,0.0,1.0,53.0,53.0,17.0,17.0,2.0,2.0,7,3.0,0.0,0.0,0.0
1746,15.0,255.0,1.0,16.0,2.0,-1.0,2.0,9.0,9.0,3.0,3.0,1.0,1.0,2,1.0,1.0,1.0,1.0
7151,95.0,496.0,1.0,225.0,75.0,0.0,1.0,286.0,286.0,281.0,281.0,0.0,0.0,7,3.0,0.0,0.0,0.0
3935,-1.0,-1.0,-1.0,-1.0,-1.0,-1.0,2.0,57.0,57.0,8.0,8.0,2.0,2.0,7,2.0,0.0,0.0,0.0
2034,3.0,256.0,1.0,15.0,0.0,0.0,0.0,9.0,9.0,3.0,3.0,1.0,1.0,2,1.0,1.0,1.0,1.0
1660,16.0,180.0,1.0,10.0,0.0,0.0,0.0,72.0,72.0,55.0,55.0,1.0,1.0,2,1.0,5.0,6.0,0.0
672,7.0,201.0,1.0,996.0,0.0,0.0,0.0,19.0,19.0,9.0,9.0,1.0,1.0,2,1.0,0.0,0.0,0.0
3048,9.0,180.0,1.0,9.0,0.0,0.0,0.0,8.0,8.0,1.0,1.0,1.0,1.0,2,1.0,0.0,0.0,0.0
1428,2.0,180.0,1.0,263987.0,0.0,0.0,0.0,8.0,8.0,2.0,2.0,1.0,1.0,2,1.0,1.0,1.0,1.0
884,1.0,180.0,1.0,111113.0,0.0,0.0,0.0,14.0,14.0,2.0,2.0,1.0,1.0,2,1.0,2.0,3.0,1.0
7952,71.0,359.0,2.0,384.0,15.0,0.0,1.0,86.0,86.0,33.0,33.0,6.0,6.0,12,3.0,0.0,0.0,0.0
6812,76.0,283.0,1.0,28.0,0.0,10.0,0.0,11.0,11.0,3.0,3.0,2.0,2.0,7,1.0,0.0,0.0,0.0
8106,82.0,467.0,1.0,179.0,33.0,1.0,1.0,106.0,106.0,46.0,46.0,4.0,4.0,12,3.0,0.0,1.0,0.0
4453,7.0,247.0,1.0,19.0,0.0,0.0,0.0,-1.0,-1.0,-1.0,-1.0,-1.0,-1.0,0,-1.0,-1.0,-1.0,-1.0
3230,76.0,339.0,1.0,16.0,2.0,-1.0,2.0,8.0,8.0,2.0,2.0,1.0,1.0,2,1.0,2.0,1.0,1.0
8022,98.0,377.0,2.0,795.0,13.0,0.0,1.0,106.0,106.0,98.0,98.0,0.0,0.0,10,4.0,0.0,0.0,0.0
1045,57.0,180.0,1.0,9.0,0.0,0.0,0.0,19.0,19.0,9.0,9.0,1.0,1.0,2,1.0,0.0,0.0,0.0
6039,73.0,265.0,1.0,21.0,0.0,1.0,0.0,6.0,6.0,2.0,2.0,1.0,1.0,2,1.0,0.0,0.0,0.0
7068,79.0,283.0,1.0,35.0,0.0,17.0,0.0,31.0,31.0,19.0,19.0,2.0,2.0,7,1.0,0.0,0.0,0.0
8749,16.0,306.0,1.0,26.0,13.0,0.0,1.0,25.0,25.0,11.0,11.0,2.0,2.0,7,1.0,0.0,0.0,0.0
10051,2.2894278727076967,348.5788557454154,1.0,20.157711490830785,11.578855745415392,0.0,0.0,18.289427872707698,18.289427872707698,2.7235696817692414,2.7235696817692414,1.0,1.0,2,1.0,0.0,0.0,0.0
646,15.0,224.0,0.0,20.0,7.0,0.0,0.0,19.0,19.0,9.0,9.0,1.0,1.0,2,1.0,5.0,6.0,0.0
7170,50.0,314.0,13.0,64.0,26.0,0.0,1.0,32.0,32.0,6.0,6.0,1.0,1.0,2,6.0,0.0,0.0,0.0
539,12.0,180.0,1.0,9.0,0.0,0.0,0.0,17.0,17.0,5.0,5.0,1.0,1.0,2,4.0,1.0,2.0,1.0
3091,8.0,246.0,1.0,19.0,0.0,0.0,0.0,9.0,9.0,3.0,3.0,1.0,1.0,2,1.0,1.0,1.0,1.0
10021,529.0,296.0,1.0,87.0,8.0,3.0,0.0,9.0,9.0,3.0,3.0,1.0,1.0,2,1.0,1.0,1.0,1.0
4856,76.0,317.0,1.0,16.0,16.0,-1.0,2.0,-1.0,-1.0,-1.0,-1.0,-1.0,-1.0,0,-1.0,-1.0,-1.0,-1.0
7408,50.0,368.0,6.0,152.0,16.0,0.0,1.0,187.0,187.0,146.0,146.0,0.0,0.0,13,7.0,0.0,0.0,0.0
1907,13.0,180.0,1.0,9.0,0.0,0.0,0.0,9.0,9.0,2.0,2.0,0.0,1.0,2,0.0,1.0,2.0,0.0
9207,29.0,298.0,1.0,12.0,0.0,1.0,0.0,86.0,86.0,22.0,22.0,2.0,2.0,7,1.0,0.0,0.0,0.0
1528,12.0,180.0,1.0,9.0,0.0,0.0,0.0,35.0,35.0,1.0,1.0,1.0,1.0,2,31.0,1.0,1.0,1.0
10222,144.41593249972735,275.70796624986366,2.805310833242445,53.10619597211618,0.0,2.1061959721161854,1.0,116.27433097266152,116.27433097266152,19.805310833242444,19.805310833242444,2.0,2.0,7,4.008851388737408,0.0,0.0,0.0
6886,73.0,262.0,1.0,21.0,0.0,1.0,0.0,30.0,30.0,18.0,18.0,2.0,2.0,7,1.0,0.0,0.0,0.0
2532,17.0,180.0,1.0,10.0,0.0,0.0,0.0,9.0,8.0,2.0,2.0,0.0,0.0,1,1.0,2.0,3.0,0.0
1152,38.0,180.0,1.0,11.0,0.0,0.0,0.0,26.0,25.0,3.0,3.0,1.0,1.0,2,1.0,1.0,2.0,1.0
4896,9.0,180.0,1.0,9.0,0.0,0.0,0.0,18.0,18.0,3.0,3.0,1.0,1.0,2,1.0,2.0,3.0,1.0
6205,38.0,307.0,1.0,48.0,0.0,0.0,1.0,139.0,139.0,21.0,21.0,1.0,1.0,2,13.0,0.0,0.0,1.0
9305,17.0,298.0,1.0,13.0,0.0,1.0,0.0,26.0,26.0,14.0,14.0,2.0,2.0,7,1.0,0.0,0.0,0.0
3218,4.0,180.0,1.0,8.0,0.0,0.0,0.0,9.0,9.0,3.0,3.0,1.0,1.0,2,1.0,1.0,1.0,1.0
10237,94.02714007731655,482.8928339776379,1.0,174.28357652491965,41.82498378434653,1.0,1.0,26.43284695016068,26.43284695016068,13.78427366837171,13.78427366837171,1.3242866408944838,1.3242866408944838,7,3.3649967568693064,0.0,0.0,0.0
3024,8.0,256.0,2.0,22.0,15.0,0.0,1.0,9.0,9.0,3.0,3.0,1.0,1.0,2,1.0,1.0,1.0,1.0
4153,86.0,180.0,5.0,18.0,0.0,0.0,0.0,-1.0,0.0,1.0,1.0,0.0,1.0,2,0.0,0.0,0.0,0.0
6636,90.0,283.0,1.0,31.0,0.0,13.0,0.0,31.0,31.0,19.0,19.0,2.0,2.0,7,1.0,0.0,0.0,0.0
8266,2.0,350.0,2.0,17.0,13.0,0.0,1.0,16.0,16.0,2.0,2.0,1.0,1.0,2,2.0,0.0,0.0,0.0
7686,61.0,355.0,6.0,183.0,19.0,0.0,1.0,107.0,107.0,99.0,99.0,0.0,0.0,7,6.0,0.0,0.0,0.0
7847,91.0,375.0,2.0,763.0,14.0,0.0,1.0,74.0,74.0,66.0,66.0,0.0,0.0,12,4.0,0.0,0.0,0.0
9989,73.0,348.0,1.0,16.0,16.0,-1.0,2.0,8.0,8.0,2.0,2.0,1.0,1.0,2,1.0,1.0,1.0,1.0
3509,7.0,250.0,1.0,15.0,0.0,0.0,0.0,4.0,4.0,1.0,1.0,0.0,1.0,1,1.0,1.0,1.0,1.0
3616,58.0,321.0,4.0,25.0,10.0,4.0,1.0,9.0,9.0,3.0,3.0,1.0,1.0,2,1.0,1.0,1.0,1.0
8089,69.0,353.0,3.0,696.0,16.0,0.0,1.0,133.0,133.0,126.0,126.0,0.0,0.0,10,3.0,0.0,0.0,0.0
9173,231.0,273.0,1.0,48.0,0.0,1.0,1.0,127.0,127.0,24.0,24.0,2.0,2.0,7,1.0,0.0,0.0,0.0
667,75.0,256.0,1.0,36.0,0.0,12.0,0.0,19.0,19.0,9.0,9.0,1.0,1.0,2,1.0,0.0,0.0,0.0
9000,17.0,260.0,1.0,12.0,0.0,1.0,0.0,12.0,12.0,4.0,4.0,2.0,2.0,7,1.0,0.0,0.0,0.0
10267,99.90148880368798,283.0,1.950744401843993,39.75372200921996,0.0,17.95074440184399,0.0,33.04925559815601,33.04925559815601,21.04925559815601,21.04925559815601,2.0,2.0,7,1.0,0.0,0.0,0.0
5183,50.0,407.0,2.0,61.0,26.0,1.0,1.0,-1.0,-1.0,-1.0,-1.0,-1.0,-1.0,0,-1.0,-1.0,-1.0,-1.0
7388,55.0,392.0,1.0,211.0,45.0,0.0,1.0,44.0,44.0,38.0,38.0,0.0,0.0,10,2.0,0.0,0.0,0.0
1899,15.0,180.0,1.0,10.0,0.0,0.0,0.0,8.0,7.0,2.0,1.0,0.0,0.0,1,1.0,1.0,1.0,1.0
10342,83.0278148082156,367.0139074041078,3.0,588.3843271483953,14.0,0.0,1.0,47.30088272374848,47.30088272374848,43.643487659820345,43.643487659820345,0.0,0.0,7,1.0,0.0,0.0,0.0
7950,78.0,394.0,2.0,260.0,30.0,0.0,1.0,378.0,378.0,214.0,214.0,2.0,2.0,7,2.0,2.0,3.0,0.0
1056,7.0,248.0,1.0,19.0,0.0,0.0,0.0,19.0,19.0,9.0,9.0,1.0,1.0,2,1.0,0.0,0.0,0.0
4368,77.0,338.0,1.0,16.0,16.0,-1.0,2.0,-1.0,0.0,1.0,1.0,0.0,2.0,2,0.0,0.0,0.0,0.0
7504,98.0,373.0,3.0,559.0,24.0,0.0,1.0,188.0,188.0,56.0,56.0,1.0,1.0,2,6.0,2.0,3.0,0.0
6698,32.0,298.0,1.0,12.0,0.0,1.0,0.0,26.0,26.0,14.0,14.0,2.0,2.0,7,1.0,0.0,0.0,0.0
8275,659.0,358.0,16.0,796.0,29.0,10.0,1.0,-1.0,-1.0,-1.0,-1.0,-1.0,-1.0,0,-1.0,-1.0,-1.0,-1.0
8697,399.0,402.0,2.0,256.0,25.0,6.0,1.0,27.0,27.0,20.0,20.0,2.0,2.0,7,1.0,0.0,0.0,0.0
5174,38.0,409.0,3.0,59.0,37.0,1.0,1.0,-1.0,-1.0,-1.0,-1.0,-1.0,-1.0,0,-1.0,-1.0,-1.0,-1.0
10530,72.0,255.14369666821528,2.7140758329461794,26.142227498838537,0.0,0.42864138901794024,0.5713586109820598,11.0,11.0,3.0,3.0,2.0,2.0,7,1.0,0.0,0.0,0.0
10494,52.11108552252696,380.00023029725736,1.9444572387365195,23.999769702742647,41.666513135161765,0.9444572387365195,1.0,27.722055896425246,27.722055896425246,15.111085522526961,15.111085522526961,2.0,2.0,7,1.0,0.0,0.0,0.055542761263480456
8503,118.0,283.0,1.0,23.0,0.0,5.0,0.0,6.0,6.0,2.0,2.0,1.0,1.0,2,1.0,0.0,0.0,0.0
4553,9.0,285.0,1.0,10.0,16.0,0.0,1.0,-1.0,-1.0,-1.0,-1.0,-1.0,-1.0,0,-1.0,-1.0,-1.0,-1.0
6034,78.0,283.0,1.0,31.0,0.0,13.0,0.0,30.0,30.0,18.0,18.0,2.0,2.0,7,1.0,0.0,0.0,0.0
318,2.0,180.0,1.0,14.0,0.0,0.0,0.0,10.0,10.0,3.0,3.0,1.0,1.0,2,1.0,1.0,1.0,1.0
10602,87.377308574974,322.48836919739915,12.508779901722345,227.00855270263554,12.763169852583516,1.672519934481563,1.0,456.3099202620738,456.3099202620738,31.61698962326899,31.61698962326899,2.0,2.0,7,8.0,0.0,0.0,0.5818700163796092
2783,8.0,180.0,2.0,13.0,0.0,0.0,0.0,43.0,43.0,5.0,5.0,1.0,1.0,2,1.0,0.0,0.0,0.0
2677,41.0,180.0,1.0,9.0,0.0,0.0,0.0,8.0,8.0,2.0,2.0,1.0,1.0,2,1.0,1.0,1.0,1.0
6822,82.0,283.0,1.0,26.0,0.0,8.0,0.0,6.0,6.0,2.0,2.0,1.0,1.0,2,1.0,0.0,0.0,0.0
5173,35.0,431.0,2.0,52.0,51.0,1.0,1.0,-1.0,-1.0,-1.0,-1.0,-1.0,-1.0,0,-1.0,-1.0,-1.0,-1.0
7353,36.0,335.0,4.0,38.0,8.0,0.0,1.0,66.0,66.0,16.0,16.0,2.0,2.0,7,4.0,0.0,0.0,0.0
3477,113.0,180.0,0.0,893.0,0.0,0.0,0.0,8.0,8.0,1.0,1.0,1.0,1.0,2,1.0,0.0,0.0,0.0
6742,91.0,283.0,1.0,31.0,0.0,13.0,0.0,6.0,6.0,2.0,2.0,1.0,1.0,2,1.0,0.0,0.0,0.0
3703,-1.0,-1.0,-1.0,-1.0,-1.0,-1.0,2.0,7.0,7.0,1.0,1.0,1.0,1.0,2,1.0,0.0,0.0,0.0
3766,-1.0,-1.0,-1.0,-1.0,-1.0,-1.0,2.0,8.0,8.0,1.0,2.0,1.0,1.0,2,1.0,1.0,1.0,1.0
1845,146.0,315.0,1.0,22.0,23.0,0.0,0.0,9.0,9.0,3.0,3.0,1.0,1.0,2,1.0,1.0,1.0,1.0
210,76.0,328.0,1.0,16.0,16.0,-1.0,2.0,19.0,19.0,9.0,9.0,1.0,1.0,2,1.0,0.0,0.0,0.0
5552,42.0,334.0,3.0,40.0,72.0,0.0,1.0,39.0,39.0,8.0,8.0,1.0,1.0,2,3.0,0.0,0.0,0.0
10584,84.0866673673339,283.0,1.0,33.0866673673339,0.0,15.086667367333902,0.0,6.0,6.0,2.0,2.0,1.0,1.0,2,1.0,0.0,0.0,0.0
87,1.0,180.0,1.0,111612.0,0.0,0.0,0.0,24.0,24.0,8.0,8.0,1.0,1.0,2,7.0,1.0,2.0,1.0
7565,95.0,363.0,4.0,512.0,17.0,0.0,1.0,121.0,121.0,109.0,109.0,0.0,0.0,13,3.0,0.0,0.0,0.0
2587,4.0,242.0,1.0,16.0,0.0,0.0,0.0,9.0,9.0,3.0,3.0,1.0,1.0,2,1.0,1.0,1.0,1.0
580,15.0,371.0,1.0,16.0,16.0,-1.0,2.0,15.0,15.0,2.0,2.0,1.0,1.0,2,1.0,1.0,2.0,0.0
3603,51.0,326.0,1.0,21.0,26.0,0.0,0.0,9.0,9.0,2.0,2.0,0.0,1.0,1,1.0,1.0,2.0,0.0
936,10.0,180.0,1.0,9.0,0.0,0.0,0.0,10.0,10.0,3.0,3.0,1.0,1.0,2,1.0,1.0,1.0,1.0
5523,45.0,447.0,6.0,62.0,62.0,0.0,1.0,61.0,61.0,9.0,9.0,2.0,2.0,7,6.0,0.0,0.0,0.0
1671,3.0,300.0,1.0,15.0,0.0,0.0,0.0,4.0,4.0,1.0,1.0,0.0,1.0,1,1.0,1.0,1.0,1.0
10049,21.4401708759031,298.0,1.0,12.27991456204845,0.0,1.0,0.0,6.0,6.0,2.0,2.0,1.0,1.0,2,1.0,0.0,0.0,0.0
4100,5.0,180.0,7.0,18.0,0.0,0.0,0.0,-1.0,-1.0,-1.0,-1.0,-1.0,-1.0,0,-1.0,-1.0,-1.0,-1.0
4462,8.0,180.0,1.0,9.0,0.0,0.0,0.0,11.0,11.0,3.0,3.0,0.0,1.0,1,1.0,3.0,4.0,0.0
7438,98.0,379.0,6.0,482.0,17.0,0.0,1.0,79.0,79.0,69.0,69.0,0.0,0.0,10,6.0,0.0,0.0,0.0
10128,118.78419741342444,283.0,1.0,45.73860086219186,0.0,27.738600862191856,0.0,6.65349784452036,6.65349784452036,2.130699568904072,2.130699568904072,1.1306995689040722,1.1306995689040722,2,1.0,0.0,0.0,0.0
6686,82.0,262.0,1.0,21.0,0.0,1.0,0.0,63.0,63.0,16.0,14.0,1.0,1.0,2,5.0,0.0,0.0,0.0
3080,9.0,180.0,0.0,2.0,0.0,0.0,0.0,9.0,9.0,2.0,2.0,0.0,1.0,2,0.0,1.0,2.0,0.0
7303,72.0,340.0,1.0,91.0,47.0,0.0,1.0,73.0,73.0,20.0,20.0,1.0,1.0,2,18.0,0.0,0.0,0.0
2544,15.0,180.0,1.0,10.0,0.0,0.0,0.0,35.0,35.0,18.0,18.0,1.0,1.0,2,1.0,5.0,6.0,0.0
268,13.0,180.0,1.0,9.0,0.0,0.0,0.0,21.0,21.0,11.0,11.0,1.0,1.0,2,1.0,5.0,6.0,0.0
8017,72.0,397.0,1.0,1108.0,38.0,0.0,1.0,303.0,303.0,41.0,41.0,4.0,4.0,10,1.0,0.0,0.0,0.0
5855,51.0,252.0,18.0,72.0,0.0,0.0,1.0,71.0,71.0,20.0,20.0,2.0,2.0,7,18.0,0.0,0.0,0.0
10529,28.295090295777,229.0,15.1475451478885,56.590180591554,0.0,0.0,1.0,40.180361183108,40.180361183108,10.295090295777,10.295090295777,1.0,1.0,2,10.295090295777,0.0,0.0,0.0
4222,33.0,180.0,1.0,16.0,0.0,0.0,0.0,-1.0,-1.0,-1.0,-1.0,-1.0,-1.0,0,-1.0,-1.0,-1.0,-1.0
3135,7.0,239.0,1.0,10.0,8.0,0.0,1.0,8.0,8.0,2.0,2.0,1.0,1.0,2,1.0,1.0,1.0,1.0
9872,4.0,490.0,2.0,14.0,14.0,0.0,1.0,9.0,9.0,3.0,3.0,1.0,1.0,2,1.0,1.0,1.0,1.0
9407,139.0,296.0,2.0,192.0,0.0,1.0,1.0,58.0,58.0,12.0,12.0,2.0,2.0,7,3.0,0.0,0.0,1.0
8301,125.0,336.0,2.0,1550.0,14.0,0.0,1.0,99.0,99.0,35.0,35.0,3.0,3.0,10,2.0,2.0,3.0,0.0
1408,1.0,180.0,1.0,111113.0,0.0,0.0,0.0,9.0,9.0,3.0,3.0,1.0,1.0,2,1.0,1.0,1.0,1.0
8948,27.0,298.0,1.0,12.0,0.0,1.0,0.0,6.0,6.0,2.0,2.0,1.0,1.0,2,1.0,0.0,0.0,0.0
3861,37.0,573.0,4.0,75.0,153.0,0.0,1.0,72.0,72.0,5.0,5.0,1.0,1.0,2,4.0,0.0,0.0,1.0
9416,131.0,305.0,20.0,890.0,17.0,0.0,1.0,26.0,26.0,11.0,11.0,2.0,2.0,7,2.0,0.0,0.0,0.0
10984,76.42040109078873,272.0,1.0,21.0,0.0,1.0,0.0,31.15919781842253,31.15919781842253,19.15919781842253,19.15919781842253,2.0,2.0,7,1.0,0.0,0.0,0.0
486,11.0,256.0,1.0,16.0,0.0,0.0,0.0,19.0,19.0,9.0,9.0,1.0,1.0,2,1.0,0.0,0.0,0.0
4536,438.0,295.0,1.0,65.0,0.0,0.0,0.0,-1.0,-1.0,-1.0,-1.0,-1.0,-1.0,0,-1.0,-1.0,-1.0,-1.0
2842,405.0,180.0,1.0,7.0,0.0,0.0,0.0,8.0,8.0,2.0,2.0,1.0,1.0,2,1.0,1.0,1.0,1.0
506,8.0,180.0,1.0,10.0,0.0,0.0,0.0,24.0,24.0,1.0,1.0,1.0,1.0,2,20.0,1.0,1.0,1.0
10163,54.66095254018701,360.3572161662114,1.7053479792235766,209.07164849863415,26.11604393767073,0.0,1.0,84.52673989611789,84.52673989611789,33.294652020776425,33.294652020776425,3.0,3.0,10,2.2946520207764234,0.0,0.0,0.0
2755,9.0,180.0,0.0,2.0,0.0,0.0,0.0,4.0,4.0,1.0,1.0,0.0,1.0,1,1.0,1.0,1.0,1.0
10876,195.39131436955614,241.6250288124739,47.353257111416454,170.58697155433418,0.0,1.0978285923890327,1.0,47.25542851902742,47.25542851902742,16.39131436955613,16.39131436955613,1.5489142961945164,1.5489142961945164,4,6.059771334249353,0.0,0.0,0.0
7294,349.0,464.0,23.0,850.0,101.0,2.0,1.0,81.0,81.0,63.0,63.0,0.0,0.0,7,16.0,0.0,0.0,0.0
794,8.0,180.0,1.0,11.0,0.0,0.0,0.0,17.0,17.0,5.0,5.0,1.0,1.0,2,4.0,1.0,2.0,1.0
9817,18.0,279.0,3.0,37.0,0.0,0.0,1.0,40.0,40.0,8.0,8.0,2.0,2.0,7,7.0,0.0,0.0,1.0
10976,73.05399154514596,262.0,1.0,21.0,0.0,1.0,0.0,49.865021137135095,49.865021137135095,37.865021137135095,37.865021137135095,2.0,2.0,7,1.0,0.0,0.0,0.0
1738,13.0,392.0,6.0,23.0,17.0,0.0,1.0,9.0,9.0,3.0,3.0,1.0,1.0,2,1.0,1.0,1.0,1.0
10057,65.81711362909368,394.1704727738004,5.926845451637474,69.81711362909368,39.926845451637476,0.0,1.0,172.20705004798168,172.20705004798168,27.14630909672505,27.14630909672505,2.0,2.0,7,6.0,0.0,0.0,0.0
4083,7.0,293.0,1.0,16.0,2.0,-1.0,2.0,24.0,24.0,8.0,8.0,1.0,1.0,2,7.0,1.0,2.0,1.0
7344,87.0,339.0,18.0,383.0,27.0,0.0,1.0,40.0,40.0,15.0,15.0,2.0,2.0,7,5.0,0.0,0.0,0.0
9880,38.0,311.0,1.0,200005.0,9.0,0.0,1.0,4.0,4.0,1.0,1.0,0.0,1.0,1,1.0,1.0,1.0,1.0
3470,4.0,250.0,1.0,15.0,0.0,0.0,0.0,85.0,85.0,5.0,5.0,0.0,0.0,2,1.0,0.0,0.0,0.0
11028,65.69266028794023,406.081036692636,2.0,292.08409252145134,30.0,0.0,1.0,663.0053477004268,663.0053477004268,387.1544338132337,387.1544338132337,2.615443381323372,2.615443381323372,8,3.2308867626467435,44.46559331131265,45.46559331131265,0.0
9417,167.0,288.0,8.0,464.0,0.0,0.0,1.0,-1.0,-1.0,-1.0,-1.0,-1.0,-1.0,0,-1.0,-1.0,-1.0,-1.0
1636,13.0,224.0,0.0,20.0,7.0,0.0,0.0,9.0,9.0,3.0,3.0,1.0,1.0,2,1.0,1.0,2.0,0.0
7106,35.0,298.0,1.0,12.0,0.0,1.0,0.0,41.0,41.0,37.0,37.0,0.0,0.0,10,1.0,0.0,0.0,0.0
5702,46.0,335.0,1.0,29.0,8.0,0.0,1.0,28.0,28.0,7.0,7.0,1.0,1.0,2,1.0,0.0,0.0,0.0
10121,51.69982807131049,394.54888246351817,1.0,35.0,84.5488824635182,0.0,1.0,34.0,34.0,15.0,15.0,2.0,2.0,7,1.0,0.0,0.0,0.0
10967,82.14389069200197,354.76259379466796,5.690648448666996,290.4388621317823,49.10070556910638,0.7697838504443345,1.0,129.45324224333498,129.45324224333498,60.388486953110345,60.388486953110345,3.539567700888669,3.539567700888669,9,25.705028560219695,0.0,0.0,0.0
9058,21.0,298.0,1.0,13.0,0.0,1.0,0.0,83.0,83.0,26.0,26.0,1.0,1.0,2,14.0,0.0,0.0,0.0
2389,445.0,180.0,1.0,9.0,0.0,0.0,0.0,9.0,9.0,2.0,2.0,0.0,1.0,2,0.0,1.0,2.0,0.0
2736,566.0,180.0,1.0,127.0,0.0,0.0,1.0,9.0,9.0,3.0,3.0,1.0,1.0,2,1.0,1.0,1.0,1.0
10398,56.8849945950255,387.80197189413263,5.738006485969391,75.53997838010203,25.32902486288267,0.0,1.0,118.39299027104592,118.39299027104592,22.0,22.0,1.2460021619897972,1.2460021619897972,8,5.246002161989797,0.0,0.0,0.0
8814,192.0,304.0,15.0,114.0,0.0,0.0,1.0,100.0,100.0,30.0,30.0,2.0,2.0,7,16.0,0.0,0.0,0.0
10394,85.76467232986766,191.03001337429112,1.5150066871455579,12.0,6.180080245746696,1.5150066871455579,0.0,23.06002674858223,23.06002674858223,11.060026748582231,11.060026748582231,2.0,2.0,7,1.0,0.0,0.0,0.0
5768,66.0,332.0,3.0,59.0,22.0,0.0,1.0,58.0,58.0,20.0,20.0,2.0,2.0,7,3.0,0.0,0.0,0.0
7052,89.0,283.0,1.0,26.0,0.0,8.0,0.0,159.0,159.0,56.0,56.0,4.0,4.0,10,78.0,0.0,0.0,0.0
808,11.0,180.0,1.0,9.0,0.0,0.0,0.0,19.0,19.0,6.0,6.0,1.0,1.0,2,5.0,1.0,2.0,1.0
3411,734.0,371.0,1.0,15.0,50.0,1.0,0.0,9.0,9.0,2.0,2.0,1.0,1.0,2,0.0,0.0,0.0,0.0
1231,207.0,315.0,1.0,22.0,23.0,0.0,0.0,19.0,19.0,9.0,9.0,1.0,1.0,2,1.0,0.0,0.0,0.0
5902,69.0,319.0,6.0,43.0,28.0,0.0,1.0,42.0,42.0,13.0,13.0,2.0,2.0,7,6.0,0.0,0.0,0.0
2868,4.0,180.0,1.0,8.0,0.0,0.0,0.0,9.0,9.0,2.0,2.0,2.0,2.0,2,1.0,2.0,3.0,0.0
1991,2.0,256.0,1.0,15.0,0.0,0.0,0.0,9.0,9.0,1.0,1.0,1.0,1.0,2,1.0,1.0,2.0,1.0
6335,72.0,283.0,1.0,30.0,0.0,12.0,0.0,6.0,6.0,2.0,2.0,1.0,1.0,2,1.0,0.0,0.0,0.0
703,12.0,180.0,1.0,9.0,0.0,0.0,0.0,23.0,23.0,7.0,7.0,1.0,1.0,2,4.0,2.0,3.0,1.0
6838,96.0,283.0,1.0,31.0,0.0,13.0,0.0,6.0,6.0,2.0,2.0,1.0,1.0,2,1.0,0.0,0.0,0.0
3961,78.0,180.0,1.0,11.0,0.0,0.0,0.0,-1.0,-1.0,-1.0,-1.0,-1.0,-1.0,0,-1.0,-1.0,-1.0,-1.0
7645,52.0,373.0,2.0,82.0,27.0,0.0,1.0,78.0,78.0,68.0,68.0,0.0,0.0,10,6.0,0.0,0.0,0.0
1246,7.0,259.0,1.0,10.0,11.0,0.0,0.0,10.0,10.0,3.0,3.0,1.0,1.0,2,1.0,1.0,1.0,1.0
2714,238.0,281.0,1.0,29.0,0.0,1.0,0.0,8.0,8.0,2.0,2.0,1.0,1.0,2,1.0,1.0,1.0,1.0
11042,239.09494576119803,273.0,1.0,88.82179357580875,0.0,1.0,1.0,87.82179357580875,87.82179357580875,31.9097282780839,31.9097282780839,2.0,2.0,7,1.0,0.0,0.0,0.0
10089,23.00480411889359,302.3365360792624,5.331731960368804,108.67307215852479,12.665865980184401,0.0,1.0,41.0,41.0,10.0,10.0,2.0,2.0,7,6.663463920737607,0.0,0.0,0.0
4082,4.0,180.0,1.0,14.0,0.0,0.0,0.0,-1.0,0.0,1.0,1.0,0.0,2.0,2,0.0,0.0,1.0,0.0
7023,32.0,298.0,1.0,12.0,0.0,1.0,0.0,38.0,38.0,26.0,26.0,2.0,2.0,7,1.0,0.0,0.0,0.0
5053,4361.0,333.0,167.0,15403.0,12.0,898.0,0.0,-1.0,0.0,1.0,1.0,0.0,2.0,2,0.0,0.0,0.0,0.0
233,1.0,180.0,1.0,111612.0,0.0,0.0,0.0,121.0,121.0,14.0,14.0,3.0,3.0,10,3.0,2.0,3.0,0.0
7755,323.0,371.0,2.0,1004.0,24.0,0.0,1.0,99.0,99.0,45.0,45.0,3.0,3.0,10,1.0,3.0,3.0,0.0
1277,3.0,180.0,0.0,9.0,0.0,0.0,0.0,19.0,19.0,9.0,9.0,1.0,1.0,2,1.0,0.0,0.0,0.0
10533,15.342739684970773,229.0,8.0,40.0,0.0,0.0,1.0,26.55242010500974,26.55242010500974,6.0,6.0,1.0,1.0,2,6.0,0.0,0.0,0.0
6481,99.0,283.0,1.0,28.0,0.0,10.0,0.0,6.0,6.0,2.0,2.0,1.0,1.0,2,1.0,0.0,0.0,0.0
10440,76.36419095491489,262.0,1.0,21.0,0.0,1.0,0.0,6.0,6.0,2.0,2.0,1.0,1.0,2,1.0,0.0,0.0,0.0
3293,7.0,292.0,1.0,16.0,2.0,-1.0,2.0,4.0,4.0,1.0,1.0,0.0,1.0,1,1.0,1.0,1.0,1.0
7036,80.0,283.0,1.0,31.0,0.0,13.0,0.0,31.0,31.0,28.0,28.0,0.0,0.0,7,1.0,0.0,0.0,0.0
3757,-1.0,-1.0,-1.0,-1.0,-1.0,-1.0,2.0,48.0,48.0,36.0,35.0,1.0,1.0,2,1.0,0.0,0.0,0.0
5906,81.0,319.0,6.0,43.0,28.0,0.0,1.0,42.0,42.0,13.0,13.0,2.0,2.0,7,6.0,0.0,0.0,0.0
6037,89.0,262.0,1.0,21.0,0.0,1.0,0.0,6.0,6.0,2.0,2.0,1.0,1.0,2,1.0,0.0,0.0,0.0
452,8.0,256.0,2.0,22.0,15.0,0.0,1.0,14.0,14.0,2.0,2.0,1.0,1.0,2,1.0,2.0,3.0,1.0
5184,42.0,397.0,3.0,60.0,30.0,1.0,1.0,-1.0,-1.0,-1.0,-1.0,-1.0,-1.0,0,-1.0,-1.0,-1.0,-1.0
8063,42.0,558.0,5.0,408.0,82.0,0.0,1.0,508.0,508.0,23.0,23.0,2.0,2.0,7,5.0,0.0,0.0,1.0
5995,77.0,283.0,1.0,24.0,0.0,6.0,0.0,23.0,23.0,11.0,11.0,2.0,2.0,7,1.0,0.0,0.0,0.0
4383,4.0,180.0,1.0,14.0,0.0,0.0,0.0,-1.0,0.0,1.0,1.0,0.0,2.0,2,0.0,0.0,0.0,0.0
8713,141.0,280.0,2.0,171.0,0.0,9.0,1.0,574.0,574.0,97.0,97.0,2.0,2.0,7,62.0,0.0,0.0,0.0
8447,122.0,283.0,1.0,49.0,0.0,31.0,0.0,48.0,48.0,36.0,36.0,2.0,2.0,7,1.0,0.0,0.0,0.0
349,3.0,180.0,1.0,10.0,0.0,0.0,0.0,13.0,13.0,2.0,2.0,1.0,1.0,2,1.0,2.0,3.0,1.0
1666,17.0,180.0,1.0,10.0,0.0,0.0,0.0,4.0,4.0,1.0,1.0,1.0,1.0,2,0.0,1.0,1.0,1.0
403,8.0,180.0,1.0,10.0,0.0,0.0,0.0,11.0,11.0,3.0,3.0,0.0,1.0,1,1.0,3.0,4.0,0.0
9263,16.0,298.0,1.0,13.0,0.0,1.0,0.0,12.0,12.0,4.0,4.0,2.0,2.0,7,1.0,0.0,0.0,0.0
8997,24.0,298.0,1.0,12.0,0.0,1.0,0.0,126.0,126.0,21.0,21.0,2.0,2.0,7,1.0,0.0,0.0,0.0
9821,18.0,252.0,8.0,34.0,0.0,0.0,1.0,44.0,44.0,17.0,17.0,6.0,6.0,12,10.0,0.0,0.0,0.0
5130,640.0,239.0,36.0,205.0,8.0,0.0,1.0,10.0,10.0,3.0,3.0,1.0,1.0,2,1.0,0.0,1.0,1.0
9736,85.0,286.0,3.0,156.0,3.0,0.0,1.0,294.0,294.0,27.0,27.0,4.0,4.0,12,4.0,0.0,0.0,2.0
5210,58.0,58.0,10.0,10.0,2.0,2.0,2.0,0.0,0.0,0.0,0.0,0.0,0.0,1,0.0,32.0,-1.0,-1.0
6256,79.0,340.0,11.0,563.0,36.0,0.0,1.0,113.0,113.0,15.0,15.0,4.0,4.0,10,12.0,0.0,0.0,0.0
9418,175.0,271.0,1.0,44.0,0.0,0.0,1.0,37.0,37.0,16.0,16.0,2.0,2.0,2,1.0,0.0,0.0,0.0
1584,3.0,250.0,1.0,15.0,0.0,0.0,0.0,8.0,8.0,2.0,2.0,1.0,1.0,2,1.0,1.0,1.0,1.0
10019,73.0,364.0,1.0,16.0,16.0,-1.0,2.0,9.0,9.0,3.0,3.0,1.0,1.0,2,1.0,1.0,1.0,1.0
5182,41.0,397.0,2.0,59.0,34.0,1.0,1.0,-1.0,-1.0,-1.0,-1.0,-1.0,-1.0,0,-1.0,-1.0,-1.0,-1.0
2594,14.0,371.0,1.0,16.0,16.0,-1.0,2.0,5.0,5.0,0.0,0.0,1.0,1.0,2,1.0,0.0,0.0,1.0
9773,30.0,278.0,13.0,55.0,6.0,0.0,1.0,30.0,30.0,6.0,6.0,2.0,2.0,7,4.0,0.0,0.0,1.0
1766,11.0,344.0,6.0,23.0,0.0,0.0,1.0,9.0,9.0,3.0,3.0,1.0,1.0,2,1.0,1.0,1.0,1.0
2886,6.0,180.0,1.0,10.0,0.0,0.0,0.0,9.0,9.0,3.0,3.0,1.0,1.0,2,1.0,1.0,1.0,1.0
9101,30.0,298.0,1.0,12.0,0.0,1.0,0.0,12.0,12.0,6.0,6.0,1.0,1.0,2,3.0,0.0,0.0,0.0
4966,75.0,326.0,1.0,16.0,15.0,-1.0,2.0,-1.0,-1.0,-1.0,-1.0,-1.0,-1.0,0,-1.0,-1.0,-1.0,-1.0
3969,9.0,180.0,1.0,9.0,0.0,0.0,0.0,13.0,13.0,5.0,5.0,1.0,1.0,2,2.0,1.0,1.0,1.0
9596,19.0,229.0,8.0,40.0,0.0,0.0,1.0,58.0,58.0,15.0,15.0,1.0,1.0,2,15.0,0.0,0.0,0.0
7851,92.0,425.0,3.0,551.0,30.0,0.0,1.0,81.0,81.0,73.0,73.0,0.0,0.0,10,4.0,0.0,0.0,0.0
9988,78.0,363.0,1.0,16.0,10.0,-1.0,2.0,9.0,9.0,3.0,3.0,1.0,1.0,2,1.0,1.0,1.0,1.0
1974,1.0,180.0,1.0,7.0,0.0,0.0,0.0,8.0,8.0,2.0,2.0,1.0,1.0,2,1.0,1.0,1.0,1.0
6396,80.0,283.0,1.0,25.0,0.0,7.0,0.0,11.0,11.0,3.0,3.0,2.0,2.0,7,1.0,0.0,0.0,0.0
2413,400.0,285.0,3.0,127.0,0.0,1.0,0.0,9.0,9.0,3.0,3.0,1.0,1.0,2,1.0,1.0,2.0,0.0
1355,3.0,180.0,0.0,8.0,0.0,0.0,0.0,4.0,4.0,1.0,1.0,1.0,1.0,2,0.0,1.0,1.0,1.0
1042,17.0,180.0,1.0,10.0,0.0,0.0,0.0,11.0,11.0,2.0,2.0,1.0,1.0,2,1.0,1.0,1.0,1.0
3189,7.0,303.0,1.0,16.0,2.0,-1.0,2.0,9.0,9.0,3.0,3.0,1.0,1.0,2,1.0,1.0,1.0,1.0
5036,7.0,239.0,1.0,10.0,8.0,0.0,1.0,17.0,17.0,3.0,3.0,1.0,1.0,2,1.0,2.0,3.0,0.0
8028,67.0,366.0,1.0,262.0,30.0,0.0,1.0,64.0,64.0,58.0,58.0,0.0,0.0,10,2.0,0.0,0.0,0.0
7705,77.0,379.0,2.0,431.0,37.0,0.0,1.0,56.0,56.0,50.0,50.0,0.0,0.0,10,2.0,0.0,0.0,0.0
10031,44.535176038938125,447.0,6.0,61.6126466991151,62.0,0.0,1.0,60.6126466991151,60.6126466991151,9.542294621238852,9.542294621238852,2.0,2.0,7,6.0,0.0,0.0,0.0
416,3.0,256.0,1.0,15.0,0.0,0.0,0.0,12.0,12.0,3.0,3.0,1.0,1.0,2,1.0,1.0,2.0,0.0
10724,105.45106265383673,426.2352588626414,4.843160758239064,638.666866445032,29.313678483521873,0.0,1.0,86.62735696704374,86.62735696704374,76.78419620880467,76.78419620880467,0.0,0.0,12,2.078419620880468,0.9215803791195321,1.8431607582390641,0.0
6024,93.0,283.0,1.0,41.0,0.0,23.0,0.0,40.0,40.0,28.0,28.0,2.0,2.0,7,1.0,0.0,0.0,0.0
10546,86.69709729267326,283.0,1.0,39.65145135366337,0.0,21.651451353663365,0.0,11.0,11.0,3.0,3.0,2.0,2.0,7,1.0,0.0,0.0,0.0
5499,49.0,380.0,4.0,154.0,13.0,0.0,1.0,124.0,124.0,25.0,25.0,0.0,0.0,7,0.0,0.0,0.0,0.0
5,14.0,224.0,0.0,20.0,7.0,0.0,0.0,19.0,19.0,9.0,9.0,1.0,1.0,2,1.0,0.0,0.0,0.0
4012,4.0,247.0,1.0,16.0,0.0,0.0,0.0,-1.0,-1.0,-1.0,-1.0,-1.0,-1.0,0,-1.0,-1.0,-1.0,-1.0
1819,17.0,180.0,1.0,10.0,0.0,0.0,0.0,35.0,35.0,1.0,1.0,1.0,1.0,2,31.0,1.0,1.0,1.0
11083,188.5245454089031,268.5861364359034,29.850340838725607,189.09431823887113,6.1106818448065265,1.1270454507419247,1.0,51.11068184480653,51.11068184480653,18.690568176112887,18.690568176112887,2.0,2.0,7,5.055340922403263,0.0,0.0,0.0
4560,9.0,256.0,2.0,22.0,15.0,0.0,1.0,-1.0,-1.0,-1.0,-1.0,-1.0,-1.0,0,-1.0,-1.0,-1.0,-1.0
3209,8.0,255.0,1.0,10.0,20.0,0.0,1.0,8.0,8.0,2.0,2.0,1.0,1.0,2,1.0,1.0,1.0,1.0
5558,79.0,320.0,1.0,44.0,31.0,2.0,1.0,43.0,43.0,20.0,20.0,2.0,2.0,7,1.0,0.0,0.0,0.0
9785,62.0,306.0,4.0,383.0,0.0,0.0,1.0,30.0,30.0,9.0,9.0,2.0,2.0,7,5.0,0.0,0.0,0.0
7251,72.0,226.0,4.0,312.0,0.0,0.0,1.0,113.0,113.0,70.0,70.0,2.0,2.0,7,4.0,0.0,0.0,0.0
5324,-1.0,-1.0,-1.0,-1.0,-1.0,-1.0,2.0,14.0,14.0,6.0,6.0,1.0,1.0,2,1.0,3.0,4.0,0.0
2611,7.0,295.0,1.0,16.0,2.0,-1.0,2.0,8.0,8.0,2.0,2.0,1.0,1.0,2,1.0,1.0,1.0,1.0
9834,250.0,229.0,30.0,115.0,0.0,0.0,1.0,183.0,183.0,44.0,44.0,2.0,2.0,7,34.0,0.0,0.0,1.0
9218,24.0,298.0,1.0,12.0,0.0,1.0,0.0,12.0,12.0,4.0,4.0,2.0,2.0,7,1.0,0.0,0.0,0.0
3581,37.0,310.0,1.0,100.0,22.0,0.0,0.0,9.0,9.0,3.0,3.0,1.0,1.0,2,1.0,1.0,1.0,1.0
297,8.0,180.0,1.0,10.0,0.0,0.0,0.0,10.0,10.0,2.0,2.0,1.0,1.0,2,1.0,1.0,2.0,0.0
5570,39.0,436.0,1.0,172.0,143.0,2.0,1.0,46.0,46.0,17.0,17.0,2.0,2.0,7,1.0,0.0,0.0,0.0
1497,12.0,180.0,1.0,9.0,0.0,0.0,0.0,9.0,9.0,1.0,1.0,1.0,1.0,2,1.0,1.0,2.0,1.0
5238,2.0,180.0,1.0,111612.0,0.0,0.0,0.0,17.0,17.0,3.0,3.0,1.0,1.0,2,1.0,2.0,3.0,0.0
7416,70.0,344.0,6.0,622.0,18.0,0.0,1.0,75.0,75.0,65.0,65.0,0.0,0.0,10,6.0,0.0,0.0,0.0
10122,2.5027450672053537,375.49725493279465,2.0,14.502745067205353,16.50823520161606,0.0,0.5027450672053536,13.502745067205353,13.502745067205353,2.0,2.0,1.0,1.0,2,2.0,0.0,0.0,0.0
1862,19.0,240.0,2.0,31.0,14.0,0.0,0.0,9.0,9.0,1.0,1.0,1.0,1.0,2,1.0,1.0,2.0,1.0
996,6.0,256.0,2.0,19.0,0.0,0.0,0.0,17.0,17.0,4.0,4.0,2.0,2.0,7,1.0,1.0,2.0,0.0
10513,41.09092513368998,342.63682887700935,1.4546256684498884,112.36387700534966,19.727224598930068,0.0,1.0,44.454625668449886,44.454625668449886,37.90889839572027,37.90889839572027,0.0,0.0,9,0.9090748663100223,0.0,0.0,0.0
10439,103.41487354244252,283.0,1.0,27.414873542442518,0.0,9.41487354244252,0.0,25.340505830229926,25.340505830229926,13.755379372672444,13.755379372672444,2.0,2.0,7,1.0,0.0,0.0,0.41487354244251873
10924,129.22384215476453,279.2984562063527,1.0,50.880789226177406,0.0,3.701543793647307,1.0,194.17924543253008,194.17924543253008,23.383076034392115,23.383076034392115,2.0,2.0,7,5.318467759255192,0.0,0.0,0.0
7816,86.0,401.0,2.0,1282.0,45.0,0.0,1.0,88.0,88.0,79.0,79.0,0.0,0.0,12,5.0,0.0,0.0,0.0
524,10.0,180.0,31.0,70.0,0.0,0.0,0.0,30.0,30.0,4.0,4.0,1.0,1.0,2,1.0,1.0,2.0,1.0
9674,49.0,291.0,14.0,342.0,3.0,0.0,1.0,40.0,40.0,9.0,9.0,2.0,2.0,7,5.0,0.0,0.0,0.0
6640,65.0,262.0,1.0,21.0,0.0,1.0,0.0,34.0,34.0,31.0,31.0,0.0,0.0,7,1.0,0.0,0.0,0.0
6775,79.0,262.0,1.0,21.0,0.0,1.0,0.0,46.0,46.0,17.0,17.0,2.0,2.0,7,8.0,0.0,0.0,0.0
9616,323.0,289.0,5.0,2867.0,0.0,0.0,1.0,51.0,51.0,20.0,20.0,2.0,2.0,7,7.0,0.0,0.0,0.0
9806,10.0,229.0,4.0,29.0,0.0,0.0,1.0,45.0,45.0,12.0,12.0,1.0,1.0,2,10.0,0.0,0.0,0.0
757,4.0,383.0,2.0,13.0,11.0,0.0,1.0,19.0,19.0,9.0,9.0,1.0,1.0,2,1.0,0.0,0.0,0.0
1412,11.0,180.0,5.0,88.0,0.0,0.0,1.0,9.0,9.0,3.0,3.0,1.0,1.0,2,1.0,1.0,1.0,1.0
6627,37.0,279.0,2.0,34.0,0.0,2.0,1.0,24.0,24.0,12.0,12.0,2.0,2.0,7,1.0,0.0,0.0,0.0
1665,14.0,257.0,1.0,16.0,0.0,1.0,0.0,9.0,9.0,3.0,3.0,1.0,1.0,2,1.0,1.0,1.0,1.0
6626,86.0,283.0,1.0,25.0,0.0,7.0,0.0,6.0,6.0,2.0,2.0,1.0,1.0,2,1.0,0.0,0.0,0.0
414,14.0,224.0,0.0,20.0,7.0,0.0,0.0,10.0,9.0,3.0,3.0,1.0,1.0,2,1.0,1.0,1.0,1.0
8292,113.0,340.0,2.0,521.0,25.0,0.0,1.0,193.0,193.0,86.0,86.0,4.0,4.0,7,2.0,2.0,3.0,0.0
1097,41.0,180.0,1.0,9.0,0.0,0.0,0.0,10.0,10.0,3.0,3.0,1.0,1.0,2,1.0,1.0,1.0,1.0
11008,98.02807839266846,283.0,1.0,31.007019598167116,0.0,13.007019598167116,0.0,11.0,11.0,3.0,3.0,2.0,2.0,7,1.0,0.0,0.0,0.0
3741,-1.0,-1.0,-1.0,-1.0,-1.0,-1.0,2.0,9.0,9.0,2.0,3.0,1.0,1.0,2,0.0,0.0,0.0,0.0
6665,52.0,381.0,2.0,23.0,41.0,1.0,1.0,27.0,27.0,15.0,15.0,2.0,2.0,7,1.0,0.0,0.0,0.0
739,4.0,180.0,1.0,14.0,0.0,0.0,0.0,19.0,19.0,1.0,1.0,1.0,1.0,2,15.0,1.0,1.0,1.0
7123,88.0,262.0,1.0,21.0,0.0,1.0,0.0,109.0,109.0,18.0,18.0,2.0,2.0,7,1.0,0.0,0.0,0.0
66,74.0,304.0,1.0,16.0,6.0,-1.0,2.0,14.0,14.0,11.0,11.0,0.0,0.0,2,1.0,0.0,1.0,0.0
548,6.0,211.0,1.0,18.0,0.0,0.0,0.0,19.0,19.0,9.0,9.0,1.0,1.0,2,1.0,0.0,0.0,0.0
304,16.0,180.0,1.0,10.0,0.0,0.0,0.0,13.0,13.0,3.0,3.0,1.0,1.0,2,2.0,1.0,2.0,1.0
2312,37.0,180.0,1.0,11.0,0.0,0.0,0.0,9.0,9.0,1.0,1.0,1.0,1.0,2,1.0,1.0,2.0,1.0
6111,71.0,283.0,1.0,22.0,0.0,4.0,0.0,43.0,43.0,31.0,31.0,2.0,2.0,7,1.0,0.0,0.0,0.0
10686,297.1753997317203,249.0,34.25592938020239,393.78676215725477,0.0,0.0,1.0,200.61610592969643,200.61610592969643,58.872035309898806,58.872035309898806,1.6255929380202385,1.6255929380202385,5,52.49288474375714,0.0,0.0,0.0
5809,47.0,342.0,3.0,67.0,8.0,0.0,1.0,31.0,31.0,26.0,26.0,0.0,0.0,7,3.0,0.0,0.0,0.0
9469,13.0,252.0,6.0,28.0,0.0,0.0,1.0,63.0,63.0,19.0,19.0,2.0,2.0,7,11.0,0.0,0.0,0.0
7137,85.0,283.0,1.0,28.0,0.0,10.0,0.0,6.0,6.0,2.0,2.0,1.0,1.0,2,1.0,0.0,0.0,0.0
611,14.0,224.0,0.0,20.0,7.0,0.0,0.0,11.0,11.0,4.0,4.0,1.0,1.0,2,1.0,1.0,1.0,1.0
6017,332.0,272.0,5.0,33.0,0.0,5.0,0.0,18.0,18.0,10.0,10.0,1.0,1.0,2,5.0,0.0,0.0,0.0
2967,13.0,383.0,5.0,21.0,19.0,0.0,1.0,8.0,8.0,2.0,2.0,1.0,1.0,2,1.0,1.0,1.0,1.0
7248,54.0,226.0,2.0,53.0,0.0,2.0,1.0,41.0,41.0,20.0,20.0,2.0,2.0,7,1.0,0.0,0.0,0.0
6647,76.0,283.0,1.0,29.0,0.0,11.0,0.0,6.0,6.0,2.0,2.0,1.0,1.0,2,1.0,0.0,0.0,0.0
7160,88.0,283.0,1.0,32.0,0.0,13.0,0.0,12.0,12.0,4.0,4.0,2.0,2.0,7,1.0,0.0,0.0,0.0
1662,11.0,180.0,0.0,16.0,0.0,0.0,0.0,9.0,9.0,3.0,3.0,1.0,1.0,2,1.0,1.0,1.0,1.0
1072,14.0,224.0,0.0,20.0,7.0,0.0,0.0,24.0,24.0,8.0,8.0,1.0,1.0,2,7.0,1.0,2.0,1.0
1387,12.0,224.0,0.0,20.0,7.0,0.0,0.0,9.0,9.0,3.0,3.0,1.0,1.0,2,1.0,1.0,1.0,1.0
5008,9.0,180.0,1.0,9.0,0.0,0.0,0.0,13.0,12.0,2.0,1.0,0.0,0.0,1,1.0,2.0,3.0,1.0
997,12.0,180.0,1.0,9.0,0.0,0.0,0.0,18.0,18.0,3.0,3.0,1.0,1.0,2,2.0,2.0,3.0,1.0
7328,405.0,253.0,106.0,492.0,0.0,0.0,1.0,453.0,453.0,24.0,24.0,1.0,1.0,2,16.0,0.0,0.0,0.0
5301,13.0,180.0,3.0,16.0,0.0,0.0,0.0,12.0,12.0,5.0,5.0,1.0,1.0,2,1.0,2.0,3.0,0.0
6746,38.0,260.0,1.0,12.0,0.0,1.0,0.0,30.0,30.0,27.0,27.0,0.0,0.0,7,1.0,0.0,0.0,0.0
3803,-1.0,-1.0,-1.0,-1.0,-1.0,-1.0,2.0,62.0,16.0,54.0,54.0,33.0,38.0,11,1.0,0.0,0.0,0.0
5340,-1.0,-1.0,-1.0,-1.0,-1.0,-1.0,2.0,12.0,12.0,2.0,2.0,2.0,2.0,2,1.0,2.0,3.0,0.0
985,9.0,180.0,31.0,70.0,0.0,0.0,0.0,10.0,10.0,2.0,2.0,1.0,1.0,2,1.0,1.0,2.0,0.0
410,4.0,216.0,1.0,28.0,0.0,0.0,0.0,10.0,10.0,3.0,3.0,1.0,1.0,2,1.0,1.0,1.0,1.0
3636,-1.0,-1.0,-1.0,-1.0,-1.0,-1.0,2.0,9.0,9.0,2.0,2.0,0.0,1.0,1,1.0,1.0,2.0,0.0
8508,229.0,371.0,6.0,30.0,45.0,6.0,0.0,35.0,35.0,13.0,13.0,2.0,2.0,7,4.0,0.0,0.0,0.0
3819,10.0,256.0,1.0,16.0,0.0,0.0,0.0,8.0,8.0,2.0,2.0,1.0,1.0,2,1.0,1.0,1.0,1.0
2753,33.0,557.0,1.0,107.0,272.0,1.0,1.0,9.0,9.0,3.0,3.0,1.0,1.0,2,1.0,1.0,1.0,1.0
6320,98.0,283.0,1.0,38.0,0.0,20.0,0.0,11.0,11.0,3.0,3.0,2.0,2.0,7,1.0,0.0,0.0,0.0
9910,4.0,502.0,2.0,14.0,14.0,0.0,1.0,9.0,9.0,3.0,3.0,1.0,1.0,2,1.0,1.0,1.0,1.0
10875,20.599935435560973,298.0,1.0,13.0,0.0,1.0,0.0,33.20019369331708,33.20019369331708,12.799806306682918,12.799806306682918,2.0,2.0,7,1.7000322822195137,0.0,0.0,0.0
4598,8.0,250.0,1.0,15.0,0.0,0.0,0.0,0.0,1.0,1.0,0.0,1.0,1.0,2,0.0,0.0,0.0,0.0
3778,-1.0,-1.0,-1.0,-1.0,-1.0,-1.0,2.0,6.0,6.0,2.0,2.0,1.0,1.0,2,1.0,1.0,1.0,1.0
2637,5.0,180.0,1.0,8.0,0.0,0.0,0.0,8.0,8.0,2.0,2.0,1.0,1.0,2,1.0,1.0,1.0,1.0
8853,177.0,304.0,2.0,73.0,0.0,0.0,1.0,72.0,72.0,15.0,15.0,2.0,2.0,7,2.0,0.0,0.0,0.0
973,75.0,378.0,1.0,16.0,16.0,-1.0,2.0,11.0,11.0,3.0,3.0,0.0,1.0,1,1.0,3.0,4.0,0.0
9924,76.0,339.0,1.0,16.0,2.0,-1.0,2.0,8.0,8.0,2.0,2.0,1.0,1.0,2,1.0,1.0,1.0,1.0
1374,14.0,371.0,1.0,16.0,16.0,-1.0,2.0,8.0,8.0,2.0,2.0,1.0,1.0,2,1.0,1.0,1.0,1.0
7154,80.0,283.0,1.0,28.0,0.0,10.0,0.0,6.0,6.0,2.0,2.0,1.0,1.0,2,1.0,0.0,0.0,0.0
334,2.0,180.0,1.0,18.0,0.0,0.0,0.0,22.0,22.0,6.0,6.0,1.0,1.0,1,3.0,2.0,2.0,2.0
9960,74.0,383.0,1.0,16.0,16.0,-1.0,2.0,8.0,8.0,2.0,2.0,1.0,1.0,2,1.0,1.0,1.0,1.0
9710,17.0,229.0,10.0,44.0,0.0,0.0,1.0,103.0,103.0,30.0,30.0,1.0,1.0,2,30.0,0.0,0.0,0.0
1084,11.0,180.0,1.0,9.0,0.0,0.0,0.0,13.0,13.0,2.0,2.0,1.0,1.0,2,1.0,2.0,3.0,1.0
4048,47.0,322.0,4.0,23.0,10.0,4.0,1.0,-1.0,-1.0,-1.0,-1.0,-1.0,-1.0,0,-1.0,-1.0,-1.0,-1.0
10062,49.98907367879525,313.2265667995366,7.154686640092673,241.06095383823921,25.989073678795254,0.15468664009267274,1.0,54.082806480648706,54.082806480648706,15.845313359907328,15.845313359907328,2.0,2.0,7,7.154686640092673,0.0,0.0,0.0
6534,70.0,283.0,1.0,26.0,0.0,8.0,0.0,6.0,6.0,2.0,2.0,1.0,1.0,2,1.0,0.0,0.0,0.0
10343,35.814253167637034,301.2926455896407,1.5928734161814844,175.1501139132704,9.142531676370313,0.5928734161814844,1.0,35.52160757799633,35.52160757799633,15.928734161814845,15.928734161814845,2.0,2.0,7,1.5928734161814844,0.0,0.0,0.0
9869,73.0,305.0,1.0,16.0,7.0,-1.0,2.0,9.0,9.0,3.0,3.0,1.0,1.0,2,1.0,1.0,1.0,1.0
5825,73.0,273.0,2.0,85.0,0.0,0.0,1.0,46.0,46.0,42.0,42.0,0.0,0.0,7,2.0,0.0,0.0,0.0
9484,95.0,301.0,9.0,211.0,0.0,0.0,1.0,203.0,203.0,11.0,11.0,2.0,2.0,7,5.0,0.0,0.0,1.0
6435,88.0,265.0,1.0,21.0,0.0,1.0,0.0,33.0,33.0,7.0,7.0,2.0,2.0,7,5.0,0.0,0.0,0.0
8346,105.0,365.0,2.0,267.0,24.0,0.0,1.0,269.0,269.0,126.0,126.0,3.0,3.0,10,2.0,2.0,3.0,0.0
1791,2.0,180.0,1.0,111612.0,0.0,0.0,0.0,5.0,5.0,0.0,0.0,1.0,1.0,2,1.0,1.0,1.0,1.0
9156,22.0,298.0,1.0,13.0,0.0,1.0,0.0,31.0,31.0,28.0,28.0,0.0,0.0,7,1.0,0.0,0.0,0.0
1558,2.0,180.0,1.0,111612.0,0.0,0.0,0.0,9.0,9.0,2.0,2.0,0.0,1.0,2,0.0,1.0,2.0,0.0
8925,22.0,298.0,1.0,13.0,0.0,1.0,0.0,12.0,12.0,4.0,4.0,2.0,2.0,7,1.0,0.0,0.0,0.0
10929,102.94987824239932,285.9624086817995,1.0,22.07518263640101,0.0,1.1127739546015167,0.0,6.987469560599831,6.987469560599831,2.9874695605998314,2.9874695605998314,1.0,1.0,2,1.0,0.0,0.0,0.0
2538,1.0,180.0,2.0,13.0,0.0,0.0,0.0,9.0,9.0,3.0,3.0,1.0,1.0,2,1.0,1.0,1.0,1.0
5243,2.0,180.0,1.0,111614.0,0.0,0.0,0.0,10.0,9.0,2.0,2.0,0.0,0.0,1,1.0,2.0,3.0,0.0
5978,57.0,262.0,1.0,21.0,0.0,1.0,0.0,6.0,6.0,2.0,2.0,1.0,1.0,2,1.0,0.0,0.0,0.0
2540,12.0,378.0,5.0,21.0,13.0,0.0,1.0,8.0,8.0,2.0,2.0,1.0,1.0,2,1.0,1.0,1.0,1.0
7200,95.0,305.0,2.0,397.0,6.0,18.0,1.0,81.0,81.0,50.0,50.0,2.0,2.0,7,2.0,0.0,0.0,0.0
2169,136.0,180.0,1.0,7.0,0.0,0.0,0.0,9.0,9.0,3.0,3.0,1.0,1.0,2,1.0,1.0,1.0,1.0
6230,85.0,283.0,1.0,32.0,0.0,14.0,0.0,33.0,33.0,8.0,8.0,2.0,2.0,7,6.0,0.0,0.0,0.0
636,6.0,307.0,4.0,18.0,82.0,0.0,1.0,10.0,10.0,3.0,3.0,1.0,1.0,2,1.0,1.0,1.0,1.0
2231,2.0,180.0,1.0,9.0,0.0,0.0,0.0,8.0,8.0,2.0,2.0,1.0,1.0,2,1.0,1.0,1.0,1.0
81,12.0,180.0,1.0,9.0,0.0,0.0,0.0,11.0,11.0,3.0,3.0,0.0,1.0,1,1.0,3.0,4.0,0.0
7742,92.0,393.0,2.0,767.0,33.0,0.0,1.0,98.0,98.0,93.0,93.0,0.0,0.0,10,1.0,0.0,0.0,0.0
5300,17.0,180.0,1.0,10.0,0.0,0.0,0.0,15.0,15.0,7.0,7.0,1.0,1.0,2,1.0,3.0,4.0,0.0
7342,40.0,470.0,5.0,425.0,57.0,0.0,1.0,60.0,60.0,29.0,29.0,2.0,2.0,7,9.0,0.0,0.0,0.0
3147,10.0,180.0,31.0,70.0,0.0,0.0,0.0,9.0,9.0,2.0,2.0,0.0,1.0,2,0.0,1.0,2.0,0.0
4168,327.0,266.0,1.0,49.0,0.0,0.0,0.0,-1.0,-1.0,-1.0,-1.0,-1.0,-1.0,0,-1.0,-1.0,-1.0,-1.0
3630,9.0,180.0,0.0,2.0,0.0,0.0,0.0,7.0,6.0,1.0,1.0,0.0,1.0,2,1.0,1.0,2.0,0.0
10357,38.134639308874,283.2243988481233,3.0448797696246674,38.54698728100089,7.49789248862378,1.3632531797497782,1.0,76.22861387087578,76.22861387087578,64.77560115187666,64.77560115187666,0.0,0.0,7,9.453012718999112,0.0,0.0,0.0
9915,529.0,296.0,1.0,87.0,8.0,3.0,0.0,8.0,8.0,2.0,2.0,1.0,1.0,2,1.0,1.0,1.0,1.0
10801,89.57638805236257,273.0,3.798032337696881,90.78819402618129,0.0,0.0,1.0,51.192129350787525,51.192129350787525,45.394097013090644,45.394097013090644,0.0,0.0,7,3.798032337696881,0.0,0.0,0.0
5343,-1.0,-1.0,-1.0,-1.0,-1.0,-1.0,2.0,19.0,19.0,5.0,5.0,1.0,1.0,2,2.0,2.0,3.0,1.0
8619,228.0,366.0,2.0,378.0,23.0,7.0,1.0,84.0,84.0,49.0,49.0,0.0,0.0,7,1.0,0.0,0.0,0.0
1196,77.0,354.0,1.0,16.0,14.0,-1.0,2.0,11.0,11.0,4.0,4.0,1.0,1.0,2,1.0,1.0,1.0,1.0
8586,209.0,343.0,4.0,143.0,49.0,94.0,1.0,113.0,113.0,107.0,107.0,0.0,0.0,7,4.0,0.0,0.0,0.0
212,16.0,248.0,1.0,10.0,7.0,0.0,0.0,19.0,19.0,9.0,9.0,1.0,1.0,2,1.0,0.0,0.0,0.0
2194,20.0,256.0,2.0,22.0,15.0,0.0,1.0,4.0,4.0,1.0,1.0,0.0,1.0,1,1.0,1.0,1.0,1.0
6868,32.0,260.0,1.0,12.0,0.0,1.0,0.0,30.0,30.0,18.0,18.0,2.0,2.0,7,1.0,0.0,0.0,0.0
883,11.0,258.0,1.0,31.0,0.0,0.0,0.0,14.0,15.0,1.0,1.0,1.0,1.0,1,1.0,2.0,3.0,0.0
1384,1.0,180.0,1.0,111612.0,0.0,0.0,0.0,9.0,9.0,3.0,3.0,1.0,1.0,2,1.0,1.0,1.0,1.0
1561,11.0,180.0,25.0,46.0,0.0,0.0,0.0,4.0,4.0,1.0,1.0,0.0,1.0,1,1.0,1.0,1.0,1.0
9398,179.0,294.0,3.0,512.0,1.0,1.0,1.0,51.0,51.0,23.0,23.0,2.0,2.0,7,6.0,0.0,0.0,0.0
4238,9.0,180.0,1.0,9.0,0.0,0.0,0.0,0.0,0.0,0.0,0.0,1.0,0.0,1,1.0,1.0,1.0,1.0
756,8.0,180.0,1.0,11.0,0.0,0.0,0.0,19.0,19.0,4.0,4.0,2.0,2.0,7,2.0,1.0,1.0,1.0
10383,40.3157167462317,382.07927464195734,4.289291865579251,97.5271157914513,19.394991388189048,0.0,1.0,59.4214162688415,59.4214162688415,50.789982776378096,50.789982776378096,0.0,0.0,10,4.631433492463401,0.0,0.0,0.0
9623,61.0,282.0,1.0,64.0,0.0,0.0,1.0,33.0,33.0,11.0,11.0,2.0,2.0,7,4.0,0.0,0.0,0.0
5877,52.0,301.0,1.0,61.0,7.0,0.0,1.0,60.0,60.0,7.0,7.0,2.0,2.0,7,1.0,0.0,0.0,1.0
4156,6.0,256.0,2.0,19.0,0.0,0.0,0.0,-1.0,-1.0,-1.0,-1.0,-1.0,-1.0,0,-1.0,-1.0,-1.0,-1.0
8145,45.0,404.0,3.0,58.0,48.0,0.0,1.0,374.0,374.0,30.0,30.0,2.0,2.0,7,10.0,0.0,0.0,0.0
6795,34.0,298.0,1.0,12.0,0.0,1.0,0.0,11.0,11.0,8.0,8.0,0.0,0.0,7,1.0,0.0,0.0,0.0
1023,14.0,256.0,1.0,16.0,0.0,0.0,0.0,14.0,14.0,2.0,2.0,1.0,1.0,2,1.0,2.0,3.0,1.0
2534,75.0,314.0,1.0,16.0,16.0,-1.0,2.0,8.0,8.0,2.0,2.0,1.0,1.0,2,1.0,1.0,1.0,1.0
395,7.0,180.0,1.0,10.0,0.0,0.0,0.0,17.0,17.0,3.0,3.0,1.0,1.0,2,7.0,1.0,1.0,1.0
6926,77.0,283.0,1.0,34.0,0.0,16.0,0.0,6.0,6.0,2.0,2.0,1.0,1.0,2,1.0,0.0,0.0,0.0
9304,23.0,298.0,1.0,12.0,0.0,1.0,0.0,7.0,7.0,3.0,3.0,1.0,1.0,2,1.0,0.0,0.0,0.0
1345,15.0,180.0,1.0,10.0,0.0,0.0,0.0,9.0,9.0,3.0,3.0,1.0,1.0,2,1.0,1.0,1.0,1.0
11070,72.32675794510519,407.4183105137237,2.0,343.531445798719,29.96948247712716,0.0,1.0,90.89765607319309,90.89765607319309,82.4793455594694,82.4793455594694,0.0,0.0,11,3.6122070091491367,0.8061035045745684,0.8061035045745684,0.0
3665,-1.0,-1.0,-1.0,-1.0,-1.0,-1.0,2.0,80.0,80.0,28.0,27.0,1.0,1.0,7,1.0,3.0,4.0,0.0
1013,4.0,180.0,1.0,14.0,0.0,0.0,0.0,17.0,17.0,3.0,3.0,1.0,1.0,2,7.0,1.0,1.0,1.0
8370,134.0,370.0,4.0,784.0,14.0,0.0,1.0,252.0,252.0,131.0,131.0,2.0,2.0,2,2.0,2.0,3.0,0.0
2935,4.0,201.0,1.0,52.0,0.0,0.0,0.0,8.0,8.0,2.0,2.0,1.0,1.0,2,1.0,1.0,1.0,1.0
8284,0.0,180.0,1.0,7.0,0.0,0.0,0.0,6.0,6.0,1.0,1.0,1.0,1.0,2,1.0,0.0,0.0,0.0
10555,19.29847350150337,229.0,10.193894006013474,41.88015551954379,0.0,0.0,1.0,23.313738486469685,23.313738486469685,5.104579495489895,5.104579495489895,1.0,1.0,2,5.104579495489895,0.0,0.0,0.0
2437,9.0,180.0,1.0,9.0,0.0,0.0,0.0,7.0,7.0,1.0,1.0,0.0,1.0,1,1.0,1.0,2.0,0.0
6375,97.0,467.0,1.0,191.0,16.0,1.0,1.0,144.0,144.0,24.0,24.0,2.0,2.0,7,1.0,0.0,0.0,0.0
8234,2.0,348.0,1.0,19.0,11.0,0.0,0.0,18.0,18.0,2.0,2.0,1.0,1.0,2,1.0,0.0,0.0,0.0
4751,33.0,180.0,0.0,17.0,0.0,0.0,0.0,-1.0,-1.0,-1.0,-1.0,-1.0,-1.0,0,-1.0,-1.0,-1.0,-1.0
2114,14.0,308.0,5.0,21.0,55.0,0.0,0.0,8.0,8.0,2.0,2.0,1.0,1.0,2,1.0,1.0,1.0,1.0
4662,8.0,180.0,1.0,10.0,0.0,0.0,0.0,-1.0,0.0,1.0,1.0,0.0,2.0,2,0.0,0.0,0.0,0.0
7157,69.0,262.0,1.0,21.0,0.0,1.0,0.0,132.0,132.0,21.0,21.0,2.0,2.0,7,1.0,0.0,0.0,0.0
10327,71.08982785294685,363.027299591519,2.605459918303806,327.9687358692861,30.757816032678477,0.0,1.0,74.87890801633924,74.87890801633924,67.36327595098228,67.36327595098228,0.0,0.0,9,3.7578160326784777,0.0,0.0,0.0
3053,16.0,180.0,1.0,10.0,0.0,0.0,0.0,9.0,9.0,2.0,2.0,2.0,2.0,2,1.0,2.0,3.0,0.0
9028,20.0,298.0,1.0,12.0,0.0,1.0,0.0,11.0,11.0,3.0,3.0,2.0,2.0,7,1.0,0.0,0.0,0.0
8259,4.0,364.0,1.0,36.0,27.0,0.0,0.0,35.0,35.0,3.0,3.0,1.0,1.0,2,1.0,0.0,0.0,0.0
8743,111.0,304.0,12.0,105.0,15.0,0.0,1.0,104.0,104.0,40.0,40.0,2.0,2.0,7,12.0,0.0,0.0,0.0
2200,12.0,378.0,5.0,21.0,13.0,0.0,1.0,9.0,9.0,3.0,3.0,1.0,1.0,2,1.0,1.0,1.0,1.0
565,2.0,196.0,1.0,15.0,0.0,0.0,0.0,19.0,19.0,9.0,9.0,1.0,1.0,2,1.0,0.0,0.0,0.0
9510,19.0,288.0,5.0,105.0,0.0,0.0,1.0,54.0,54.0,25.0,25.0,2.0,2.0,7,4.0,0.0,0.0,0.0
6439,74.0,262.0,1.0,21.0,0.0,1.0,0.0,29.0,29.0,17.0,17.0,2.0,2.0,7,1.0,0.0,0.0,0.0
8424,145.0,403.0,48.0,171.0,25.0,4.0,1.0,170.0,170.0,71.0,71.0,2.0,2.0,7,48.0,0.0,0.0,0.0
1889,3.0,256.0,1.0,15.0,0.0,0.0,0.0,9.0,9.0,2.0,2.0,0.0,1.0,1,1.0,2.0,3.0,0.0
8746,27.0,297.0,7.0,41.0,0.0,0.0,1.0,40.0,40.0,8.0,8.0,1.0,1.0,2,7.0,0.0,0.0,0.0
1626,2.0,180.0,1.0,9.0,0.0,0.0,0.0,9.0,9.0,3.0,3.0,1.0,1.0,2,1.0,1.0,1.0,1.0
8338,234.0,396.0,1.0,231.0,26.0,0.0,1.0,308.0,308.0,109.0,109.0,3.0,3.0,10,2.0,2.0,3.0,0.0
8042,39.0,470.0,4.0,320.0,57.0,0.0,1.0,188.0,188.0,180.0,180.0,0.0,0.0,10,4.0,0.0,0.0,0.0
698,9.0,180.0,1.0,9.0,0.0,0.0,0.0,15.0,15.0,4.0,4.0,1.0,1.0,2,3.0,1.0,2.0,1.0
1881,2.0,196.0,1.0,15.0,0.0,0.0,0.0,8.0,8.0,2.0,2.0,1.0,1.0,2,1.0,1.0,1.0,1.0
1771,23.0,277.0,1.0,26.0,0.0,0.0,0.0,9.0,9.0,3.0,3.0,1.0,1.0,2,1.0,1.0,1.0,1.0
1509,13.0,180.0,1.0,9.0,0.0,0.0,0.0,8.0,8.0,2.0,2.0,1.0,1.0,2,1.0,1.0,1.0,1.0
10135,109.24412349118992,381.68667991336383,3.4503917672540054,775.6723307334782,29.938638749633846,0.0,1.0,206.40470120704805,206.40470120704805,62.672330733478304,62.672330733478304,2.900783534508011,2.900783534508011,7,4.549608232745995,0.9007835345080106,1.9007835345080106,0.0
8138,321.0,352.0,13.0,477.0,32.0,0.0,1.0,335.0,335.0,61.0,61.0,2.0,2.0,7,11.0,0.0,0.0,0.0
4785,75.0,256.0,1.0,36.0,0.0,12.0,0.0,-1.0,0.0,1.0,1.0,0.0,2.0,2,0.0,0.0,1.0,0.0
7312,66.0,276.0,1.0,84.0,0.0,1.0,1.0,122.0,122.0,35.0,35.0,2.0,2.0,7,21.0,0.0,0.0,0.0
9452,172.0,271.0,1.0,40.0,0.0,0.0,1.0,57.0,57.0,25.0,25.0,2.0,2.0,7,8.0,0.0,0.0,0.0
445,10.0,258.0,1.0,31.0,0.0,0.0,0.0,15.0,15.0,2.0,2.0,1.0,1.0,2,1.0,1.0,2.0,0.0
8339,103.0,395.0,5.0,1063.0,26.0,0.0,1.0,269.0,269.0,132.0,132.0,2.0,2.0,2,3.0,2.0,3.0,0.0
10620,312.8819945213859,346.7875293872726,39.424941225454766,3899.55338950736,23.557131661991384,0.819641457748923,1.0,75.33047609134154,75.33047609134154,33.77147335203446,33.77147335203446,2.180358542251077,2.180358542251077,7,8.917848746493538,0.3607170845021539,0.5410756267532308,0.0
1399,13.0,224.0,0.0,20.0,7.0,0.0,0.0,72.0,72.0,55.0,55.0,1.0,1.0,2,1.0,5.0,6.0,0.0
8957,27.0,298.0,1.0,12.0,0.0,1.0,0.0,30.0,30.0,18.0,18.0,2.0,2.0,7,1.0,0.0,0.0,0.0
2011,14.0,258.0,1.0,10.0,7.0,0.0,0.0,8.0,8.0,2.0,2.0,1.0,1.0,2,1.0,1.0,1.0,1.0
242,8.0,180.0,1.0,10.0,0.0,0.0,0.0,18.0,18.0,3.0,3.0,1.0,1.0,2,2.0,3.0,4.0,1.0
5524,93.0,402.0,38.0,101.0,60.0,0.0,1.0,100.0,100.0,38.0,38.0,2.0,2.0,7,38.0,0.0,0.0,0.0
8988,26.0,298.0,1.0,12.0,0.0,1.0,0.0,23.0,23.0,11.0,11.0,2.0,2.0,7,1.0,0.0,0.0,0.0
10365,179.86687997846465,355.3461120559919,2.7454721205979773,715.1629437028121,18.03833616797575,1.544192249810095,1.0,600.407872551305,600.407872551305,80.22790387509495,80.22790387509495,1.0266240043070707,1.0266240043070707,2,3.6922241119838333,1.9467519913858589,2.9201279870787884,0.02662400430707057
8491,168.0,298.0,7.0,42.0,0.0,7.0,0.0,9.0,9.0,4.0,4.0,1.0,1.0,2,2.0,0.0,0.0,0.0
10945,369.94553469286984,358.2607129238265,14.521425847652967,543.8482176904338,33.26071292382648,3.0,1.0,375.10091975442697,375.10091975442697,34.206247616696345,34.206247616696345,1.315178230956621,1.315178230956621,3,21.260712923826482,0.0,0.0,0.0
10431,74.5938015078832,283.0,1.0,25.6092977381752,0.0,7.609297738175201,0.0,11.0,11.0,3.0,3.0,2.0,2.0,7,1.0,0.0,0.0,0.0
5549,34.0,348.0,10.0,48.0,58.0,0.0,1.0,47.0,47.0,12.0,12.0,2.0,2.0,7,10.0,0.0,0.0,0.0
8513,140.0,283.0,1.0,51.0,0.0,33.0,0.0,121.0,121.0,21.0,21.0,2.0,2.0,7,1.0,0.0,0.0,0.0
5990,48.0,492.0,5.0,260.0,67.0,0.0,1.0,45.0,45.0,16.0,16.0,2.0,2.0,7,5.0,0.0,0.0,0.0
3190,3.0,222.0,1.0,11.0,0.0,0.0,0.0,7.0,7.0,1.0,1.0,1.0,1.0,2,1.0,1.0,1.0,1.0
3607,1.0,180.0,1.0,111113.0,0.0,0.0,0.0,8.0,8.0,1.0,1.0,1.0,1.0,2,1.0,0.0,0.0,0.0
4455,9.0,180.0,1.0,216.0,0.0,0.0,0.0,10.0,10.0,2.0,2.0,1.0,1.0,2,1.0,1.0,1.0,0.0
8973,25.0,298.0,1.0,12.0,0.0,1.0,0.0,28.0,28.0,16.0,16.0,2.0,2.0,7,1.0,0.0,0.0,0.0
5447,50.0,376.0,10.0,65.0,13.0,0.0,1.0,63.0,63.0,23.0,23.0,2.0,2.0,7,10.0,0.0,0.0,0.0
9351,27.0,283.0,1.0,10.0,0.0,1.0,0.0,6.0,6.0,2.0,2.0,1.0,1.0,2,1.0,0.0,0.0,0.0
4278,8.0,246.0,1.0,19.0,0.0,0.0,0.0,-1.0,-1.0,-1.0,-1.0,-1.0,-1.0,0,-1.0,-1.0,-1.0,-1.0
1730,15.0,224.0,0.0,20.0,7.0,0.0,0.0,80.0,80.0,28.0,27.0,1.0,1.0,7,1.0,3.0,4.0,0.0
451,2.0,180.0,1.0,10.0,0.0,0.0,0.0,21.0,21.0,11.0,11.0,1.0,1.0,2,1.0,5.0,6.0,0.0
7364,52.0,358.0,3.0,534.0,27.0,0.0,1.0,91.0,91.0,85.0,85.0,0.0,0.0,10,2.0,0.0,0.0,0.0
1625,12.0,367.0,6.0,23.0,9.0,0.0,1.0,8.0,8.0,2.0,2.0,1.0,1.0,2,1.0,1.0,1.0,1.0
9052,26.0,298.0,1.0,12.0,0.0,1.0,0.0,30.0,30.0,18.0,18.0,2.0,2.0,7,1.0,0.0,0.0,0.0
4260,8.0,239.0,1.0,10.0,8.0,0.0,1.0,12.0,12.0,3.0,3.0,1.0,1.0,2,1.0,0.0,0.0,1.0
501,7.0,201.0,1.0,996.0,0.0,0.0,0.0,12.0,12.0,3.0,3.0,1.0,1.0,2,2.0,1.0,2.0,1.0
8154,55.0,378.0,8.0,68.0,34.0,0.0,1.0,115.0,115.0,22.0,22.0,2.0,2.0,7,6.0,0.0,0.0,0.0
8688,323.0,368.0,2.0,202.0,40.0,4.0,1.0,67.0,67.0,53.0,53.0,0.0,0.0,7,12.0,0.0,0.0,0.0
1621,17.0,250.0,1.0,15.0,0.0,0.0,0.0,5.0,5.0,1.0,1.0,1.0,1.0,1,1.0,1.0,1.0,0.0
6681,74.0,262.0,1.0,21.0,0.0,1.0,0.0,26.0,26.0,14.0,14.0,2.0,2.0,7,1.0,0.0,0.0,0.0
9809,11.0,229.0,4.0,31.0,0.0,0.0,1.0,38.0,38.0,10.0,10.0,1.0,1.0,2,10.0,0.0,0.0,0.0
70,2.0,180.0,1.0,111612.0,0.0,0.0,0.0,19.0,19.0,9.0,9.0,1.0,1.0,2,1.0,0.0,0.0,0.0
8074,55.0,391.0,1.0,193.0,26.0,0.0,1.0,41.0,41.0,16.0,16.0,2.0,2.0,7,5.0,0.0,0.0,0.0
4748,9.0,180.0,1.0,216.0,0.0,0.0,0.0,-1.0,0.0,1.0,1.0,0.0,2.0,2,0.0,0.0,0.0,0.0
2130,17.0,180.0,1.0,10.0,0.0,0.0,0.0,7.0,7.0,1.0,1.0,1.0,1.0,2,1.0,0.0,0.0,0.0
3504,95.0,249.0,1.0,86.0,0.0,0.0,1.0,9.0,9.0,2.0,2.0,0.0,1.0,1,1.0,1.0,2.0,0.0
9068,28.0,298.0,1.0,12.0,0.0,1.0,0.0,83.0,83.0,21.0,21.0,2.0,2.0,7,1.0,0.0,0.0,0.0
3663,-1.0,-1.0,-1.0,-1.0,-1.0,-1.0,2.0,39.0,39.0,24.0,24.0,0.0,0.0,2,0.0,0.0,0.0,0.0
3550,15.0,224.0,0.0,20.0,7.0,0.0,0.0,75.0,75.0,5.0,5.0,0.0,0.0,2,1.0,0.0,0.0,0.0
196,2.0,196.0,1.0,15.0,0.0,0.0,0.0,10.0,10.0,3.0,3.0,1.0,0.0,1,1.0,1.0,1.0,1.0
8698,151.0,339.0,2.0,127.0,30.0,5.0,1.0,67.0,67.0,34.0,34.0,4.0,4.0,12,2.0,0.0,0.0,0.0
2315,4.0,250.0,1.0,15.0,0.0,0.0,0.0,9.0,9.0,2.0,2.0,0.0,1.0,1,1.0,1.0,2.0,0.0
6192,93.0,262.0,1.0,21.0,0.0,1.0,0.0,6.0,6.0,2.0,2.0,1.0,1.0,2,1.0,0.0,0.0,0.0
9369,148.0,296.0,2.0,168.0,1.0,1.0,1.0,221.0,221.0,161.0,161.0,2.0,2.0,7,5.0,0.0,0.0,0.0
8983,20.0,260.0,1.0,12.0,0.0,1.0,0.0,6.0,6.0,2.0,2.0,1.0,1.0,2,1.0,0.0,0.0,0.0
8442,130.0,283.0,4.0,56.0,0.0,29.0,0.0,55.0,55.0,40.0,40.0,2.0,2.0,7,4.0,0.0,0.0,0.0
3686,-1.0,-1.0,-1.0,-1.0,-1.0,-1.0,2.0,34.0,34.0,8.0,8.0,2.0,2.0,7,1.0,1.0,1.0,0.0
9286,28.0,298.0,1.0,12.0,0.0,1.0,0.0,25.0,25.0,22.0,22.0,0.0,0.0,7,1.0,0.0,0.0,0.0
8210,4.0,352.0,1.0,27.0,15.0,0.0,0.0,20.0,20.0,7.0,7.0,1.0,1.0,2,1.0,0.0,0.0,0.0
7750,48.0,369.0,2.0,64.0,16.0,0.0,1.0,123.0,123.0,74.0,74.0,0.0,0.0,7,1.0,0.0,0.0,0.0
117,9.0,180.0,1.0,9.0,0.0,0.0,0.0,10.0,10.0,3.0,3.0,1.0,1.0,2,1.0,1.0,1.0,1.0
2990,353.0,317.0,1.0,21.0,41.0,4.0,1.0,4.0,4.0,1.0,1.0,0.0,1.0,1,1.0,1.0,1.0,1.0
9260,23.0,298.0,1.0,12.0,0.0,1.0,0.0,12.0,12.0,4.0,4.0,2.0,2.0,7,1.0,0.0,0.0,0.0
2483,5.0,180.0,0.0,1991.0,0.0,0.0,0.0,9.0,9.0,1.0,1.0,1.0,1.0,2,1.0,1.0,2.0,1.0
4524,6.0,256.0,1.0,16.0,0.0,0.0,0.0,-1.0,0.0,1.0,1.0,0.0,2.0,2,0.0,0.0,0.0,0.0
7970,92.0,368.0,2.0,653.0,30.0,0.0,1.0,61.0,61.0,55.0,55.0,0.0,0.0,10,2.0,0.0,0.0,0.0
2991,32.0,180.0,1.0,49.0,0.0,0.0,0.0,8.0,8.0,2.0,2.0,1.0,1.0,2,1.0,1.0,1.0,1.0
9873,38.0,338.0,1.0,200006.0,13.0,0.0,0.0,8.0,7.0,2.0,2.0,1.0,1.0,2,1.0,1.0,1.0,1.0
7837,57.0,384.0,1.0,188.0,24.0,0.0,1.0,168.0,168.0,162.0,162.0,0.0,0.0,10,2.0,0.0,0.0,0.0
2415,95.0,180.0,1.0,9.0,0.0,0.0,0.0,9.0,9.0,2.0,2.0,0.0,1.0,2,0.0,1.0,2.0,0.0
4304,60.0,365.0,1.0,24.0,18.0,0.0,0.0,10.0,10.0,2.0,2.0,1.0,1.0,2,1.0,1.0,2.0,0.0
3788,-1.0,-1.0,-1.0,-1.0,-1.0,-1.0,2.0,6.0,6.0,1.0,1.0,1.0,1.0,2,1.0,1.0,1.0,1.0
4678,9.0,180.0,1.0,216.0,0.0,0.0,0.0,10.0,10.0,3.0,3.0,1.0,1.0,2,1.0,1.0,1.0,1.0
6603,31.0,298.0,1.0,12.0,0.0,1.0,0.0,34.0,34.0,22.0,22.0,2.0,2.0,7,1.0,0.0,0.0,0.0
632,5.0,246.0,1.0,16.0,0.0,0.0,0.0,12.0,12.0,3.0,3.0,1.0,1.0,2,0.0,2.0,3.0,0.0
6331,61.0,494.0,1.0,76.0,110.0,0.0,1.0,6.0,6.0,2.0,2.0,1.0,1.0,2,1.0,0.0,0.0,0.0
5576,60.0,414.0,3.0,83.0,62.0,0.0,1.0,82.0,82.0,12.0,12.0,2.0,2.0,7,3.0,0.0,0.0,0.0
4317,7.0,180.0,1.0,10.0,0.0,0.0,0.0,25.0,25.0,11.0,11.0,1.0,1.0,1,2.0,0.0,0.0,0.0
2837,92.0,243.0,1.0,49.0,0.0,1.0,1.0,9.0,9.0,3.0,3.0,1.0,1.0,2,1.0,1.0,1.0,1.0
620,5.0,180.0,1.0,10.0,0.0,0.0,0.0,21.0,21.0,11.0,11.0,1.0,1.0,2,1.0,5.0,6.0,0.0
4034,35.0,258.0,1.0,10.0,7.0,0.0,0.0,-1.0,-1.0,-1.0,-1.0,-1.0,-1.0,0,-1.0,-1.0,-1.0,-1.0
7623,69.0,389.0,2.0,273.0,33.0,0.0,1.0,70.0,70.0,64.0,64.0,0.0,0.0,10,2.0,0.0,0.0,0.0
5816,92.0,283.0,1.0,27.0,0.0,9.0,0.0,26.0,26.0,14.0,14.0,2.0,2.0,7,1.0,0.0,0.0,0.0
7122,76.0,283.0,1.0,27.0,0.0,9.0,0.0,34.0,34.0,22.0,22.0,2.0,2.0,7,1.0,0.0,0.0,0.0
1298,807.0,203.0,1.0,10.0,0.0,0.0,0.0,11.0,11.0,2.0,2.0,1.0,1.0,2,2.0,1.0,2.0,0.0
7878,75.0,395.0,3.0,238.0,24.0,0.0,1.0,131.0,131.0,119.0,119.0,0.0,0.0,12,7.0,0.0,0.0,0.0
4425,4.0,247.0,1.0,16.0,0.0,0.0,0.0,15.0,15.0,2.0,2.0,1.0,1.0,2,1.0,2.0,3.0,1.0
9105,15.0,260.0,1.0,12.0,0.0,1.0,0.0,28.0,28.0,16.0,16.0,2.0,2.0,7,1.0,0.0,0.0,0.0
10113,1.0,357.18959158316585,1.0,7.0,20.18959158316586,0.0,0.8104084168341404,6.0,6.0,1.0,1.0,1.0,1.0,2,1.0,0.0,0.0,0.0
10292,101.96736328429519,283.0,1.0,31.983681642147594,0.0,13.983681642147593,0.0,11.008159178926203,11.008159178926203,3.0081591789262037,3.0081591789262037,2.0,2.0,7,1.0,0.0,0.0,0.0
2667,6.0,180.0,1.0,10.0,0.0,0.0,0.0,9.0,9.0,2.0,2.0,0.0,1.0,1,1.0,1.0,2.0,0.0
6139,93.0,283.0,1.0,24.0,0.0,6.0,0.0,12.0,12.0,4.0,4.0,2.0,2.0,7,1.0,0.0,0.0,0.0
2840,566.0,180.0,1.0,127.0,0.0,0.0,1.0,8.0,7.0,2.0,2.0,1.0,1.0,2,1.0,0.0,1.0,1.0
8048,76.0,391.0,2.0,422.0,29.0,0.0,1.0,80.0,80.0,72.0,72.0,0.0,0.0,10,4.0,0.0,0.0,0.0
8108,87.0,423.0,2.0,306.0,27.0,0.0,1.0,209.0,209.0,96.0,96.0,4.0,4.0,7,1.0,2.0,3.0,0.0
5128,330.0,180.0,1.0,8.0,0.0,0.0,0.0,-1.0,0.0,0.0,1.0,0.0,1.0,2,0.0,0.0,1.0,0.0
6391,32.0,298.0,1.0,12.0,0.0,1.0,0.0,11.0,11.0,3.0,3.0,2.0,2.0,7,1.0,0.0,0.0,0.0
6549,78.0,262.0,1.0,21.0,0.0,1.0,0.0,35.0,35.0,22.0,22.0,2.0,2.0,7,2.0,0.0,0.0,0.0
8666,323.0,328.0,38.0,978.0,1.0,3.0,1.0,328.0,328.0,50.0,50.0,2.0,2.0,7,31.0,0.0,0.0,0.0
3185,15.0,180.0,1.0,10.0,0.0,0.0,0.0,9.0,10.0,5.0,5.0,1.0,1.0,2,1.0,1.0,1.0,1.0
8931,23.0,298.0,1.0,13.0,0.0,1.0,0.0,12.0,12.0,4.0,4.0,2.0,2.0,7,1.0,0.0,0.0,0.0
4903,9.0,180.0,1.0,9.0,0.0,0.0,0.0,10.0,9.0,2.0,2.0,0.0,0.0,1,1.0,2.0,3.0,0.0
367,31.0,255.0,1.0,10.0,6.0,0.0,0.0,19.0,19.0,9.0,9.0,1.0,1.0,2,1.0,0.0,0.0,0.0
2448,75.0,373.0,1.0,16.0,16.0,-1.0,2.0,9.0,9.0,1.0,1.0,1.0,1.0,2,1.0,1.0,2.0,1.0
4206,76.0,231.0,2.0,27.0,0.0,1.0,1.0,-1.0,0.0,0.0,1.0,0.0,2.0,2,0.0,0.0,0.0,0.0
5652,55.0,301.0,3.0,99.0,16.0,0.0,1.0,98.0,98.0,16.0,16.0,2.0,2.0,7,3.0,0.0,0.0,0.0
5673,65.0,414.0,5.0,75.0,46.0,0.0,1.0,74.0,74.0,23.0,23.0,2.0,2.0,7,5.0,0.0,0.0,1.0
453,17.0,250.0,1.0,15.0,0.0,0.0,0.0,10.0,10.0,3.0,3.0,1.0,1.0,2,1.0,1.0,1.0,1.0
3242,15.0,180.0,1.0,10.0,0.0,0.0,0.0,44.0,44.0,13.0,13.0,1.0,1.0,2,2.0,1.0,1.0,1.0
10275,76.12169428956622,264.63491713130134,1.0,21.0,0.0,1.0,0.0,34.0,34.0,31.0,31.0,0.0,0.0,7,1.0,0.0,0.0,0.0
6371,404.0,286.0,5.0,35.0,0.0,5.0,0.0,6.0,6.0,2.0,2.0,1.0,1.0,2,1.0,0.0,0.0,0.0
5266,10.0,256.0,1.0,16.0,0.0,0.0,0.0,14.0,14.0,2.0,2.0,1.0,1.0,2,1.0,2.0,3.0,1.0
6785,63.0,265.0,1.0,21.0,0.0,1.0,0.0,6.0,6.0,2.0,2.0,1.0,1.0,2,1.0,0.0,0.0,0.0
10541,88.41805503366525,271.2363425056109,1.2363425056108768,21.70902751683263,0.0,0.4726850112217533,0.7636574943891233,20.945370022443505,20.945370022443505,8.945370022443507,8.945370022443507,2.0,2.0,7,1.0,0.0,0.0,0.0
9435,375.0,255.0,60.0,226.0,0.0,2.0,1.0,370.0,370.0,46.0,46.0,2.0,2.0,7,24.0,0.0,0.0,0.0
8499,156.0,262.0,3.0,27.0,0.0,3.0,0.0,56.0,56.0,14.0,14.0,2.0,2.0,7,11.0,0.0,0.0,0.0
3905,54.0,397.0,3.0,63.0,38.0,1.0,1.0,54.0,54.0,8.0,8.0,2.0,2.0,7,2.0,0.0,0.0,0.0
5048,77.0,375.0,1.0,16.0,16.0,-1.0,2.0,-1.0,-1.0,-1.0,-1.0,-1.0,-1.0,0,-1.0,-1.0,-1.0,-1.0
10406,32.47779700207293,318.9402753747409,12.358347751554696,64.59724625259116,35.52220299792707,0.0,1.0,63.59724625259116,63.59724625259116,14.418072376813813,14.418072376813813,2.0,2.0,7,12.358347751554696,0.0,0.0,0.0
3676,-1.0,-1.0,-1.0,-1.0,-1.0,-1.0,2.0,89.0,89.0,31.0,31.0,1.0,1.0,7,11.0,4.0,5.0,0.0
10126,72.59685420517366,372.7024139884319,4.617629725417812,118.40314579482634,28.148793005784043,0.6384052456619669,1.0,88.40482797686383,88.40482797686383,81.34081923409389,81.34081923409389,0.0,0.0,8,3.2768104913239338,0.0,0.0,0.21280174855398892
7319,40.0,291.0,1.0,78.0,0.0,1.0,1.0,17.0,17.0,14.0,14.0,0.0,0.0,7,1.0,0.0,0.0,0.0
2246,4.0,229.0,1.0,10.0,0.0,0.0,0.0,9.0,9.0,3.0,3.0,1.0,1.0,2,1.0,1.0,2.0,0.0
9939,77.0,338.0,1.0,16.0,16.0,-1.0,2.0,8.0,8.0,2.0,2.0,1.0,1.0,2,1.0,1.0,1.0,1.0
3239,7.0,180.0,1.0,7.0,0.0,0.0,0.0,8.0,8.0,2.0,2.0,1.0,1.0,2,1.0,1.0,1.0,1.0
4380,764.0,239.0,1.0,347.0,8.0,-1.0,2.0,0.0,1.0,-1.0,0.0,11.0,-1.0,19,0.0,-1.0,-1.0,-1.0
4981,75.0,367.0,1.0,16.0,16.0,-1.0,2.0,-1.0,0.0,1.0,1.0,0.0,2.0,2,0.0,0.0,0.0,0.0
3308,132.0,180.0,0.0,1991.0,0.0,0.0,0.0,8.0,8.0,2.0,2.0,1.0,1.0,2,1.0,1.0,1.0,1.0
9913,50.0,330.0,5.0,25.0,13.0,5.0,1.0,4.0,4.0,1.0,1.0,0.0,1.0,1,1.0,1.0,1.0,1.0
10045,66.87335333694524,374.6695940676529,1.6244511123150813,214.7554888768492,23.751097775369836,0.0,1.0,228.9548570446622,228.9548570446622,56.87335333694524,56.87335333694524,2.791849629228306,2.791849629228306,8,6.0,2.0,3.0,0.0
1918,14.0,256.0,1.0,16.0,0.0,0.0,0.0,8.0,8.0,2.0,2.0,1.0,1.0,2,1.0,1.0,1.0,1.0
1020,9.0,286.0,1.0,10.0,14.0,0.0,1.0,10.0,10.0,3.0,3.0,1.0,1.0,2,1.0,1.0,1.0,1.0
3084,244.0,343.0,1.0,21.0,46.0,0.0,1.0,8.0,8.0,2.0,2.0,1.0,1.0,2,1.0,1.0,1.0,1.0
6441,82.0,283.0,1.0,25.0,0.0,7.0,0.0,11.0,11.0,3.0,3.0,2.0,2.0,7,1.0,0.0,0.0,0.0
6457,83.0,262.0,1.0,21.0,0.0,1.0,0.0,11.0,11.0,3.0,3.0,2.0,2.0,7,1.0,0.0,0.0,0.0
4977,78.0,360.0,1.0,16.0,16.0,-1.0,2.0,-1.0,-1.0,-1.0,-1.0,-1.0,-1.0,0,-1.0,-1.0,-1.0,-1.0
5084,74.0,301.0,1.0,16.0,16.0,-1.0,2.0,-1.0,-1.0,-1.0,-1.0,-1.0,-1.0,0,-1.0,-1.0,-1.0,-1.0
7568,54.0,351.0,1.0,213.0,24.0,0.0,1.0,85.0,85.0,30.0,30.0,3.0,3.0,10,2.0,1.0,1.0,0.0
10411,56.64243111220853,395.0639654308794,15.651172344703534,307.76162074147237,41.38518098698368,0.0,1.0,78.5043706162475,78.5043706162475,33.11044839676882,33.11044839676882,5.1191896292638255,5.1191896292638255,12,18.357568887791476,0.0,0.0,0.0
7983,70.0,368.0,2.0,557.0,29.0,0.0,1.0,50.0,50.0,45.0,45.0,0.0,0.0,10,1.0,0.0,0.0,0.0
2187,15.0,258.0,1.0,10.0,7.0,0.0,0.0,8.0,8.0,2.0,2.0,1.0,1.0,2,1.0,1.0,1.0,1.0
6377,70.0,272.0,1.0,21.0,0.0,1.0,0.0,29.0,29.0,26.0,26.0,0.0,0.0,7,1.0,0.0,0.0,0.0
795,76.0,337.0,1.0,16.0,16.0,-1.0,2.0,10.0,10.0,3.0,3.0,1.0,1.0,2,1.0,1.0,1.0,1.0
7912,85.0,414.0,1.0,448.0,24.0,0.0,1.0,250.0,250.0,239.0,239.0,0.0,0.0,10,7.0,0.0,0.0,0.0
7616,79.0,403.0,2.0,541.0,30.0,0.0,1.0,201.0,201.0,191.0,191.0,0.0,0.0,12,5.0,0.0,0.0,0.0
5739,65.0,383.0,4.0,62.0,73.0,0.0,1.0,61.0,61.0,19.0,19.0,2.0,2.0,7,4.0,0.0,0.0,0.0
10341,53.419650685453604,359.5306301381797,11.0,81.19769178000149,13.0,0.0,1.0,54.580349314546396,54.580349314546396,40.23468493091017,40.23468493091017,0.0,0.0,10,11.0,0.0,0.0,0.0
4078,9.0,180.0,1.0,9.0,0.0,0.0,0.0,-1.0,0.0,1.0,1.0,0.0,1.0,2,0.0,0.0,0.0,0.0
8257,1.0,347.0,3.0,11.0,10.0,0.0,0.0,10.0,10.0,3.0,3.0,1.0,1.0,2,3.0,0.0,0.0,0.0
6419,98.0,283.0,1.0,31.0,0.0,13.0,0.0,11.0,11.0,3.0,3.0,2.0,2.0,7,1.0,0.0,0.0,0.0
7735,327.0,362.0,7.0,5067.0,26.0,0.0,1.0,325.0,325.0,163.0,163.0,2.0,2.0,7,3.0,0.0,1.0,0.0
4098,6.0,180.0,1.0,10.0,0.0,0.0,0.0,14.0,14.0,5.0,5.0,1.0,1.0,2,3.0,1.0,1.0,1.0
6986,82.0,283.0,1.0,33.0,0.0,15.0,0.0,43.0,43.0,14.0,14.0,2.0,2.0,7,1.0,0.0,0.0,0.0
9189,30.0,298.0,1.0,12.0,0.0,1.0,0.0,24.0,24.0,5.0,5.0,1.0,1.0,2,1.0,0.0,0.0,0.0
1807,11.0,256.0,1.0,16.0,0.0,0.0,0.0,8.0,8.0,2.0,2.0,1.0,1.0,2,1.0,1.0,1.0,1.0
3560,8.0,180.0,1.0,11.0,0.0,0.0,0.0,33.0,33.0,7.0,7.0,1.0,1.0,2,1.0,0.0,0.0,0.0
5937,35.0,260.0,1.0,12.0,0.0,1.0,0.0,11.0,11.0,3.0,3.0,2.0,2.0,7,1.0,0.0,0.0,0.0
5143,37.0,180.0,1.0,11.0,0.0,0.0,0.0,-1.0,0.0,0.0,1.0,0.0,1.0,2,0.0,0.0,1.0,0.0
1017,76.0,378.0,1.0,16.0,16.0,-1.0,2.0,10.0,10.0,2.0,2.0,1.0,1.0,2,1.0,1.0,2.0,0.0
1884,113.0,295.0,1.0,37.0,48.0,0.0,1.0,8.0,8.0,2.0,2.0,1.0,1.0,2,1.0,1.0,1.0,1.0
10777,376.1151681415813,404.70385335021945,2.0987155499268404,493.51190644758395,24.043873577745263,4.989031605563684,1.0,767.2449127685218,767.2449127685218,129.55029582811108,129.55029582811108,2.9890316055636843,2.9890316055636843,9,5.131620733235788,0.0,0.0,0.0
10946,33.07137538113772,260.0,1.0,12.0,0.0,1.0,0.0,11.0,11.0,3.0,3.0,2.0,2.0,7,1.0,0.0,0.0,0.0
508,8.0,180.0,1.0,10.0,0.0,0.0,0.0,26.0,26.0,6.0,6.0,3.0,3.0,10,1.0,2.0,3.0,0.0
3916,-1.0,-1.0,-1.0,-1.0,-1.0,-1.0,2.0,50.0,50.0,8.0,8.0,2.0,2.0,7,2.0,0.0,0.0,0.0
10519,326.1296475421249,363.49142066862936,36.68255503610707,238.42659689756692,29.723546253008923,7.020495608450927,1.0,225.93183928322787,225.93183928322787,59.74404186145985,59.74404186145985,3.5529074939821554,3.5529074939821554,9,39.87368940358476,0.0,0.0,0.0
10968,88.560686724318,262.0,1.0,21.0,0.0,1.0,0.0,16.0,16.0,5.0,5.0,2.0,2.0,7,2.0,0.0,0.0,0.0
3712,-1.0,-1.0,-1.0,-1.0,-1.0,-1.0,2.0,43.0,43.0,34.0,34.0,0.0,0.0,7,0.0,1.0,1.0,0.0
8663,375.0,357.0,5.0,32.0,69.0,5.0,0.0,74.0,74.0,38.0,38.0,2.0,2.0,7,12.0,0.0,0.0,0.0
206,12.0,180.0,1.0,9.0,0.0,0.0,0.0,21.0,21.0,11.0,11.0,1.0,1.0,2,1.0,5.0,6.0,0.0
3900,51.0,389.0,3.0,57.0,27.0,1.0,1.0,61.0,61.0,11.0,11.0,2.0,2.0,7,3.0,0.0,0.0,0.0
5520,38.0,419.0,2.0,191.0,62.0,0.0,1.0,190.0,190.0,179.0,179.0,2.0,2.0,7,2.0,0.0,0.0,0.0
10478,107.81825561104108,397.0470424935519,1.0,397.8110183043408,24.66907910223343,0.1672697755583571,1.0,262.8291115710915,262.8291115710915,46.0,46.0,2.3345395511167144,2.3345395511167144,7,1.1672697755583572,1.0,2.0,0.0
5177,34.0,375.0,2.0,51.0,27.0,1.0,1.0,-1.0,-1.0,-1.0,-1.0,-1.0,-1.0,0,-1.0,-1.0,-1.0,-1.0
8340,112.0,384.0,1.0,404.0,24.0,0.0,1.0,264.0,264.0,46.0,46.0,2.0,2.0,7,1.0,1.0,2.0,0.0
2803,67.0,180.0,1.0,10.0,0.0,0.0,0.0,9.0,9.0,2.0,2.0,0.0,1.0,1,1.0,2.0,3.0,0.0
9923,52.0,330.0,6.0,27.0,13.0,6.0,1.0,8.0,8.0,2.0,2.0,1.0,1.0,2,1.0,1.0,1.0,1.0
5648,331.0,390.0,2.0,209.0,28.0,0.0,1.0,222.0,222.0,77.0,77.0,4.0,4.0,12,5.0,1.0,4.0,0.0
1877,131.0,180.0,1.0,9.0,0.0,0.0,0.0,9.0,9.0,1.0,1.0,1.0,1.0,2,1.0,1.0,2.0,1.0
880,78.0,285.0,1.0,16.0,16.0,-1.0,2.0,11.0,11.0,3.0,3.0,1.0,1.0,2,1.0,0.0,1.0,0.0
7707,83.0,382.0,2.0,457.0,25.0,0.0,1.0,269.0,269.0,154.0,154.0,2.0,2.0,2,2.0,2.0,3.0,0.0
4198,76.0,349.0,1.0,16.0,16.0,-1.0,2.0,-1.0,-1.0,-1.0,-1.0,-1.0,-1.0,0,-1.0,-1.0,-1.0,-1.0
6565,84.0,283.0,1.0,42.0,0.0,24.0,0.0,6.0,6.0,2.0,2.0,1.0,1.0,2,1.0,0.0,0.0,0.0
6843,92.0,466.0,1.0,178.0,30.0,1.0,1.0,19.0,19.0,5.0,5.0,2.0,2.0,7,1.0,0.0,0.0,0.0
1357,3.0,180.0,1.0,8.0,0.0,0.0,0.0,7.0,6.0,1.0,1.0,0.0,1.0,2,1.0,1.0,2.0,0.0
9841,62.0,298.0,26.0,100.0,11.0,0.0,1.0,138.0,138.0,41.0,41.0,1.0,1.0,2,40.0,0.0,0.0,0.0
2275,4.0,180.0,1.0,14.0,0.0,0.0,0.0,9.0,9.0,2.0,2.0,0.0,1.0,1,1.0,1.0,2.0,0.0
10164,252.45813245814642,266.8730252804627,52.56211526579209,651.4176370102695,0.2391900910424598,0.0,1.0,32.152710819382136,32.152710819382136,10.47838018208492,10.47838018208492,2.0,2.0,7,1.7175702731273794,0.0,0.0,0.0
8481,137.0,282.0,4.0,43.0,0.0,4.0,1.0,33.0,33.0,8.0,8.0,2.0,2.0,7,3.0,0.0,0.0,0.0
3385,17.0,245.0,1.0,10.0,11.0,0.0,0.0,9.0,9.0,2.0,2.0,0.0,1.0,1,1.0,1.0,2.0,0.0
5347,-1.0,-1.0,-1.0,-1.0,-1.0,-1.0,2.0,22.0,22.0,6.0,6.0,1.0,1.0,1,3.0,2.0,3.0,2.0
4385,36.0,248.0,1.0,10.0,7.0,0.0,0.0,19.0,19.0,9.0,9.0,1.0,1.0,2,1.0,0.0,0.0,0.0
8079,92.0,353.0,9.0,1290.0,17.0,0.0,1.0,122.0,122.0,111.0,111.0,0.0,0.0,7,9.0,0.0,0.0,0.0
682,5.0,180.0,1.0,16.0,0.0,0.0,0.0,14.0,14.0,2.0,2.0,1.0,1.0,2,1.0,2.0,3.0,1.0
7377,86.0,393.0,2.0,779.0,30.0,0.0,1.0,60.0,60.0,54.0,54.0,0.0,0.0,10,2.0,0.0,0.0,0.0
2890,5.0,180.0,20.0,53.0,0.0,0.0,0.0,8.0,8.0,2.0,2.0,1.0,1.0,2,1.0,1.0,1.0,1.0
86,17.0,352.0,7.0,25.0,14.0,0.0,1.0,25.0,25.0,4.0,4.0,1.0,1.0,2,5.0,1.0,1.0,1.0
5257,11.0,224.0,0.0,20.0,7.0,0.0,0.0,14.0,14.0,6.0,6.0,1.0,1.0,2,1.0,3.0,4.0,0.0
6495,62.0,192.0,2.0,12.0,12.0,2.0,0.0,25.0,25.0,13.0,13.0,2.0,2.0,7,1.0,0.0,0.0,0.0
8428,164.0,370.0,3.0,28.0,48.0,3.0,1.0,27.0,27.0,10.0,10.0,2.0,2.0,7,3.0,0.0,0.0,0.0
10183,83.53614746768383,354.2014664571119,2.2737613924795745,439.083670252643,15.095045569918298,0.0,1.0,73.82128417743873,73.82128417743873,67.0950455699183,67.0950455699183,0.0,0.0,12,2.7262386075204255,0.0,0.0,0.0
9522,50.0,288.0,17.0,293.0,0.0,0.0,1.0,32.0,32.0,10.0,10.0,2.0,2.0,7,3.0,0.0,0.0,0.0
750,58.0,330.0,4.0,25.0,13.0,4.0,1.0,11.0,11.0,4.0,4.0,1.0,1.0,2,1.0,1.0,1.0,1.0
4452,8.0,180.0,1.0,10.0,0.0,0.0,0.0,12.0,12.0,2.0,2.0,1.0,1.0,2,2.0,1.0,1.0,1.0
6215,63.0,283.0,1.0,30.0,0.0,12.0,0.0,6.0,6.0,2.0,2.0,1.0,1.0,2,1.0,0.0,0.0,0.0
3924,-1.0,-1.0,-1.0,-1.0,-1.0,-1.0,2.0,63.0,63.0,-1.0,-1.0,-1.0,-1.0,0,-1.0,-1.0,-1.0,-1.0
10622,50.58754042997214,436.8699381866393,3.467940056083322,529.3569790839724,46.69667936438901,0.8440199813055593,1.0,415.2669409908053,415.2669409908053,27.02774024302773,27.02774024302773,2.8440199813055593,2.8440199813055593,9,15.50431970088895,0.15598001869444067,0.31196003738888134,0.0
1245,16.0,180.0,1.0,10.0,0.0,0.0,0.0,14.0,14.0,6.0,6.0,1.0,1.0,2,1.0,3.0,4.0,0.0
9080,22.0,298.0,1.0,12.0,0.0,1.0,0.0,52.0,52.0,40.0,40.0,2.0,2.0,7,1.0,0.0,0.0,0.0
9856,-1.0,-1.0,-1.0,-1.0,-1.0,-1.0,2.0,176.0,176.0,12.0,12.0,2.0,2.0,7,1.0,0.0,0.0,0.0
5946,88.0,262.0,1.0,21.0,0.0,1.0,0.0,6.0,6.0,2.0,2.0,1.0,1.0,2,1.0,0.0,0.0,0.0
8400,249.0,376.0,6.0,231.0,25.0,0.0,1.0,130.0,130.0,8.0,8.0,2.0,2.0,7,2.0,0.0,0.0,1.0
3453,9.0,180.0,1.0,18.0,0.0,0.0,0.0,8.0,8.0,2.0,2.0,1.0,1.0,2,1.0,1.0,1.0,1.0
8903,26.0,229.0,16.0,59.0,0.0,0.0,1.0,58.0,58.0,16.0,16.0,1.0,1.0,2,16.0,0.0,0.0,0.0
1364,2.0,180.0,1.0,111612.0,0.0,0.0,0.0,9.0,9.0,3.0,3.0,1.0,1.0,2,1.0,1.0,1.0,1.0
5181,51.0,393.0,2.0,53.0,25.0,1.0,1.0,-1.0,-1.0,-1.0,-1.0,-1.0,-1.0,0,-1.0,-1.0,-1.0,-1.0
3944,8.0,180.0,1.0,10.0,0.0,0.0,0.0,0.0,1.0,1.0,0.0,1.0,1.0,2,0.0,1.0,0.0,0.0
3750,-1.0,-1.0,-1.0,-1.0,-1.0,-1.0,2.0,89.0,89.0,5.0,5.0,2.0,2.0,7,1.0,0.0,0.0,0.0
9110,28.0,298.0,1.0,12.0,0.0,1.0,0.0,46.0,46.0,34.0,34.0,0.0,0.0,10,2.0,0.0,0.0,0.0
8718,17.0,318.0,5.0,38.0,28.0,4.0,1.0,28.0,28.0,7.0,7.0,2.0,2.0,7,4.0,0.0,0.0,0.0
2075,17.0,381.0,7.0,25.0,14.0,0.0,1.0,9.0,9.0,1.0,1.0,1.0,1.0,2,1.0,1.0,2.0,1.0
3394,60.0,365.0,1.0,24.0,18.0,0.0,0.0,9.0,9.0,3.0,3.0,1.0,1.0,2,1.0,1.0,1.0,1.0
9715,50.0,229.0,30.0,110.0,0.0,0.0,1.0,49.0,49.0,13.0,13.0,1.0,1.0,2,11.0,0.0,0.0,0.0
7754,380.0,359.0,4.0,871.0,27.0,0.0,1.0,138.0,138.0,70.0,70.0,3.0,3.0,10,3.0,0.0,1.0,0.0
8824,107.0,283.0,2.0,37.0,0.0,16.0,0.0,36.0,36.0,23.0,23.0,2.0,2.0,7,2.0,0.0,0.0,0.0
10257,56.50911178393746,334.87727794598436,3.754555891968733,39.49088821606254,8.0,0.0,1.0,38.49088821606254,38.49088821606254,11.122722054015634,11.122722054015634,1.0,1.0,2,3.754555891968733,0.0,0.0,0.0
1719,3.0,180.0,0.0,8.0,0.0,0.0,0.0,9.0,9.0,3.0,3.0,1.0,1.0,2,1.0,1.0,1.0,1.0
2861,12.0,180.0,1.0,77.0,0.0,0.0,0.0,8.0,7.0,2.0,1.0,0.0,0.0,1,1.0,1.0,1.0,1.0
238,1.0,180.0,1.0,111113.0,0.0,0.0,0.0,15.0,15.0,2.0,2.0,1.0,1.0,2,1.0,1.0,2.0,0.0
2352,6.0,201.0,1.0,996.0,0.0,0.0,0.0,76.0,76.0,8.0,8.0,4.0,4.0,10,2.0,2.0,4.0,0.0
7637,84.0,353.0,2.0,506.0,15.0,0.0,1.0,421.0,421.0,31.0,31.0,4.0,4.0,12,2.0,1.0,2.0,0.0
9462,20.0,296.0,6.0,215.0,0.0,0.0,1.0,29.0,29.0,7.0,7.0,2.0,2.0,7,5.0,0.0,0.0,1.0
6999,84.0,265.0,1.0,21.0,0.0,1.0,0.0,29.0,29.0,17.0,17.0,2.0,2.0,7,1.0,0.0,0.0,0.0
322,9.0,296.0,1.0,10.0,21.0,0.0,1.0,19.0,19.0,9.0,9.0,1.0,1.0,2,1.0,0.0,0.0,0.0
5766,72.0,377.0,4.0,51.0,67.0,0.0,1.0,50.0,50.0,20.0,20.0,2.0,2.0,7,4.0,0.0,0.0,0.0
7609,96.0,466.0,2.0,344.0,29.0,0.0,1.0,114.0,114.0,105.0,105.0,0.0,0.0,12,3.0,0.0,0.0,0.0
6349,95.0,450.0,1.0,84.0,17.0,1.0,1.0,6.0,6.0,2.0,2.0,1.0,1.0,2,1.0,0.0,0.0,0.0
8278,17675.0,440.0,41.0,3048.0,32.0,25.0,1.0,-1.0,-1.0,-1.0,-1.0,-1.0,-1.0,0,-1.0,-1.0,-1.0,-1.0
9321,103.0,271.0,1.0,56.0,0.0,0.0,1.0,-1.0,-1.0,-1.0,-1.0,-1.0,-1.0,0,-1.0,-1.0,-1.0,-1.0
1826,30.0,332.0,4.0,24.0,13.0,4.0,1.0,4.0,4.0,1.0,1.0,0.0,1.0,1,1.0,1.0,1.0,1.0
2375,75.0,330.0,1.0,16.0,1.0,-1.0,2.0,9.0,9.0,2.0,2.0,0.0,1.0,1,1.0,1.0,2.0,0.0
10371,291.8713716789498,300.3485486715799,4.825725664210037,37.23485486715799,4.46224247600186,4.590870797052045,0.0,17.871371678949817,17.871371678949817,4.234854867157993,4.234854867157993,2.0,2.0,7,1.0,0.0,0.0,0.0
6591,91.0,283.0,1.0,35.0,0.0,17.0,0.0,16.0,16.0,5.0,5.0,2.0,2.0,7,1.0,0.0,0.0,1.0
4626,9.0,180.0,1.0,9.0,0.0,0.0,0.0,21.0,21.0,7.0,7.0,1.0,1.0,2,1.0,0.0,0.0,1.0
3915,-1.0,-1.0,-1.0,-1.0,-1.0,-1.0,2.0,58.0,58.0,8.0,8.0,2.0,2.0,7,2.0,0.0,0.0,0.0
534,73.0,386.0,1.0,16.0,16.0,-1.0,2.0,19.0,19.0,9.0,9.0,1.0,1.0,2,1.0,0.0,0.0,0.0
8714,383.0,317.0,12.0,2443.0,17.0,24.0,1.0,44.0,44.0,18.0,18.0,2.0,2.0,7,6.0,0.0,0.0,0.0
9185,28.0,260.0,1.0,12.0,0.0,1.0,0.0,36.0,36.0,13.0,13.0,2.0,2.0,7,7.0,0.0,0.0,0.0
2831,15.0,180.0,1.0,10.0,0.0,0.0,0.0,69.0,69.0,5.0,5.0,0.0,0.0,2,1.0,0.0,0.0,0.0
10442,84.18538566088881,283.0,1.0,28.814614339111184,0.0,10.814614339111182,0.0,29.09269283044441,29.09269283044441,17.09269283044441,17.09269283044441,2.0,2.0,7,1.0,0.0,0.0,0.0
392,3.0,180.0,1.0,5.0,0.0,0.0,0.0,19.0,19.0,9.0,9.0,1.0,1.0,2,1.0,0.0,0.0,0.0
4261,66.0,288.0,1.0,42.0,0.0,1.0,0.0,13.0,13.0,2.0,2.0,1.0,1.0,2,1.0,2.0,3.0,1.0
3593,46.0,180.0,1.0,15.0,0.0,0.0,0.0,8.0,8.0,2.0,2.0,1.0,1.0,2,1.0,1.0,1.0,1.0
7121,83.0,283.0,1.0,35.0,0.0,17.0,0.0,29.0,29.0,17.0,17.0,2.0,2.0,7,1.0,0.0,0.0,0.0
1999,15.0,294.0,1.0,10.0,19.0,0.0,1.0,9.0,9.0,3.0,3.0,1.0,1.0,2,1.0,1.0,1.0,1.0
5357,-1.0,-1.0,-1.0,-1.0,-1.0,-1.0,2.0,21.0,21.0,13.0,13.0,0.0,0.0,10,1.0,2.0,4.0,0.0
6116,84.0,262.0,1.0,21.0,0.0,1.0,0.0,11.0,11.0,3.0,3.0,2.0,2.0,7,1.0,0.0,0.0,0.0
9787,41.0,304.0,9.0,242.0,0.0,0.0,1.0,36.0,36.0,11.0,11.0,2.0,2.0,7,5.0,0.0,0.0,0.0
4376,5.0,277.0,1.0,32.0,14.0,0.0,0.0,11.0,11.0,3.0,3.0,0.0,1.0,1,1.0,3.0,4.0,0.0
1026,4.0,180.0,1.0,14.0,0.0,0.0,0.0,11.0,11.0,4.0,4.0,1.0,1.0,2,1.0,1.0,1.0,1.0
4653,8.0,180.0,0.0,1991.0,0.0,0.0,0.0,-1.0,0.0,1.0,1.0,0.0,1.0,2,0.0,0.0,1.0,0.0
3511,23.0,22688.0,0.0,4.0,0.0,0.0,0.0,9.0,9.0,3.0,3.0,1.0,1.0,2,1.0,1.0,1.0,1.0
9971,72.0,360.0,1.0,16.0,16.0,-1.0,2.0,8.0,8.0,2.0,2.0,1.0,1.0,2,1.0,1.0,1.0,1.0
2156,13.0,180.0,1.0,9.0,0.0,0.0,0.0,4.0,4.0,1.0,1.0,1.0,1.0,2,0.0,1.0,1.0,1.0
8489,125.0,283.0,1.0,54.0,0.0,36.0,0.0,11.0,11.0,3.0,3.0,2.0,2.0,7,1.0,0.0,0.0,0.0
3480,9.0,180.0,1.0,9.0,0.0,0.0,0.0,46.0,46.0,16.0,16.0,8.0,8.0,14,2.0,2.0,4.0,0.0
4754,9.0,298.0,1.0,10.0,20.0,0.0,1.0,-1.0,-1.0,-1.0,-1.0,-1.0,-1.0,0,-1.0,-1.0,-1.0,-1.0
1800,13.0,397.0,6.0,23.0,15.0,0.0,1.0,8.0,8.0,2.0,2.0,1.0,1.0,2,1.0,1.0,1.0,1.0
1016,7.0,287.0,1.0,16.0,2.0,-1.0,2.0,21.0,21.0,11.0,11.0,1.0,1.0,2,1.0,5.0,6.0,0.0
11089,88.31896833951403,441.1965393061383,3.0,561.3068886493608,28.52758733580561,0.0,1.0,72.16552401483366,72.16552401483366,64.90173034693086,64.90173034693086,0.0,0.0,10,3.2637936679028057,0.0,0.0,0.0
7838,78.0,400.0,2.0,157.0,28.0,21.0,1.0,94.0,94.0,39.0,39.0,3.0,3.0,10,1.0,1.0,2.0,0.0
3538,2048.0,291.0,1.0,27.0,3.0,0.0,0.0,6.0,6.0,1.0,1.0,1.0,1.0,2,1.0,1.0,1.0,1.0
9752,19.0,229.0,9.0,38.0,0.0,0.0,1.0,26.0,26.0,6.0,6.0,1.0,1.0,2,6.0,0.0,0.0,0.0
7317,74.0,276.0,1.0,67.0,0.0,1.0,1.0,22.0,22.0,19.0,19.0,0.0,0.0,7,1.0,0.0,0.0,0.0
5577,32.0,447.0,13.0,55.0,62.0,0.0,1.0,54.0,54.0,15.0,15.0,2.0,2.0,7,13.0,0.0,0.0,0.0
6099,85.0,265.0,1.0,21.0,0.0,1.0,0.0,29.0,29.0,17.0,17.0,2.0,2.0,7,1.0,0.0,0.0,0.0
3823,45.0,180.0,3.0,125.0,0.0,0.0,1.0,9.0,9.0,1.0,1.0,1.0,1.0,2,1.0,1.0,2.0,1.0
3816,243.0,306.0,2.0,23.0,9.0,0.0,1.0,9.0,9.0,1.0,1.0,1.0,1.0,2,1.0,1.0,2.0,1.0
3451,10.0,258.0,1.0,31.0,0.0,0.0,0.0,8.0,8.0,2.0,2.0,1.0,1.0,2,1.0,1.0,1.0,1.0
262,44.0,180.0,1.0,12.0,0.0,0.0,0.0,10.0,10.0,3.0,3.0,1.0,1.0,2,1.0,1.0,1.0,1.0
846,24.0,247.0,1.0,14.0,12.0,0.0,0.0,14.0,15.0,1.0,1.0,1.0,1.0,1,2.0,2.0,3.0,0.0
4875,9.0,180.0,1.0,9.0,0.0,0.0,0.0,21.0,21.0,6.0,6.0,1.0,1.0,2,1.0,1.0,1.0,1.0
10840,209.2906360533763,305.0,6.914531802668815,1041.2735203226848,6.0,75.78632950667203,1.0,207.1795494880709,207.1795494880709,151.26501768540209,151.26501768540209,2.0,2.0,7,4.871797704003223,0.0,0.0,0.0
4353,78.0,384.0,1.0,16.0,16.0,-1.0,2.0,-1.0,-1.0,-1.0,-1.0,-1.0,-1.0,0,-1.0,-1.0,-1.0,-1.0
5492,382.0,273.0,14.0,115.0,0.0,0.0,1.0,81.0,81.0,65.0,65.0,0.0,0.0,7,14.0,0.0,0.0,0.0
3590,62.0,278.0,1.0,167.0,10.0,0.0,1.0,5.0,5.0,1.0,1.0,1.0,1.0,2,1.0,1.0,2.0,1.0
5027,6.0,180.0,2.0,14.0,0.0,0.0,0.0,-1.0,-1.0,-1.0,-1.0,-1.0,-1.0,0,-1.0,-1.0,-1.0,-1.0
8975,102.0,283.0,1.0,37.0,0.0,19.0,0.0,35.0,35.0,23.0,23.0,2.0,2.0,7,1.0,0.0,0.0,0.0
7903,92.0,391.0,2.0,511.0,30.0,0.0,1.0,158.0,158.0,148.0,148.0,0.0,0.0,13,3.0,0.0,0.0,0.0
4086,9.0,180.0,1.0,216.0,0.0,0.0,0.0,-1.0,0.0,1.0,1.0,0.0,2.0,2,0.0,0.0,1.0,0.0
1238,17.0,180.0,1.0,10.0,0.0,0.0,0.0,24.0,24.0,12.0,12.0,4.0,4.0,12,4.0,4.0,4.0,4.0
2797,8.0,180.0,1.0,11.0,0.0,0.0,0.0,51.0,51.0,38.0,38.0,1.0,1.0,13,3.0,0.0,0.0,0.0
5107,75.0,256.0,1.0,36.0,0.0,12.0,0.0,18.0,18.0,5.0,5.0,2.0,2.0,7,1.0,0.0,0.0,0.0
1146,36.0,180.0,1.0,12.0,0.0,0.0,0.0,19.0,19.0,9.0,9.0,1.0,1.0,2,1.0,0.0,0.0,0.0
1642,11.0,180.0,25.0,46.0,0.0,0.0,0.0,8.0,8.0,2.0,2.0,1.0,1.0,2,1.0,1.0,1.0,1.0
3343,52.0,285.0,1.0,28.0,0.0,0.0,0.0,9.0,9.0,3.0,3.0,1.0,1.0,2,1.0,1.0,1.0,1.0
8897,16.0,288.0,3.0,25.0,0.0,0.0,1.0,24.0,24.0,6.0,6.0,2.0,2.0,7,3.0,0.0,0.0,0.0
5482,72.0,382.0,13.0,87.0,13.0,0.0,1.0,54.0,54.0,38.0,38.0,0.0,0.0,10,13.0,0.0,0.0,0.0
3893,48.0,405.0,2.0,61.0,35.0,1.0,1.0,52.0,52.0,8.0,8.0,2.0,2.0,7,2.0,0.0,0.0,0.0
7095,86.0,283.0,1.0,27.0,0.0,9.0,0.0,30.0,30.0,18.0,18.0,2.0,2.0,7,1.0,0.0,0.0,0.0
7647,46.0,362.0,2.0,190.0,26.0,0.0,1.0,578.0,578.0,278.0,278.0,3.0,3.0,10,8.0,0.0,0.0,0.0
8509,111.0,283.0,2.0,51.0,0.0,30.0,0.0,46.0,46.0,32.0,32.0,2.0,2.0,7,2.0,0.0,0.0,0.0
3667,-1.0,-1.0,-1.0,-1.0,-1.0,-1.0,2.0,60.0,60.0,30.0,30.0,0.0,0.0,7,0.0,2.0,4.0,0.0
9500,16.0,298.0,4.0,73.0,1.0,0.0,1.0,28.0,28.0,7.0,7.0,2.0,2.0,7,5.0,0.0,0.0,0.0
5382,19.0,19.0,6.0,6.0,1.0,1.0,2.0,0.0,0.0,0.0,0.0,0.0,0.0,1,0.0,2.0,3.0,-1.0
4389,9.0,299.0,1.0,10.0,18.0,0.0,1.0,10.0,10.0,3.0,3.0,1.0,1.0,2,1.0,1.0,1.0,1.0
9771,51.0,278.0,18.0,77.0,6.0,0.0,1.0,30.0,30.0,7.0,7.0,2.0,2.0,7,6.0,0.0,0.0,1.0
10571,86.52198314636672,283.0,1.0,29.0,0.0,11.0,0.0,6.0,6.0,2.0,2.0,1.0,1.0,2,1.0,0.0,0.0,0.0
4950,940.0,180.0,0.0,16.0,0.0,0.0,0.0,-1.0,-1.0,-1.0,-1.0,-1.0,-1.0,0,-1.0,-1.0,-1.0,-1.0
6620,84.0,283.0,1.0,35.0,0.0,17.0,0.0,12.0,12.0,4.0,4.0,2.0,2.0,7,1.0,0.0,0.0,0.0
1453,12.0,180.0,1.0,9.0,0.0,0.0,0.0,8.0,8.0,2.0,2.0,1.0,1.0,2,1.0,1.0,1.0,1.0
1697,26.0,246.0,1.0,10.0,7.0,0.0,0.0,8.0,8.0,2.0,2.0,1.0,1.0,2,1.0,1.0,1.0,1.0
8936,22.0,298.0,1.0,12.0,0.0,1.0,0.0,11.0,11.0,3.0,3.0,2.0,2.0,7,1.0,0.0,0.0,0.0
8978,16.0,283.0,1.0,10.0,0.0,1.0,0.0,6.0,6.0,2.0,2.0,1.0,1.0,2,1.0,0.0,0.0,0.0
9309,24.0,298.0,1.0,12.0,0.0,1.0,0.0,37.0,37.0,34.0,34.0,0.0,0.0,2,1.0,0.0,0.0,0.0
6840,94.0,262.0,1.0,21.0,0.0,1.0,0.0,44.0,44.0,21.0,21.0,2.0,2.0,7,5.0,0.0,0.0,0.0
8559,156.0,342.0,3.0,138.0,48.0,76.0,1.0,99.0,99.0,94.0,94.0,0.0,0.0,7,3.0,0.0,0.0,0.0
10350,66.3688570638312,272.0,1.0,21.0,0.0,1.0,0.0,27.07377141276624,27.07377141276624,15.073771412766241,15.073771412766241,2.0,2.0,7,1.0,0.0,0.0,0.0
9306,25.0,298.0,1.0,12.0,0.0,1.0,0.0,52.0,52.0,26.0,26.0,2.0,2.0,7,6.0,0.0,0.0,0.0
3662,-1.0,-1.0,-1.0,-1.0,-1.0,-1.0,2.0,7.0,7.0,1.0,1.0,1.0,1.0,2,1.0,1.0,1.0,1.0
2429,78.0,287.0,1.0,16.0,8.0,-1.0,2.0,9.0,9.0,1.0,1.0,1.0,1.0,2,1.0,1.0,2.0,1.0
5233,3.0,180.0,0.0,8.0,0.0,0.0,0.0,10.0,9.0,2.0,2.0,0.0,0.0,1,1.0,2.0,3.0,0.0
6671,82.0,283.0,1.0,27.0,0.0,9.0,0.0,67.0,67.0,33.0,33.0,2.0,2.0,7,6.0,0.0,0.0,0.0
8540,186.0,265.0,3.0,27.0,0.0,3.0,0.0,49.0,49.0,37.0,37.0,2.0,2.0,7,1.0,0.0,0.0,0.0
1905,13.0,469.0,5.0,20.0,15.0,0.0,1.0,8.0,8.0,2.0,2.0,1.0,1.0,2,1.0,1.0,1.0,1.0
4721,9.0,180.0,1.0,9.0,0.0,0.0,0.0,11.0,11.0,2.0,2.0,1.0,1.0,2,2.0,1.0,1.0,1.0
7539,48.0,368.0,2.0,114.0,19.0,0.0,1.0,55.0,55.0,49.0,49.0,0.0,0.0,7,2.0,0.0,0.0,0.0
9670,95.0,296.0,17.0,1148.0,10.0,0.0,1.0,84.0,84.0,24.0,24.0,2.0,2.0,7,22.0,0.0,0.0,0.0
7780,86.0,382.0,2.0,447.0,17.0,0.0,1.0,70.0,70.0,63.0,63.0,0.0,0.0,12,3.0,0.0,0.0,0.0
4900,7.0,239.0,1.0,10.0,8.0,0.0,1.0,-1.0,0.0,1.0,1.0,0.0,2.0,2,0.0,0.0,1.0,0.0
510,23.0,258.0,1.0,10.0,7.0,0.0,0.0,10.0,10.0,3.0,3.0,1.0,1.0,2,1.0,1.0,1.0,1.0
11103,78.05236986243511,262.0,1.0,21.0,0.0,1.0,0.0,79.31421917461068,79.31421917461068,19.31421917461069,19.31421917461069,2.0,2.0,7,1.890287661396954,0.0,0.0,0.0
9908,74.0,371.0,1.0,16.0,16.0,-1.0,2.0,9.0,9.0,3.0,3.0,1.0,1.0,2,1.0,1.0,1.0,1.0
6447,79.0,262.0,1.0,21.0,0.0,1.0,0.0,27.0,27.0,15.0,15.0,2.0,2.0,7,1.0,0.0,0.0,0.0
10156,41.40812266014228,307.6111891636993,8.367509359430876,384.8781600978658,12.835557144126144,0.0,1.0,10.143141379004035,10.143141379004035,1.408122660142281,1.408122660142281,1.0,1.0,2,1.0,0.0,0.0,0.0
2555,14.0,224.0,0.0,20.0,7.0,0.0,0.0,92.0,92.0,26.0,26.0,4.0,4.0,14,3.0,1.0,2.0,0.0
9535,24.0,288.0,7.0,33.0,0.0,0.0,1.0,24.0,24.0,6.0,6.0,2.0,2.0,7,3.0,0.0,0.0,0.0
3898,37.0,397.0,2.0,62.0,24.0,1.0,1.0,55.0,55.0,8.0,8.0,2.0,2.0,7,2.0,0.0,0.0,0.0
2146,2.0,192.0,1.0,15.0,0.0,0.0,0.0,8.0,8.0,2.0,2.0,1.0,1.0,2,1.0,1.0,1.0,1.0
9061,29.0,298.0,1.0,12.0,0.0,1.0,0.0,178.0,178.0,119.0,119.0,2.0,2.0,7,37.0,0.0,0.0,0.0
4548,56.0,256.0,1.0,69.0,0.0,2.0,0.0,-1.0,-1.0,-1.0,-1.0,-1.0,-1.0,0,-1.0,-1.0,-1.0,-1.0
3246,317.0,280.0,1.0,37.0,0.0,0.0,1.0,8.0,8.0,2.0,2.0,1.0,1.0,2,1.0,1.0,1.0,1.0
8789,23.0,285.0,2.0,39.0,0.0,1.0,1.0,25.0,25.0,21.0,21.0,0.0,0.0,7,2.0,0.0,0.0,0.0
4342,37.0,180.0,1.0,11.0,0.0,0.0,0.0,-1.0,0.0,1.0,1.0,0.0,2.0,2,0.0,0.0,1.0,0.0
11015,58.275729822870005,229.0,11.386277427802664,52.013978247981996,0.0,0.0,1.0,20.048284678475333,20.048284678475333,4.0,4.0,1.0,1.0,2,4.0,0.0,0.0,0.0
1549,113.0,180.0,1.0,16.0,0.0,0.0,0.0,8.0,8.0,2.0,2.0,1.0,1.0,2,1.0,1.0,1.0,1.0
8545,172.0,305.0,3.0,863.0,6.0,44.0,1.0,64.0,64.0,30.0,30.0,2.0,2.0,7,3.0,0.0,0.0,0.0
6218,90.0,283.0,1.0,31.0,0.0,13.0,0.0,138.0,138.0,24.0,24.0,2.0,2.0,7,1.0,0.0,0.0,0.0
8103,93.0,414.0,1.0,208.0,32.0,0.0,1.0,107.0,107.0,102.0,102.0,0.0,0.0,10,1.0,0.0,0.0,0.0
10763,96.1471155808058,352.8943376141039,1.0,578.1132477179216,27.0,0.0,1.0,109.31698715768825,109.31698715768825,101.31698715768825,101.31698715768825,0.0,0.0,10,3.894337614103919,0.0,0.0,0.0
8415,131.0,210.0,2.0,19.0,0.0,7.0,0.0,18.0,18.0,11.0,11.0,1.0,1.0,2,2.0,0.0,0.0,0.0
4556,35.0,238.0,1.0,13.0,0.0,1.0,0.0,-1.0,0.0,1.0,1.0,0.0,1.0,2,0.0,0.0,0.0,0.0
9393,297.0,302.0,13.0,1037.0,21.0,21.0,1.0,77.0,77.0,58.0,58.0,0.0,0.0,7,17.0,0.0,0.0,0.0
7697,82.0,403.0,2.0,429.0,26.0,0.0,1.0,125.0,125.0,119.0,119.0,0.0,0.0,10,2.0,0.0,0.0,0.0
9887,78.0,364.0,1.0,16.0,16.0,-1.0,2.0,8.0,8.0,2.0,2.0,1.0,1.0,2,1.0,1.0,1.0,1.0
9539,14.0,301.0,4.0,70.0,13.0,0.0,1.0,47.0,47.0,18.0,18.0,2.0,2.0,7,9.0,0.0,0.0,0.0
9192,25.0,260.0,1.0,12.0,0.0,1.0,0.0,11.0,11.0,3.0,3.0,2.0,2.0,7,1.0,0.0,0.0,0.0
4800,8.0,180.0,1.0,11.0,0.0,0.0,0.0,-1.0,0.0,1.0,1.0,0.0,1.0,2,0.0,0.0,0.0,0.0
9431,129.0,253.0,25.0,126.0,0.0,2.0,1.0,199.0,199.0,20.0,20.0,2.0,2.0,7,2.0,0.0,0.0,1.0
8620,258.0,373.0,2.0,372.0,27.0,6.0,1.0,72.0,72.0,64.0,64.0,0.0,0.0,10,4.0,0.0,0.0,0.0
4652,8.0,244.0,1.0,10.0,5.0,0.0,0.0,-1.0,-1.0,-1.0,-1.0,-1.0,-1.0,0,-1.0,-1.0,-1.0,-1.0
5833,61.0,316.0,11.0,48.0,31.0,0.0,1.0,47.0,47.0,11.0,11.0,1.0,1.0,2,11.0,0.0,0.0,0.0
9595,22.0,229.0,13.0,56.0,0.0,0.0,1.0,95.0,95.0,27.0,27.0,1.0,1.0,2,26.0,0.0,0.0,0.0
993,8.0,180.0,1.0,11.0,0.0,0.0,0.0,22.0,22.0,7.0,7.0,1.0,1.0,2,6.0,1.0,2.0,1.0
7119,87.0,262.0,1.0,21.0,0.0,1.0,0.0,9.0,9.0,4.0,4.0,1.0,1.0,2,1.0,0.0,0.0,0.0
1054,16.0,248.0,1.0,10.0,7.0,0.0,0.0,14.0,14.0,2.0,2.0,1.0,1.0,2,1.0,2.0,3.0,1.0
4796,828.0,180.0,0.0,9.0,0.0,0.0,0.0,-1.0,-1.0,-1.0,-1.0,-1.0,-1.0,0,-1.0,-1.0,-1.0,-1.0
6807,74.0,262.0,1.0,21.0,0.0,1.0,0.0,11.0,11.0,3.0,3.0,2.0,2.0,7,1.0,0.0,0.0,0.0
10486,63.76019326066811,226.0,3.0,248.80096630334057,0.0,0.0,1.0,91.20718830519392,91.20718830519392,58.71942021799566,58.71942021799566,2.0,2.0,7,2.0,0.0,0.0,0.0
4887,77.0,357.0,1.0,16.0,16.0,-1.0,2.0,-1.0,-1.0,-1.0,-1.0,-1.0,-1.0,0,-1.0,-1.0,-1.0,-1.0
10819,3995.029154692107,466.83532880658083,53.29371277092037,8442.279139808606,56.113771742107744,98.41078150893668,1.0,15.685927448555056,15.685927448555056,6.701197283948487,6.701197283948487,1.994910054868856,1.994910054868856,5,-0.14431141289461258,-0.5721557064473063,-0.5721557064473063,0.28353288065808124
2998,7.0,293.0,1.0,16.0,2.0,-1.0,2.0,8.0,8.0,2.0,2.0,1.0,1.0,2,1.0,1.0,1.0,1.0
5135,9.0,180.0,1.0,7.0,0.0,0.0,0.0,14.0,14.0,4.0,4.0,1.0,1.0,1,1.0,0.0,0.0,0.0
9601,233.0,302.0,30.0,1982.0,2.0,1.0,1.0,224.0,224.0,36.0,36.0,2.0,2.0,7,21.0,0.0,0.0,0.0
790,17.0,254.0,1.0,10.0,7.0,0.0,0.0,13.0,13.0,2.0,2.0,1.0,1.0,2,1.0,2.0,3.0,1.0
10405,16.091132312197434,229.0,8.0,40.0,0.0,0.0,1.0,26.30295589593419,26.30295589593419,6.0,6.0,1.0,1.0,2,6.0,0.0,0.0,0.0
934,11.0,256.0,1.0,16.0,0.0,0.0,0.0,15.0,15.0,2.0,2.0,1.0,1.0,2,1.0,1.0,2.0,0.0
8244,1.0,353.0,1.0,8.0,16.0,0.0,1.0,7.0,7.0,1.0,1.0,1.0,1.0,2,1.0,0.0,0.0,0.0
8104,96.0,409.0,1.0,428.0,27.0,0.0,1.0,66.0,66.0,45.0,45.0,0.0,0.0,12,3.0,0.0,0.0,0.0
4002,8.0,180.0,1.0,11.0,0.0,0.0,0.0,-1.0,0.0,1.0,1.0,0.0,2.0,2,0.0,0.0,1.0,0.0
1783,15.0,371.0,1.0,16.0,16.0,-1.0,2.0,9.0,9.0,1.0,1.0,1.0,1.0,2,1.0,1.0,2.0,1.0
7136,75.0,262.0,1.0,21.0,0.0,1.0,0.0,95.0,95.0,17.0,17.0,2.0,2.0,7,1.0,0.0,0.0,0.0
1734,3.0,218.0,1.0,12.0,0.0,0.0,0.0,8.0,8.0,2.0,2.0,1.0,1.0,2,1.0,1.0,1.0,1.0
700,9.0,180.0,1.0,9.0,0.0,0.0,0.0,20.0,20.0,6.0,6.0,1.0,1.0,2,5.0,1.0,2.0,1.0
3872,33.0,424.0,3.0,69.0,74.0,0.0,1.0,65.0,65.0,4.0,4.0,1.0,1.0,2,3.0,0.0,0.0,1.0
8691,266.0,358.0,2.0,185.0,30.0,6.0,1.0,152.0,152.0,65.0,65.0,4.0,4.0,12,2.0,0.0,0.0,0.0
4937,61.0,254.0,1.0,19.0,0.0,2.0,1.0,19.0,19.0,9.0,9.0,1.0,1.0,2,1.0,0.0,0.0,0.0
344,9.0,180.0,1.0,9.0,0.0,0.0,0.0,16.0,16.0,4.0,4.0,1.0,1.0,2,3.0,1.0,2.0,1.0
4797,85.0,180.0,4.0,127.0,0.0,0.0,1.0,-1.0,-1.0,-1.0,-1.0,-1.0,-1.0,0,-1.0,-1.0,-1.0,-1.0
6519,76.0,262.0,1.0,21.0,0.0,1.0,0.0,828.0,828.0,24.0,24.0,0.0,0.0,2,0.0,0.0,0.0,0.0
9844,123.0,271.0,1.0,82.0,0.0,12.0,1.0,217.0,217.0,22.0,22.0,2.0,2.0,7,15.0,0.0,0.0,0.0
1081,8.0,180.0,1.0,11.0,0.0,0.0,0.0,14.0,15.0,1.0,1.0,1.0,1.0,1,15.0,2.0,3.0,0.0
3644,-1.0,-1.0,-1.0,-1.0,-1.0,-1.0,2.0,7.0,7.0,1.0,1.0,0.0,1.0,1,0.0,0.0,0.0,0.0
7666,75.0,425.0,2.0,283.0,28.0,0.0,1.0,110.0,110.0,39.0,39.0,2.0,2.0,2,2.0,2.0,3.0,0.0
3037,15.0,180.0,1.0,10.0,0.0,0.0,0.0,6.0,6.0,1.0,1.0,1.0,1.0,2,1.0,1.0,1.0,1.0
10785,86.63363596548707,262.0,1.0,21.0,0.0,1.0,0.0,10.46545613805173,10.46545613805173,5.099092103538798,5.099092103538798,1.0,1.0,2,1.7327280690258648,0.0,0.0,0.0
8452,148.0,440.0,1.0,59.0,25.0,38.0,0.0,6.0,6.0,2.0,2.0,1.0,1.0,2,1.0,0.0,0.0,0.0
7591,60.0,379.0,2.0,391.0,30.0,0.0,1.0,61.0,61.0,53.0,53.0,0.0,0.0,12,4.0,0.0,0.0,0.0
3857,36.0,368.0,3.0,77.0,41.0,0.0,1.0,72.0,72.0,4.0,4.0,1.0,1.0,2,3.0,0.0,0.0,1.0
7622,79.0,413.0,2.0,263.0,39.0,0.0,1.0,70.0,70.0,64.0,64.0,0.0,0.0,10,2.0,0.0,0.0,0.0
323,3.0,180.0,1.0,10.0,0.0,0.0,0.0,19.0,19.0,9.0,9.0,1.0,1.0,2,1.0,0.0,0.0,0.0
10181,37.76776667668112,326.23486542356795,5.509212350871691,80.74934197493774,23.242761724315102,0.7493419749377364,1.0,8.7572382756849,8.7572382756849,4.7572382756849,4.7572382756849,0.7493419749377364,0.7493419749377364,3,1.0,0.0,0.0,0.0
5108,9.0,252.0,1.0,10.0,13.0,0.0,0.0,12.0,12.0,2.0,2.0,1.0,1.0,2,1.0,0.0,0.0,0.0
3896,42.0,391.0,3.0,61.0,23.0,1.0,1.0,53.0,53.0,8.0,8.0,2.0,2.0,7,2.0,0.0,0.0,0.0
5661,41.0,322.0,1.0,63.0,23.0,0.0,1.0,62.0,62.0,15.0,15.0,2.0,2.0,7,1.0,0.0,0.0,0.0
5989,78.0,265.0,1.0,21.0,0.0,1.0,0.0,6.0,6.0,2.0,2.0,1.0,1.0,2,1.0,0.0,0.0,0.0
2268,8.0,180.0,1.0,11.0,0.0,0.0,0.0,9.0,9.0,2.0,2.0,0.0,1.0,1,1.0,1.0,2.0,0.0
2220,3.0,180.0,0.0,9.0,0.0,0.0,0.0,89.0,89.0,31.0,31.0,1.0,1.0,7,12.0,4.0,5.0,0.0
8420,163.0,210.0,2.0,17.0,0.0,5.0,0.0,16.0,16.0,9.0,9.0,1.0,1.0,2,2.0,0.0,0.0,0.0
4044,49.0,180.0,1.0,8.0,0.0,-1.0,2.0,-1.0,0.0,1.0,1.0,0.0,2.0,2,0.0,0.0,0.0,0.0
3777,-1.0,-1.0,-1.0,-1.0,-1.0,-1.0,2.0,7.0,7.0,2.0,2.0,1.0,1.0,2,1.0,0.0,0.0,0.0
1878,3.0,250.0,1.0,15.0,0.0,0.0,0.0,9.0,9.0,2.0,2.0,0.0,1.0,1,1.0,1.0,2.0,0.0
2750,108.0,180.0,1.0,77.0,0.0,0.0,0.0,8.0,8.0,2.0,2.0,1.0,1.0,2,1.0,1.0,1.0,1.0
7371,74.0,370.0,2.0,507.0,27.0,0.0,1.0,110.0,110.0,104.0,104.0,0.0,0.0,10,2.0,0.0,0.0,0.0
719,2.0,224.0,2.0,31.0,6.0,0.0,0.0,10.0,10.0,3.0,3.0,1.0,1.0,2,1.0,1.0,1.0,1.0
5569,34.0,298.0,1.0,179.0,5.0,2.0,1.0,35.0,35.0,16.0,16.0,2.0,2.0,7,1.0,0.0,0.0,0.0
1175,18.0,250.0,1.0,15.0,0.0,0.0,0.0,19.0,19.0,9.0,9.0,1.0,1.0,2,1.0,0.0,0.0,0.0
4712,6.0,180.0,1.0,10.0,0.0,0.0,0.0,24.0,24.0,1.0,1.0,1.0,1.0,2,20.0,1.0,1.0,1.0
6098,89.0,283.0,1.0,30.0,0.0,12.0,0.0,21.0,21.0,12.0,12.0,1.0,1.0,2,6.0,0.0,0.0,0.0
9722,59.0,252.0,30.0,104.0,0.0,0.0,1.0,259.0,259.0,80.0,80.0,1.0,1.0,2,79.0,0.0,0.0,0.0
8077,62.0,413.0,1.0,208.0,25.0,0.0,1.0,47.0,47.0,40.0,40.0,0.0,0.0,12,2.0,0.0,0.0,0.0
3876,-1.0,-1.0,-1.0,-1.0,-1.0,-1.0,2.0,72.0,72.0,4.0,4.0,1.0,1.0,2,3.0,0.0,0.0,1.0
6670,67.0,265.0,1.0,21.0,0.0,1.0,0.0,11.0,11.0,3.0,3.0,2.0,2.0,7,1.0,0.0,0.0,0.0
777,17.0,242.0,1.0,10.0,10.0,0.0,0.0,21.0,21.0,11.0,11.0,1.0,1.0,2,1.0,5.0,6.0,0.0
2427,4.0,247.0,1.0,16.0,0.0,0.0,0.0,9.0,9.0,2.0,2.0,0.0,1.0,1,1.0,1.0,2.0,0.0
5275,14.0,371.0,1.0,16.0,16.0,-1.0,2.0,13.0,12.0,2.0,2.0,0.0,1.0,1,1.0,1.0,3.0,1.0
11078,82.1181382853286,380.91930185699823,4.040349071500889,919.0403490715009,29.642676214840144,0.0,1.0,61.95965092849911,61.95965092849911,55.319883642833034,55.319883642833034,0.0,0.0,4,4.0,0.0,0.0,0.0
9940,75.0,381.0,1.0,16.0,16.0,-1.0,2.0,8.0,8.0,2.0,2.0,1.0,1.0,2,1.0,1.0,1.0,1.0
1385,3.0,250.0,1.0,15.0,0.0,0.0,0.0,9.0,9.0,3.0,3.0,1.0,1.0,2,1.0,1.0,1.0,1.0
5083,421.0,410.0,36.0,805.0,40.0,369.0,1.0,17.0,17.0,6.0,6.0,2.0,2.0,7,1.0,0.0,0.0,0.0
432,2.0,180.0,0.0,8.0,0.0,0.0,0.0,10.0,10.0,3.0,3.0,1.0,1.0,2,1.0,1.0,1.0,1.0
7887,66.0,399.0,2.0,294.0,14.0,0.0,1.0,47.0,47.0,41.0,41.0,0.0,0.0,10,2.0,0.0,0.0,0.0
2636,9.0,258.0,1.0,31.0,0.0,0.0,0.0,8.0,8.0,2.0,2.0,1.0,1.0,2,1.0,1.0,1.0,1.0
2473,77.0,370.0,1.0,16.0,16.0,-1.0,2.0,9.0,9.0,2.0,2.0,0.0,1.0,2,0.0,1.0,2.0,0.0
450,7.0,201.0,1.0,996.0,0.0,0.0,0.0,10.0,10.0,3.0,3.0,1.0,1.0,2,1.0,1.0,1.0,1.0
5631,38.0,299.0,2.0,24.0,8.0,0.0,1.0,23.0,23.0,5.0,5.0,1.0,1.0,2,2.0,0.0,0.0,0.0
4158,4.0,220.0,1.0,12.0,0.0,0.0,0.0,-1.0,0.0,1.0,1.0,0.0,2.0,2,0.0,0.0,0.0,0.0
2893,4.0,180.0,1.0,9.0,0.0,0.0,0.0,9.0,9.0,3.0,3.0,1.0,1.0,2,1.0,1.0,1.0,1.0
3273,13.0,180.0,2.0,24.0,0.0,0.0,0.0,9.0,9.0,3.0,3.0,1.0,1.0,2,1.0,1.0,1.0,1.0
10214,91.68613545075777,272.0,1.671533862689443,23.014601588068327,0.0,1.671533862689443,0.0,22.68613545075777,22.68613545075777,10.68613545075777,10.68613545075777,2.0,2.0,7,1.0,0.0,0.0,0.0
7653,89.0,378.0,2.0,317.0,32.0,0.0,1.0,44.0,44.0,38.0,38.0,0.0,0.0,10,2.0,0.0,0.0,0.0
2565,59.0,224.0,1.0,407.0,0.0,1.0,1.0,41.0,41.0,15.0,15.0,1.0,1.0,2,1.0,0.0,0.0,0.0
5804,76.0,463.0,7.0,56.0,69.0,0.0,1.0,49.0,49.0,15.0,15.0,2.0,2.0,7,7.0,0.0,0.0,0.0
4073,8.0,180.0,0.0,1991.0,0.0,0.0,0.0,19.0,19.0,-1.0,9.0,11.0,-1.0,19,1.0,-1.0,-1.0,-1.0
2696,1150.0,269.0,1.0,15.0,8.0,1.0,0.0,9.0,9.0,1.0,1.0,1.0,1.0,2,1.0,1.0,2.0,1.0
3420,17.0,377.0,9.0,29.0,19.0,0.0,1.0,9.0,9.0,3.0,3.0,1.0,1.0,2,1.0,1.0,1.0,1.0
417,7.0,288.0,1.0,16.0,2.0,-1.0,2.0,11.0,11.0,3.0,3.0,0.0,1.0,1,1.0,3.0,4.0,0.0
2746,15.0,224.0,0.0,20.0,7.0,0.0,0.0,6.0,6.0,1.0,1.0,1.0,1.0,2,1.0,1.0,1.0,1.0
9447,203.0,290.0,28.0,119.0,11.0,1.0,1.0,205.0,205.0,24.0,24.0,1.0,1.0,2,24.0,0.0,0.0,0.0
5717,58.0,349.0,2.0,55.0,39.0,0.0,1.0,54.0,54.0,17.0,17.0,2.0,2.0,7,2.0,0.0,0.0,0.0
6755,66.0,262.0,1.0,21.0,0.0,1.0,0.0,31.0,31.0,28.0,28.0,0.0,0.0,7,1.0,0.0,0.0,0.0
3234,73.0,314.0,1.0,16.0,3.0,-1.0,2.0,9.0,9.0,3.0,3.0,1.0,1.0,2,1.0,1.0,1.0,1.0
4853,7.0,294.0,1.0,16.0,2.0,-1.0,2.0,-1.0,-1.0,-1.0,-1.0,-1.0,-1.0,0,-1.0,-1.0,-1.0,-1.0
10076,89.58325301071285,283.0,1.0,39.43054216845214,0.0,21.430542168452142,0.0,37.56945783154786,37.56945783154786,25.569457831547858,25.569457831547858,2.0,2.0,7,1.0,0.0,0.0,0.0
10352,48.335643831140914,335.0,1.5839109577852284,28.41608904221477,8.0,0.0,1.0,27.41608904221477,27.41608904221477,7.0,7.0,1.0,1.0,2,1.5839109577852284,0.0,0.0,0.0
3377,0.0,351.0,0.0,5.0,129.0,0.0,0.0,9.0,9.0,3.0,3.0,1.0,1.0,2,1.0,1.0,1.0,1.0
1039,6.0,250.0,1.0,15.0,0.0,0.0,0.0,13.0,13.0,2.0,2.0,1.0,1.0,2,1.0,2.0,3.0,1.0
9782,44.0,297.0,1.0,85.0,0.0,0.0,1.0,44.0,44.0,13.0,13.0,2.0,2.0,7,10.0,0.0,0.0,0.0
2851,4.0,383.0,2.0,13.0,11.0,0.0,1.0,9.0,8.0,2.0,2.0,0.0,0.0,1,1.0,2.0,3.0,0.0
7188,89.0,305.0,4.0,895.0,6.0,39.0,1.0,112.0,112.0,73.0,73.0,2.0,2.0,7,2.0,0.0,0.0,0.0
7135,78.0,283.0,1.0,30.0,0.0,12.0,0.0,9.0,9.0,4.0,4.0,1.0,1.0,2,2.0,0.0,0.0,0.0
6133,40.0,344.0,5.0,70.0,11.0,0.0,1.0,6.0,6.0,2.0,2.0,1.0,1.0,2,1.0,0.0,0.0,0.0
6016,82.0,283.0,1.0,28.0,0.0,10.0,0.0,27.0,27.0,15.0,15.0,2.0,2.0,7,1.0,0.0,0.0,0.0
7834,96.0,412.0,2.0,800.0,30.0,0.0,1.0,111.0,111.0,33.0,33.0,2.0,2.0,2,2.0,2.0,3.0,0.0
6143,77.0,262.0,1.0,21.0,0.0,1.0,0.0,34.0,34.0,22.0,22.0,2.0,2.0,7,1.0,0.0,0.0,0.0
5533,358.0,355.0,13.0,1768.0,56.0,0.0,1.0,1767.0,1767.0,26.0,26.0,2.0,2.0,7,13.0,0.0,0.0,1.0
7942,86.0,349.0,2.0,441.0,14.0,0.0,1.0,73.0,73.0,66.0,66.0,0.0,0.0,13,3.0,0.0,0.0,0.0
8834,170.0,304.0,1.0,59.0,0.0,0.0,1.0,59.0,59.0,13.0,13.0,2.0,2.0,7,2.0,0.0,0.0,0.0
4444,8.0,180.0,31.0,70.0,0.0,0.0,0.0,10.0,10.0,3.0,3.0,1.0,1.0,2,1.0,1.0,1.0,1.0
3811,-1.0,-1.0,-1.0,-1.0,-1.0,-1.0,2.0,76.0,76.0,22.0,22.0,2.0,2.0,7,7.0,1.0,1.0,2.0
7948,49.0,388.0,2.0,101.0,24.0,0.0,1.0,105.0,105.0,31.0,31.0,2.0,2.0,2,2.0,2.0,3.0,0.0
10834,11.0,271.0,1.0,60.4989219582524,8.0,1.0,1.0,6.0,6.0,2.0,2.0,1.0,1.0,2,1.0,0.0,0.0,0.0
5232,3.0,180.0,0.0,8.0,0.0,0.0,0.0,18.0,18.0,3.0,3.0,1.0,1.0,2,2.0,2.0,3.0,1.0
2927,6.0,256.0,1.0,16.0,0.0,0.0,0.0,8.0,8.0,2.0,2.0,1.0,1.0,2,1.0,1.0,1.0,1.0
5361,-1.0,-1.0,-1.0,-1.0,-1.0,-1.0,2.0,18.0,18.0,3.0,3.0,1.0,1.0,1,2.0,2.0,3.0,1.0
3974,7.0,180.0,1.0,10.0,0.0,0.0,0.0,0.0,0.0,1.0,1.0,0.0,2.0,2,0.0,0.0,0.0,0.0
1833,15.0,256.0,1.0,16.0,1.0,-1.0,2.0,9.0,9.0,2.0,2.0,0.0,1.0,1,1.0,2.0,3.0,0.0
1942,10.0,180.0,15.0,45.0,0.0,0.0,0.0,4.0,4.0,1.0,1.0,0.0,1.0,1,1.0,1.0,1.0,1.0
5509,78.0,379.0,4.0,142.0,85.0,4.0,1.0,46.0,46.0,15.0,15.0,2.0,2.0,7,4.0,0.0,0.0,0.0
7555,66.0,366.0,2.0,342.0,26.0,0.0,1.0,175.0,175.0,140.0,140.0,0.0,0.0,10,0.0,4.0,4.0,0.0
6463,79.0,262.0,1.0,21.0,0.0,1.0,0.0,25.0,25.0,13.0,13.0,2.0,2.0,7,1.0,0.0,0.0,0.0
5196,51.0,411.0,3.0,57.0,42.0,1.0,1.0,-1.0,-1.0,-1.0,-1.0,-1.0,-1.0,0,-1.0,-1.0,-1.0,-1.0
2241,-1.0,-1.0,-1.0,-1.0,-1.0,-1.0,2.0,8.0,8.0,1.0,1.0,1.0,1.0,2,1.0,0.0,0.0,0.0
3661,-1.0,-1.0,-1.0,-1.0,-1.0,-1.0,2.0,9.0,10.0,5.0,5.0,1.0,1.0,2,1.0,1.0,1.0,1.0
701,240.0,296.0,1.0,95.0,8.0,1.0,0.0,13.0,13.0,2.0,2.0,1.0,1.0,2,1.0,2.0,3.0,1.0
2426,7.0,296.0,1.0,16.0,2.0,-1.0,2.0,9.0,9.0,2.0,2.0,0.0,1.0,1,1.0,1.0,2.0,0.0
133,2.0,180.0,0.0,8.0,0.0,0.0,0.0,19.0,19.0,9.0,9.0,1.0,1.0,2,1.0,0.0,0.0,0.0
4925,90.0,180.0,1.0,77.0,0.0,0.0,0.0,10.0,10.0,3.0,3.0,1.0,1.0,2,1.0,1.0,1.0,1.0
3341,2048.0,240.0,2.0,31.0,14.0,0.0,0.0,8.0,8.0,1.0,1.0,1.0,1.0,2,1.0,0.0,0.0,0.0
2470,5.0,247.0,1.0,16.0,0.0,0.0,0.0,9.0,9.0,2.0,2.0,0.0,1.0,2,0.0,1.0,2.0,0.0
270,14.0,224.0,0.0,20.0,7.0,0.0,0.0,15.0,15.0,2.0,2.0,1.0,1.0,2,1.0,2.0,3.0,1.0
9176,20.0,283.0,1.0,10.0,0.0,1.0,0.0,21.0,21.0,3.0,3.0,1.0,1.0,2,1.0,0.0,0.0,0.0
1398,100.0,256.0,1.0,73.0,0.0,1.0,0.0,9.0,9.0,3.0,3.0,1.0,1.0,2,1.0,1.0,1.0,1.0
10320,24.404989671987263,298.0,1.0,12.0,0.0,1.0,0.0,23.392515492019104,23.392515492019104,5.607484507980895,5.607484507980895,2.0,2.0,7,1.2024948359936318,0.0,0.0,0.0
10517,1.0,358.3507789149043,1.0,7.540311565961722,21.350778914904303,0.0,0.7298442170191392,5.7298442170191395,5.7298442170191395,1.5403115659617217,1.5403115659617217,0.7298442170191392,0.7298442170191392,2,0.7298442170191392,0.0,0.0,0.0
4739,8.0,254.0,1.0,10.0,13.0,0.0,0.0,-1.0,-1.0,-1.0,-1.0,-1.0,-1.0,0,-1.0,-1.0,-1.0,-1.0
6144,72.0,262.0,1.0,21.0,0.0,1.0,0.0,158.0,158.0,23.0,23.0,3.0,3.0,10,2.0,0.0,0.0,0.0
10273,255.0,294.0157864567084,44.131260747976455,701.7898069684817,2.567433267721363,9.40459960632818,1.0,72.16283366139318,72.16283366139318,24.194406574809907,24.194406574809907,1.3134866535442726,1.3134866535442726,3,15.730266929114547,0.0,0.0,0.0
2866,7.0,239.0,1.0,10.0,8.0,0.0,1.0,59.0,59.0,40.0,40.0,1.0,1.0,13,3.0,0.0,0.0,0.0
1839,19.0,256.0,2.0,22.0,15.0,0.0,1.0,8.0,8.0,2.0,2.0,1.0,1.0,2,1.0,1.0,1.0,1.0
1019,100.0,256.0,1.0,38.0,0.0,0.0,1.0,12.0,12.0,5.0,5.0,1.0,1.0,2,1.0,2.0,3.0,0.0
6069,97.0,283.0,1.0,31.0,0.0,13.0,0.0,6.0,6.0,2.0,2.0,1.0,1.0,2,1.0,0.0,0.0,0.0
5987,33.0,298.0,1.0,12.0,0.0,1.0,0.0,11.0,11.0,3.0,3.0,2.0,2.0,7,1.0,0.0,0.0,0.0
2610,4.0,180.0,2.0,11.0,0.0,0.0,0.0,9.0,9.0,2.0,2.0,2.0,2.0,2,1.0,2.0,3.0,0.0
6715,60.0,364.0,2.0,52.0,72.0,4.0,1.0,6.0,6.0,2.0,2.0,1.0,1.0,2,1.0,0.0,0.0,0.0
960,15.0,224.0,0.0,20.0,7.0,0.0,0.0,17.0,17.0,3.0,3.0,1.0,1.0,2,7.0,1.0,1.0,1.0
10767,103.78680688995127,274.2667304045233,1.8733269595476696,210.1730401391928,0.0,0.1266730404523304,1.0,24.25334608090466,24.25334608090466,10.506692161809323,10.506692161809323,2.0,2.0,7,1.8733269595476696,0.0,0.0,0.0
10782,40.723943305066385,299.0,2.723943305066382,27.27605669493362,8.0,0.0,1.0,26.27605669493362,26.27605669493362,6.0,6.0,1.0,1.0,2,2.723943305066382,0.0,0.0,0.0
9820,17.0,229.0,4.0,21.0,0.0,0.0,1.0,36.0,36.0,11.0,11.0,2.0,2.0,7,3.0,0.0,0.0,1.0
3390,2.0,180.0,1.0,11.0,0.0,0.0,1.0,7.0,6.0,2.0,2.0,1.0,1.0,2,1.0,1.0,1.0,1.0
7326,98.0,305.0,28.0,124.0,12.0,0.0,1.0,46.0,46.0,18.0,18.0,2.0,2.0,7,6.0,0.0,0.0,0.0
6570,78.0,283.0,1.0,25.0,0.0,7.0,0.0,27.0,27.0,24.0,24.0,0.0,0.0,7,1.0,0.0,0.0,0.0
2142,17.0,377.0,9.0,29.0,19.0,0.0,1.0,8.0,8.0,2.0,2.0,1.0,1.0,2,1.0,1.0,1.0,1.0
5708,58.0,354.0,2.0,44.0,44.0,0.0,1.0,43.0,43.0,18.0,18.0,2.0,2.0,7,2.0,0.0,0.0,0.0
9441,212.0,250.0,24.0,295.0,0.0,0.0,1.0,160.0,160.0,19.0,19.0,1.0,1.0,2,19.0,0.0,0.0,0.0
1351,130.0,180.0,1.0,9.0,0.0,0.0,0.0,8.0,8.0,2.0,2.0,1.0,1.0,2,1.0,1.0,1.0,1.0
10437,68.06163491177549,392.4075476323368,1.9383650882245136,194.67798402953036,22.7157221912142,0.0,1.0,72.7157221912142,72.7157221912142,38.09937307345934,38.09937307345934,3.1849047353264592,3.1849047353264592,12,11.67798402953035,0.4691825441122568,0.4691825441122568,0.0
5982,80.0,283.0,1.0,24.0,0.0,6.0,0.0,23.0,23.0,11.0,11.0,2.0,2.0,7,1.0,0.0,0.0,0.0
9283,20.0,298.0,1.0,13.0,0.0,1.0,0.0,35.0,35.0,11.0,11.0,2.0,2.0,7,2.0,0.0,0.0,0.0
6260,88.0,262.0,1.0,21.0,0.0,1.0,0.0,-1.0,-1.0,-1.0,-1.0,-1.0,-1.0,0,-1.0,-1.0,-1.0,-1.0
10201,337.1187715294892,352.6175135328218,1.3462506151282638,295.421238312563,26.73125307564132,1.3850024605130558,1.0,83.84247662512597,83.84247662512597,28.23251107230875,28.23251107230875,1.961248154615208,1.961248154615208,10,2.3850024605130558,0.0,0.0,0.0
10663,178.7747852043207,249.34536794269485,3.4014008219821834,30.612607397839653,0.0,3.4014008219821834,0.4014008219821835,56.22521479567931,56.22521479567931,36.197198356035635,36.197198356035635,2.0,2.0,7,2.2042024659465507,0.0,0.0,0.0
1579,2.0,180.0,1.0,111612.0,0.0,0.0,0.0,7.0,7.0,1.0,1.0,1.0,1.0,2,1.0,1.0,1.0,1.0
5136,85.0,180.0,4.0,127.0,0.0,0.0,1.0,16.0,17.0,8.0,8.0,1.0,1.0,2,1.0,3.0,4.0,0.0
5170,41.0,395.0,2.0,50.0,31.0,1.0,1.0,-1.0,-1.0,-1.0,-1.0,-1.0,-1.0,0,-1.0,-1.0,-1.0,-1.0
4866,9.0,204.0,4.0,302.0,0.0,4.0,1.0,19.0,19.0,9.0,9.0,1.0,1.0,2,1.0,0.0,0.0,0.0
2292,9.0,180.0,1.0,9.0,0.0,0.0,0.0,7.0,6.0,1.0,1.0,0.0,1.0,2,1.0,1.0,2.0,0.0
1927,2.0,180.0,1.0,263987.0,0.0,0.0,0.0,9.0,9.0,3.0,3.0,1.0,1.0,2,1.0,1.0,1.0,1.0
2193,15.0,320.0,7.0,25.0,20.0,0.0,1.0,9.0,9.0,3.0,3.0,1.0,1.0,2,1.0,1.0,1.0,1.0
3658,-1.0,-1.0,-1.0,-1.0,-1.0,-1.0,2.0,66.0,66.0,32.0,32.0,3.0,3.0,10,10.0,1.0,1.0,1.0
1215,26.0,246.0,1.0,10.0,7.0,0.0,0.0,10.0,10.0,3.0,3.0,1.0,1.0,2,1.0,1.0,1.0,1.0
2855,60.0,288.0,1.0,10.0,12.0,0.0,1.0,8.0,8.0,2.0,2.0,1.0,1.0,2,1.0,1.0,1.0,1.0
1265,8.0,180.0,1.0,9.0,0.0,0.0,0.0,10.0,10.0,3.0,3.0,1.0,1.0,2,1.0,1.0,1.0,1.0
2966,7.0,250.0,1.0,15.0,0.0,0.0,0.0,8.0,8.0,2.0,2.0,1.0,1.0,2,1.0,1.0,1.0,1.0
5154,34.0,704.0,4.0,72.0,214.0,0.0,1.0,-1.0,-1.0,-1.0,-1.0,-1.0,-1.0,0,-1.0,-1.0,-1.0,-1.0
1456,3.0,180.0,1.0,111612.0,0.0,0.0,0.0,6.0,6.0,3.0,3.0,1.0,1.0,2,1.0,1.0,1.0,1.0
5976,32.0,260.0,1.0,12.0,0.0,1.0,0.0,11.0,11.0,3.0,3.0,2.0,2.0,7,1.0,0.0,0.0,0.0
4502,8.0,211.0,1.0,10.0,0.0,0.0,1.0,-1.0,-1.0,-1.0,-1.0,-1.0,-1.0,0,-1.0,-1.0,-1.0,-1.0
2945,11.0,224.0,0.0,20.0,7.0,0.0,0.0,8.0,7.0,2.0,2.0,1.0,1.0,2,1.0,0.0,1.0,1.0
7702,75.0,412.0,2.0,700.0,43.0,0.0,1.0,55.0,55.0,49.0,49.0,0.0,0.0,10,2.0,0.0,0.0,0.0
7101,59.0,283.0,1.0,29.0,0.0,11.0,0.0,32.0,32.0,20.0,20.0,2.0,2.0,7,1.0,0.0,0.0,0.0
819,4.0,180.0,1.0,14.0,0.0,0.0,0.0,11.0,11.0,2.0,2.0,0.0,1.0,1,2.0,1.0,2.0,1.0
9935,77.0,348.0,1.0,16.0,3.0,-1.0,2.0,8.0,8.0,2.0,2.0,1.0,1.0,2,1.0,1.0,1.0,1.0
8229,42.0,376.0,1.0,13.0,13.0,0.0,1.0,12.0,12.0,3.0,3.0,1.0,1.0,2,1.0,0.0,0.0,0.0
244,14.0,224.0,0.0,20.0,7.0,0.0,0.0,20.0,20.0,6.0,6.0,2.0,2.0,7,2.0,2.0,4.0,0.0
5055,74.0,364.0,1.0,16.0,16.0,-1.0,2.0,-1.0,-1.0,-1.0,-1.0,-1.0,-1.0,0,-1.0,-1.0,-1.0,-1.0
7313,73.0,276.0,1.0,60.0,0.0,1.0,1.0,22.0,22.0,19.0,19.0,0.0,0.0,7,1.0,0.0,0.0,0.0
1393,12.0,180.0,1.0,9.0,0.0,0.0,0.0,9.0,9.0,2.0,2.0,0.0,1.0,1,1.0,1.0,2.0,0.0
434,14.0,224.0,0.0,20.0,7.0,0.0,0.0,10.0,10.0,2.0,2.0,1.0,1.0,2,1.0,1.0,2.0,0.0
9849,27.0,271.0,2.0,70.0,8.0,0.0,1.0,81.0,81.0,14.0,14.0,4.0,4.0,10,4.0,0.0,0.0,0.0
8639,255.0,353.0,22.0,292.0,34.0,3.0,1.0,304.0,304.0,55.0,55.0,2.0,2.0,7,36.0,0.0,0.0,0.0
8305,291.0,361.0,7.0,3764.0,15.0,0.0,1.0,121.0,121.0,47.0,47.0,2.0,2.0,2,2.0,2.0,3.0,0.0
7149,87.0,484.0,1.0,148.0,71.0,0.0,1.0,143.0,143.0,30.0,30.0,4.0,4.0,10,17.0,0.0,0.0,0.0
5847,51.0,375.0,10.0,50.0,31.0,0.0,1.0,49.0,49.0,10.0,10.0,1.0,1.0,2,10.0,0.0,0.0,0.0
8041,359.0,381.0,6.0,1572.0,29.0,0.0,1.0,55.0,55.0,47.0,47.0,0.0,0.0,13,4.0,0.0,0.0,0.0
657,8.0,180.0,1.0,11.0,0.0,0.0,0.0,28.0,28.0,10.0,10.0,1.0,1.0,2,9.0,1.0,2.0,1.0
477,2.0,180.0,1.0,111612.0,0.0,0.0,0.0,12.0,12.0,3.0,3.0,1.0,1.0,2,1.0,1.0,2.0,0.0
2162,2.0,180.0,0.0,10.0,0.0,0.0,0.0,7.0,7.0,1.0,1.0,1.0,1.0,2,1.0,1.0,1.0,1.0
4807,54.0,226.0,6.0,38.0,0.0,0.0,1.0,15.0,15.0,2.0,2.0,1.0,1.0,2,1.0,1.0,2.0,0.0
8157,54.0,377.0,4.0,59.0,38.0,0.0,1.0,296.0,296.0,42.0,42.0,2.0,2.0,7,12.0,0.0,0.0,0.0
7677,322.0,390.0,4.0,517.0,30.0,0.0,1.0,181.0,181.0,66.0,66.0,1.0,1.0,2,3.0,2.0,2.0,0.0
8770,302.0,273.0,1.0,84.0,0.0,1.0,1.0,83.0,83.0,34.0,34.0,2.0,2.0,7,1.0,0.0,0.0,0.0
2685,7.0,180.0,1.0,10.0,0.0,0.0,0.0,8.0,8.0,2.0,2.0,1.0,1.0,2,1.0,0.0,1.0,1.0
495,11.0,258.0,1.0,31.0,0.0,0.0,0.0,15.0,15.0,2.0,2.0,1.0,1.0,2,1.0,1.0,2.0,0.0
8536,143.0,298.0,9.0,53.0,0.0,9.0,0.0,24.0,24.0,12.0,12.0,2.0,2.0,7,1.0,0.0,0.0,0.0
7991,65.0,393.0,2.0,495.0,30.0,0.0,1.0,58.0,58.0,50.0,50.0,0.0,0.0,13,4.0,0.0,0.0,0.0
6891,83.0,283.0,1.0,32.0,0.0,14.0,0.0,11.0,11.0,3.0,3.0,2.0,2.0,7,1.0,0.0,0.0,0.0
8520,111.0,283.0,2.0,49.0,0.0,28.0,0.0,6.0,6.0,2.0,2.0,1.0,1.0,2,1.0,0.0,0.0,0.0
845,15.0,224.0,0.0,20.0,7.0,0.0,0.0,25.0,25.0,8.0,8.0,2.0,2.0,7,2.0,1.0,2.0,0.0
894,33.0,330.0,2.0,20.0,13.0,2.0,1.0,10.0,10.0,3.0,3.0,1.0,1.0,2,1.0,1.0,1.0,1.0
1272,2048.0,256.0,1.0,15.0,0.0,0.0,0.0,15.0,15.0,2.0,2.0,1.0,1.0,2,1.0,2.0,3.0,1.0
9220,123.0,283.0,1.0,170.0,0.0,1.0,1.0,26.0,26.0,14.0,14.0,2.0,2.0,7,1.0,0.0,0.0,0.0
8852,177.0,304.0,1.0,63.0,0.0,0.0,1.0,63.0,63.0,15.0,15.0,2.0,2.0,7,2.0,0.0,0.0,0.0
5066,9.0,292.0,1.0,10.0,13.0,0.0,1.0,-1.0,-1.0,-1.0,-1.0,-1.0,-1.0,0,-1.0,-1.0,-1.0,-1.0
6525,87.0,283.0,1.0,24.0,0.0,6.0,0.0,31.0,31.0,19.0,19.0,2.0,2.0,7,1.0,0.0,0.0,0.0
907,9.0,258.0,1.0,31.0,0.0,0.0,0.0,12.0,12.0,3.0,3.0,1.0,1.0,2,0.0,2.0,3.0,0.0
4846,400.0,285.0,3.0,127.0,0.0,1.0,0.0,-1.0,0.0,1.0,1.0,0.0,1.0,2,0.0,0.0,0.0,0.0
563,9.0,180.0,1.0,9.0,0.0,0.0,0.0,19.0,19.0,6.0,6.0,2.0,2.0,2,1.0,1.0,2.0,0.0
10307,92.592418433576,426.94651771032113,3.0,552.2694680719486,29.66147518081371,0.0,1.0,82.43873048154173,82.43873048154173,74.52336168633829,74.52336168633829,0.0,0.0,10,3.915368795203428,0.0,0.0,0.0
4382,7.0,180.0,1.0,10.0,0.0,0.0,0.0,10.0,10.0,2.0,2.0,1.0,1.0,2,1.0,1.0,1.0,0.0
2879,17.0,242.0,1.0,10.0,10.0,0.0,0.0,9.0,9.0,3.0,3.0,1.0,1.0,2,1.0,1.0,1.0,1.0
8737,25.0,297.0,6.0,30.0,0.0,0.0,1.0,29.0,29.0,7.0,7.0,1.0,1.0,2,6.0,0.0,0.0,0.0
8076,76.0,449.0,1.0,220.0,25.0,0.0,1.0,45.0,45.0,40.0,40.0,0.0,0.0,10,1.0,0.0,0.0,0.0
7786,81.0,396.0,2.0,409.0,16.0,0.0,1.0,127.0,127.0,54.0,54.0,4.0,4.0,10,2.0,0.0,0.0,0.0
19,8.0,235.0,3.0,16.0,29.0,0.0,1.0,15.0,15.0,4.0,4.0,1.0,1.0,2,3.0,1.0,2.0,1.0
5880,58.0,301.0,2.0,68.0,7.0,0.0,1.0,67.0,67.0,8.0,8.0,2.0,2.0,7,2.0,0.0,0.0,1.0
2060,2048.0,180.0,1.0,111714.0,0.0,0.0,0.0,9.0,9.0,3.0,3.0,1.0,1.0,2,1.0,1.0,2.0,0.0
1709,10.0,298.0,1.0,10.0,19.0,0.0,1.0,9.0,9.0,2.0,2.0,0.0,1.0,1,1.0,1.0,2.0,0.0
123,8.0,246.0,1.0,19.0,0.0,0.0,0.0,19.0,19.0,9.0,9.0,1.0,1.0,2,1.0,0.0,0.0,0.0
6140,87.0,272.0,1.0,21.0,0.0,1.0,0.0,46.0,46.0,34.0,34.0,0.0,0.0,10,2.0,0.0,0.0,0.0
6273,351.0,282.0,8.0,80.0,0.0,8.0,1.0,54.0,54.0,12.0,12.0,2.0,2.0,7,5.0,0.0,0.0,0.0
10897,74.85225065317204,265.0,1.0,21.0,0.0,1.0,0.0,6.0,6.0,2.0,2.0,1.0,1.0,2,1.0,0.0,0.0,0.0
839,8.0,180.0,1.0,11.0,0.0,0.0,0.0,25.0,25.0,3.0,3.0,1.0,1.0,2,1.0,0.0,0.0,1.0
7219,63.0,327.0,5.0,45.0,37.0,0.0,1.0,68.0,68.0,41.0,41.0,2.0,2.0,7,2.0,0.0,0.0,0.0
6106,94.0,283.0,2.0,33.0,0.0,12.0,0.0,6.0,6.0,2.0,2.0,1.0,1.0,2,1.0,0.0,0.0,0.0
5366,-1.0,-1.0,-1.0,-1.0,-1.0,-1.0,2.0,20.0,20.0,4.0,4.0,1.0,1.0,2,3.0,3.0,4.0,1.0
2392,76.0,376.0,1.0,16.0,16.0,-1.0,2.0,9.0,9.0,2.0,2.0,0.0,1.0,2,0.0,1.0,2.0,0.0
6289,91.0,283.0,1.0,33.0,0.0,15.0,0.0,6.0,6.0,2.0,2.0,1.0,1.0,2,1.0,0.0,0.0,0.0
8081,399.0,354.0,9.0,2609.0,24.0,0.0,1.0,128.0,128.0,107.0,107.0,0.0,0.0,2,0.0,0.0,0.0,0.0
9444,112.0,250.0,16.0,213.0,0.0,0.0,1.0,202.0,202.0,25.0,25.0,1.0,1.0,2,25.0,0.0,0.0,0.0
4874,77.0,301.0,1.0,16.0,16.0,-1.0,2.0,-1.0,-1.0,-1.0,-1.0,-1.0,-1.0,0,-1.0,-1.0,-1.0,-1.0
5471,400.0,273.0,1.0,572.0,0.0,207.0,1.0,571.0,571.0,378.0,378.0,2.0,2.0,7,1.0,0.0,0.0,0.0
6033,83.0,283.0,1.0,27.0,0.0,9.0,0.0,26.0,26.0,14.0,14.0,2.0,2.0,7,1.0,0.0,0.0,0.0
7789,86.0,384.0,3.0,463.0,16.0,0.0,1.0,65.0,65.0,59.0,59.0,0.0,0.0,10,2.0,0.0,0.0,0.0
2212,284.0,180.0,2.0,62.0,0.0,0.0,1.0,9.0,9.0,2.0,2.0,0.0,1.0,1,1.0,1.0,2.0,0.0
857,17.0,249.0,1.0,10.0,12.0,0.0,0.0,12.0,12.0,3.0,3.0,1.0,1.0,2,0.0,2.0,3.0,0.0
10344,92.94729294118859,269.0263535294057,1.493411617648574,47.493411617648576,0.4934116176485741,0.0,1.0,4.84870622548666,4.84870622548666,1.506588382351426,1.506588382351426,0.6710589215676173,0.6710589215676173,1,0.6710589215676173,-0.16447053921619137,-0.16447053921619137,-0.16447053921619137
4063,566.0,180.0,1.0,127.0,0.0,0.0,1.0,-1.0,-1.0,-1.0,-1.0,-1.0,-1.0,0,-1.0,-1.0,-1.0,-1.0
4202,604.0,180.0,1.0,127.0,0.0,0.0,1.0,-1.0,0.0,1.0,1.0,0.0,2.0,2,0.0,0.0,1.0,0.0
1236,17.0,255.0,1.0,10.0,5.0,0.0,0.0,15.0,15.0,2.0,2.0,1.0,1.0,2,1.0,1.0,2.0,0.0
2699,2.0,180.0,0.0,8.0,0.0,0.0,0.0,9.0,9.0,2.0,2.0,0.0,1.0,2,0.0,1.0,2.0,0.0
10465,336.920286927968,375.42445236280605,75.42278618887083,300.5788799850644,83.58054615899962,2.4373958641290483,1.0,299.5788799850644,299.5788799850644,86.86018205299987,86.86018205299987,2.0,2.0,7,75.42278618887083,0.0,0.0,0.0
4822,5.0,256.0,1.0,15.0,0.0,0.0,0.0,-1.0,0.0,1.0,1.0,0.0,1.0,2,0.0,0.0,0.0,0.0
3174,11.0,180.0,5.0,88.0,0.0,0.0,1.0,8.0,8.0,2.0,2.0,1.0,1.0,2,1.0,1.0,1.0,1.0
3488,38.0,256.0,1.0,28.0,0.0,4.0,0.0,8.0,8.0,2.0,2.0,1.0,1.0,2,1.0,1.0,1.0,1.0
4125,4.0,504.0,2.0,14.0,14.0,0.0,1.0,19.0,19.0,9.0,9.0,1.0,1.0,2,1.0,0.0,0.0,0.0
4934,7.0,239.0,1.0,10.0,8.0,0.0,1.0,0.0,1.0,1.0,0.0,1.0,1.0,2,0.0,0.0,0.0,0.0
6958,77.0,272.0,1.0,21.0,0.0,1.0,0.0,30.0,30.0,18.0,18.0,2.0,2.0,7,1.0,0.0,0.0,0.0
9279,26.0,293.0,2.0,75.0,0.0,0.0,1.0,11.0,11.0,3.0,3.0,2.0,2.0,7,1.0,0.0,0.0,0.0
6921,84.0,283.0,1.0,30.0,0.0,12.0,0.0,33.0,33.0,21.0,21.0,2.0,2.0,7,1.0,0.0,0.0,0.0
10053,23.141274039566195,298.0,1.0,12.971745192086761,0.0,1.0,0.0,45.971745192086765,45.971745192086765,33.971745192086765,33.971745192086765,1.9434903841735225,1.9434903841735225,7,1.0282548079132388,0.0,0.0,0.0
6520,94.0,283.0,1.0,29.0,0.0,11.0,0.0,136.0,136.0,31.0,31.0,2.0,2.0,7,1.0,0.0,0.0,0.0
275,14.0,224.0,0.0,20.0,7.0,0.0,0.0,17.0,17.0,3.0,3.0,1.0,1.0,2,7.0,1.0,1.0,1.0
6887,52.0,298.0,1.0,13.0,0.0,1.0,0.0,12.0,12.0,4.0,4.0,2.0,2.0,7,1.0,0.0,0.0,0.0
2578,17.0,180.0,1.0,10.0,0.0,0.0,0.0,32.0,32.0,9.0,9.0,1.0,1.0,2,1.0,0.0,0.0,0.0
7979,93.0,433.0,2.0,765.0,31.0,0.0,1.0,52.0,52.0,46.0,46.0,0.0,0.0,10,2.0,0.0,0.0,0.0
4193,9.0,180.0,1.0,9.0,0.0,0.0,0.0,19.0,19.0,9.0,9.0,1.0,1.0,2,1.0,0.0,0.0,0.0
4136,7.0,248.0,1.0,19.0,0.0,0.0,0.0,-1.0,-1.0,-1.0,-1.0,-1.0,-1.0,0,-1.0,-1.0,-1.0,-1.0
2632,7.0,180.0,1.0,11.0,0.0,0.0,0.0,8.0,7.0,2.0,2.0,1.0,1.0,2,1.0,0.0,1.0,1.0
9390,272.0,287.0,5.0,88.0,0.0,0.0,1.0,49.0,49.0,23.0,23.0,2.0,2.0,7,6.0,0.0,0.0,0.0
329,4.0,256.0,1.0,15.0,0.0,0.0,0.0,19.0,19.0,9.0,9.0,1.0,1.0,2,1.0,0.0,0.0,0.0
7779,88.0,385.0,2.0,428.0,16.0,0.0,1.0,92.0,92.0,85.0,85.0,0.0,0.0,12,0.0,0.0,0.0,0.0
7025,89.0,471.0,1.0,82.0,23.0,1.0,1.0,6.0,6.0,2.0,2.0,1.0,1.0,2,1.0,0.0,0.0,0.0
3371,404.0,180.0,1.0,7.0,0.0,0.0,0.0,9.0,9.0,3.0,3.0,1.0,1.0,2,1.0,1.0,1.0,1.0
4205,74.0,362.0,1.0,16.0,16.0,-1.0,2.0,-1.0,0.0,1.0,1.0,0.0,2.0,2,0.0,0.0,1.0,0.0
3044,9.0,180.0,1.0,9.0,0.0,0.0,0.0,4.0,4.0,1.0,1.0,1.0,1.0,2,1.0,1.0,1.0,1.0
5965,98.0,283.0,1.0,35.0,0.0,17.0,0.0,34.0,34.0,22.0,22.0,2.0,2.0,7,1.0,0.0,0.0,0.0
10718,95.61823334675353,380.7863249899348,4.809116673376765,481.7022791683442,17.0,0.0,1.0,77.51139584172095,77.51139584172095,68.40455833668838,68.40455833668838,0.0,0.0,10,5.1068375050325745,0.0,0.0,0.0
3643,-1.0,-1.0,-1.0,-1.0,-1.0,-1.0,2.0,8.0,8.0,1.0,1.0,1.0,1.0,2,1.0,0.0,0.0,0.0
3140,22.0,258.0,1.0,10.0,7.0,0.0,0.0,6.0,6.0,2.0,2.0,1.0,1.0,2,1.0,0.0,0.0,0.0
4892,38.0,180.0,1.0,11.0,0.0,0.0,0.0,-1.0,0.0,1.0,1.0,0.0,1.0,2,0.0,0.0,0.0,0.0
3696,-1.0,-1.0,-1.0,-1.0,-1.0,-1.0,2.0,47.0,47.0,42.0,41.0,0.0,0.0,10,1.0,0.0,0.0,0.0
3904,40.0,395.0,2.0,63.0,21.0,1.0,1.0,65.0,65.0,10.0,10.0,2.0,2.0,7,2.0,0.0,0.0,0.0
10860,41.329120457406134,395.8064300918249,2.020103475599278,122.40953435980325,26.429637835402527,0.0,1.0,206.04767179901626,206.04767179901626,198.57782701241516,198.57782701241516,0.0,0.0,10,3.4698447866010826,0.0,0.0,0.0
8083,87.0,340.0,8.0,1140.0,14.0,0.0,1.0,125.0,125.0,112.0,112.0,0.0,0.0,10,9.0,0.0,0.0,0.0
11009,139.23319249191496,275.33192491914974,1.0,51.0,0.0,7.695352233194178,0.7668075080850248,124.0672300323401,124.0672300323401,18.699577475744924,18.699577475744924,2.0,2.0,7,1.0,0.0,0.0,0.0
655,7.0,180.0,1.0,10.0,0.0,0.0,0.0,28.0,28.0,10.0,10.0,1.0,1.0,2,9.0,1.0,2.0,1.0
570,15.0,224.0,0.0,20.0,7.0,0.0,0.0,22.0,22.0,7.0,7.0,1.0,1.0,2,6.0,1.0,2.0,1.0
10668,38.0,299.0,1.753680852317888,23.507361704635777,8.0,0.24631914768211205,1.0,22.507361704635777,22.507361704635777,5.0,5.0,1.0,1.0,2,1.753680852317888,0.0,0.0,0.0
1865,17.0,362.0,8.0,27.0,19.0,0.0,1.0,8.0,7.0,2.0,2.0,1.0,1.0,2,1.0,1.0,1.0,1.0
10565,90.54923969779026,464.9015206044195,1.0,82.93654962223782,17.612690075552436,1.0,1.0,34.387309924447564,34.387309924447564,31.387309924447564,31.387309924447564,0.0,0.0,7,1.0,0.0,0.0,0.0
7239,67.0,305.0,2.0,434.0,6.0,27.0,1.0,157.0,157.0,110.0,110.0,2.0,2.0,7,4.0,0.0,0.0,0.0
683,14.0,224.0,0.0,20.0,7.0,0.0,0.0,14.0,14.0,6.0,6.0,1.0,1.0,2,1.0,3.0,4.0,0.0
7902,84.0,391.0,2.0,522.0,30.0,0.0,1.0,52.0,52.0,46.0,46.0,0.0,0.0,10,2.0,0.0,0.0,0.0
8754,110.0,300.0,17.0,119.0,21.0,0.0,1.0,118.0,118.0,48.0,48.0,2.0,2.0,7,17.0,0.0,0.0,0.0
8624,155.0,327.0,4.0,722.0,24.0,5.0,1.0,48.0,48.0,42.0,42.0,0.0,0.0,10,2.0,0.0,0.0,0.0
2190,14.0,480.0,9.0,29.0,11.0,0.0,1.0,8.0,8.0,2.0,2.0,1.0,1.0,2,1.0,1.0,1.0,1.0
7973,53.0,363.0,2.0,203.0,30.0,0.0,1.0,1215.0,1215.0,383.0,383.0,1.0,1.0,2,2.0,2.0,3.0,0.0
10898,71.31812644425065,262.0,1.0,21.0,0.0,1.0,0.0,11.318126444250652,11.318126444250652,3.3181264442506517,3.3181264442506517,2.0,2.0,7,1.0,0.0,0.0,0.0
3099,8.0,292.0,3.0,17.0,84.0,0.0,1.0,8.0,8.0,2.0,2.0,1.0,1.0,2,1.0,1.0,1.0,1.0
4169,4.0,180.0,1.0,9.0,0.0,0.0,0.0,-1.0,-1.0,-1.0,-1.0,-1.0,-1.0,0,-1.0,-1.0,-1.0,-1.0
2591,54.0,226.0,6.0,38.0,0.0,0.0,1.0,9.0,9.0,3.0,3.0,1.0,1.0,2,1.0,1.0,1.0,1.0
9357,28.0,298.0,1.0,12.0,0.0,1.0,0.0,120.0,120.0,24.0,24.0,2.0,2.0,7,1.0,0.0,0.0,0.0
9802,17.0,229.0,10.0,46.0,0.0,0.0,1.0,67.0,67.0,19.0,19.0,1.0,1.0,2,19.0,0.0,0.0,0.0
8122,50.0,318.0,8.0,203.0,25.0,0.0,1.0,238.0,238.0,20.0,20.0,2.0,2.0,7,4.0,0.0,0.0,0.0
3408,76.0,320.0,1.0,16.0,16.0,-1.0,2.0,8.0,8.0,2.0,2.0,1.0,1.0,2,1.0,1.0,1.0,1.0
9862,77.0,375.0,1.0,16.0,16.0,-1.0,2.0,9.0,9.0,3.0,3.0,1.0,1.0,2,1.0,1.0,1.0,1.0
610,45.0,180.0,1.0,12.0,0.0,0.0,0.0,19.0,19.0,9.0,9.0,1.0,1.0,2,1.0,0.0,0.0,0.0
7746,88.0,409.0,1.0,589.0,29.0,0.0,1.0,377.0,377.0,310.0,310.0,0.0,0.0,10,1.0,0.0,0.0,0.0
11113,343.7151098945444,314.0452608482147,16.21655220999715,1327.196359793659,23.49855768454727,1.8575549472722093,1.0,125.50144231545273,125.50144231545273,28.93166210454157,28.93166210454157,2.0,2.0,7,15.07410715726936,0.14244505272779073,0.2136675790916861,0.14244505272779073
10014,7.0,322.0,3.0,17.0,84.0,0.0,1.0,9.0,9.0,3.0,3.0,1.0,1.0,2,1.0,1.0,1.0,1.0
560,400.0,285.0,3.0,127.0,0.0,1.0,0.0,19.0,19.0,9.0,9.0,1.0,1.0,2,1.0,0.0,0.0,0.0
435,47.0,331.0,3.0,21.0,11.0,3.0,1.0,19.0,19.0,9.0,9.0,1.0,1.0,2,1.0,0.0,0.0,0.0
8222,2.0,371.0,1.0,16.0,16.0,0.0,1.0,15.0,15.0,1.0,1.0,1.0,1.0,2,1.0,0.0,0.0,0.0
1596,3.0,218.0,1.0,10.0,0.0,0.0,0.0,9.0,9.0,3.0,3.0,1.0,1.0,2,1.0,1.0,1.0,1.0
2765,15.0,256.0,1.0,16.0,0.0,0.0,0.0,7.0,6.0,2.0,2.0,1.0,1.0,2,1.0,1.0,1.0,1.0
11092,251.8619026387389,372.2669364126665,3.0,559.5534981533654,24.212883905140536,0.0,1.0,206.38208232093191,206.38208232093191,39.05294379920487,39.05294379920487,2.0,2.0,7,2.0,1.0,2.0,0.0
10983,21.270446281939467,298.0,1.0,12.729553718060533,0.0,1.0,0.0,20.729553718060533,20.729553718060533,8.188661154181599,8.188661154181599,2.0,2.0,7,1.0,0.0,0.0,0.0
10776,82.04583371301598,368.0,2.6717593014462206,598.5648139710756,18.923610478306692,0.0,1.0,46.96944419132268,46.96944419132268,42.98472209566134,42.98472209566134,0.0,0.0,8,1.3282406985537796,0.0,0.0,0.0
3792,-1.0,-1.0,-1.0,-1.0,-1.0,-1.0,2.0,5.0,5.0,0.0,0.0,1.0,1.0,2,1.0,0.0,0.0,0.0
2869,345.0,266.0,1.0,49.0,0.0,0.0,0.0,5.0,5.0,1.0,1.0,1.0,1.0,1,1.0,1.0,1.0,0.0
7510,319.0,361.0,2.0,167.0,24.0,0.0,1.0,419.0,419.0,413.0,413.0,0.0,0.0,7,2.0,0.0,0.0,0.0
8435,110.0,283.0,2.0,52.0,0.0,28.0,0.0,51.0,51.0,36.0,36.0,2.0,2.0,7,2.0,0.0,0.0,0.0
2601,9.0,180.0,1.0,10.0,0.0,0.0,0.0,9.0,9.0,3.0,3.0,1.0,1.0,2,1.0,1.0,1.0,1.0
9492,26.0,289.0,4.0,160.0,1.0,0.0,1.0,23.0,23.0,6.0,6.0,2.0,2.0,7,2.0,0.0,0.0,0.0
10229,66.64368723025053,351.94909817575007,3.8981963515001548,52.64368723025054,41.94909817575008,0.0,1.0,51.64368723025054,51.64368723025054,20.84729452725023,20.84729452725023,2.0,2.0,7,3.8981963515001548,0.0,0.0,0.05090182424992262
5525,70.0,519.0,25.0,93.0,92.0,0.0,1.0,92.0,92.0,26.0,26.0,2.0,2.0,7,25.0,0.0,0.0,0.0
6359,61.0,272.0,1.0,21.0,0.0,1.0,0.0,26.0,26.0,14.0,14.0,2.0,2.0,7,1.0,0.0,0.0,0.0
6799,75.0,262.0,1.0,21.0,0.0,1.0,0.0,24.0,24.0,12.0,12.0,2.0,2.0,7,1.0,0.0,0.0,0.0
9151,28.0,298.0,1.0,12.0,0.0,1.0,0.0,130.0,130.0,22.0,22.0,2.0,2.0,7,1.0,0.0,0.0,0.0
661,16.0,180.0,1.0,10.0,0.0,0.0,0.0,27.0,27.0,9.0,9.0,1.0,1.0,2,6.0,2.0,3.0,1.0
9136,21.0,240.0,1.0,14.0,0.0,0.0,1.0,31.0,31.0,28.0,28.0,0.0,0.0,7,1.0,0.0,0.0,0.0
7372,68.0,360.0,1.0,431.0,37.0,0.0,1.0,53.0,53.0,47.0,47.0,0.0,0.0,10,2.0,0.0,0.0,0.0
100,9.0,180.0,1.0,9.0,0.0,0.0,0.0,22.0,22.0,7.0,7.0,1.0,1.0,2,6.0,1.0,2.0,1.0
1467,14.0,256.0,1.0,16.0,0.0,0.0,0.0,9.0,9.0,3.0,3.0,1.0,1.0,2,1.0,1.0,1.0,1.0
4986,8.0,180.0,1.0,10.0,0.0,0.0,0.0,17.0,17.0,4.0,4.0,2.0,2.0,7,1.0,1.0,2.0,0.0
10933,95.7934651949572,344.032674025214,2.0,889.1233016437043,14.0,0.0,1.0,83.6196044151284,83.6196044151284,72.4130696100856,72.4130696100856,0.0,0.0,11,6.67755800840467,0.0,0.0,0.0
6813,86.0,283.0,1.0,48.0,0.0,11.0,0.0,28.0,27.0,15.0,15.0,2.0,2.0,7,1.0,0.0,0.0,0.0
7259,82.0,226.0,4.0,343.0,0.0,0.0,1.0,181.0,181.0,134.0,134.0,2.0,2.0,7,4.0,0.0,0.0,0.0
3210,99.0,243.0,1.0,40.0,14.0,4.0,1.0,9.0,9.0,3.0,3.0,1.0,1.0,2,1.0,1.0,1.0,1.0
2821,15.0,224.0,0.0,20.0,7.0,0.0,0.0,8.0,8.0,1.0,1.0,1.0,1.0,2,1.0,0.0,0.0,1.0
981,13.0,180.0,1.0,348.0,0.0,0.0,0.0,13.0,13.0,2.0,2.0,1.0,1.0,2,1.0,2.0,3.0,1.0
7152,81.0,262.0,1.0,21.0,0.0,1.0,0.0,65.0,65.0,62.0,62.0,0.0,0.0,7,1.0,0.0,0.0,0.0
2553,16.0,180.0,1.0,10.0,0.0,0.0,0.0,6.0,6.0,3.0,3.0,1.0,1.0,2,1.0,1.0,1.0,1.0
2343,5.0,180.0,1.0,10.0,0.0,0.0,0.0,9.0,9.0,2.0,2.0,0.0,1.0,2,0.0,1.0,2.0,0.0
7168,80.0,262.0,1.0,21.0,0.0,1.0,0.0,23.0,23.0,11.0,11.0,2.0,2.0,7,1.0,0.0,0.0,0.0
10212,57.42023537607687,323.2239145353636,4.401839579643351,56.59816042035665,22.59816042035665,0.0,1.0,55.59816042035665,55.59816042035665,19.205518738930053,19.205518738930053,2.0,2.0,7,4.401839579643351,0.0,0.0,0.0
4489,7.0,180.0,1.0,10.0,0.0,0.0,0.0,-1.0,0.0,1.0,1.0,0.0,2.0,2,0.0,0.0,1.0,0.0
7178,75.0,226.0,3.0,549.0,0.0,31.0,1.0,47.0,47.0,24.0,24.0,2.0,2.0,7,2.0,0.0,0.0,0.0
7256,90.0,226.0,3.0,702.0,0.0,40.0,1.0,86.0,86.0,44.0,44.0,2.0,2.0,7,5.0,0.0,0.0,0.0
1240,4.0,180.0,1.0,9.0,0.0,0.0,0.0,21.0,21.0,11.0,11.0,1.0,1.0,2,1.0,5.0,6.0,0.0
7658,49.0,356.0,2.0,233.0,27.0,0.0,1.0,84.0,84.0,31.0,31.0,3.0,3.0,10,2.0,0.0,0.0,0.0
6496,47.0,525.0,5.0,349.0,76.0,0.0,1.0,11.0,11.0,3.0,3.0,2.0,2.0,7,1.0,0.0,0.0,0.0
8040,83.0,389.0,3.0,462.0,36.0,0.0,1.0,156.0,156.0,146.0,146.0,0.0,0.0,12,6.0,0.0,0.0,0.0
3849,33.0,554.0,3.0,70.0,126.0,0.0,1.0,71.0,71.0,4.0,4.0,1.0,1.0,2,3.0,0.0,0.0,1.0
6844,58.0,265.0,1.0,21.0,0.0,1.0,0.0,32.0,32.0,6.0,6.0,1.0,1.0,2,1.0,0.0,0.0,0.0
788,77.0,372.0,1.0,16.0,16.0,-1.0,2.0,19.0,19.0,9.0,9.0,1.0,1.0,2,1.0,0.0,0.0,0.0
7094,77.0,283.0,1.0,31.0,0.0,13.0,0.0,28.0,28.0,16.0,16.0,2.0,2.0,7,1.0,0.0,0.0,0.0
6164,78.0,290.0,2.0,77.0,1.0,0.0,1.0,41.0,41.0,29.0,29.0,2.0,2.0,7,1.0,0.0,0.0,0.0
3026,305.0,180.0,1.0,9.0,0.0,0.0,0.0,8.0,8.0,2.0,2.0,1.0,1.0,2,1.0,1.0,1.0,1.0
3215,7.0,320.0,3.0,17.0,82.0,0.0,1.0,9.0,9.0,3.0,3.0,1.0,1.0,2,1.0,1.0,1.0,1.0
9803,17.0,229.0,8.0,40.0,0.0,0.0,1.0,26.0,26.0,6.0,6.0,1.0,1.0,2,6.0,0.0,0.0,0.0
6159,77.0,272.0,1.0,21.0,0.0,1.0,0.0,17.0,17.0,6.0,6.0,2.0,2.0,7,2.0,0.0,0.0,0.0
2420,38.0,338.0,1.0,200006.0,13.0,0.0,0.0,9.0,9.0,2.0,2.0,0.0,1.0,1,1.0,1.0,2.0,0.0
9729,29.0,282.0,12.0,54.0,0.0,0.0,1.0,33.0,33.0,9.0,9.0,2.0,2.0,7,7.0,0.0,0.0,0.0
4359,5.0,201.0,1.0,79.0,0.0,0.0,0.0,-1.0,-1.0,-1.0,-1.0,-1.0,-1.0,0,-1.0,-1.0,-1.0,-1.0
2531,7.0,180.0,1.0,10.0,0.0,0.0,0.0,8.0,8.0,2.0,2.0,1.0,1.0,2,1.0,1.0,1.0,1.0
6135,83.0,283.0,1.0,38.0,0.0,20.0,0.0,61.0,61.0,20.0,20.0,2.0,2.0,7,9.0,0.0,0.0,1.0
6103,84.0,262.0,1.0,21.0,0.0,1.0,0.0,6.0,6.0,2.0,2.0,1.0,1.0,2,1.0,0.0,0.0,0.0
7266,76.0,305.0,3.0,596.0,6.0,31.0,1.0,97.0,97.0,92.0,92.0,0.0,0.0,7,3.0,0.0,0.0,0.0
2882,52.0,339.0,8.0,31.0,14.0,8.0,1.0,9.0,9.0,3.0,3.0,1.0,1.0,2,1.0,1.0,1.0,1.0
980,7.0,180.0,1.0,7.0,0.0,0.0,0.0,30.0,30.0,4.0,4.0,1.0,1.0,2,1.0,1.0,2.0,1.0
6748,35.0,267.0,1.0,24.0,0.0,0.0,1.0,11.0,11.0,3.0,3.0,2.0,2.0,7,1.0,0.0,0.0,0.0
3988,4.0,201.0,1.0,52.0,0.0,0.0,0.0,-1.0,-1.0,-1.0,-1.0,-1.0,-1.0,0,-1.0,-1.0,-1.0,-1.0
7624,69.0,389.0,2.0,273.0,33.0,0.0,1.0,62.0,62.0,56.0,56.0,0.0,0.0,12,2.0,0.0,0.0,0.0
7964,89.0,379.0,1.0,334.0,14.0,0.0,1.0,217.0,217.0,27.0,27.0,2.0,2.0,2,2.0,2.0,3.0,0.0
8054,401.0,303.0,1.0,471.0,7.0,50.0,1.0,76.0,76.0,9.0,9.0,2.0,2.0,2,4.0,0.0,0.0,1.0
3162,1.0,180.0,1.0,111714.0,0.0,0.0,0.0,8.0,7.0,2.0,1.0,0.0,0.0,1,1.0,1.0,1.0,1.0
6326,86.0,272.0,1.0,21.0,0.0,1.0,0.0,6.0,6.0,2.0,2.0,1.0,1.0,2,1.0,0.0,0.0,0.0
9331,29.0,260.0,1.0,12.0,0.0,1.0,0.0,22.0,22.0,10.0,10.0,2.0,2.0,7,1.0,0.0,0.0,0.0
205,17.0,180.0,1.0,10.0,0.0,0.0,0.0,10.0,10.0,3.0,3.0,1.0,1.0,2,1.0,1.0,1.0,1.0
1375,12.0,180.0,1.0,9.0,0.0,0.0,0.0,4.0,4.0,1.0,1.0,0.0,1.0,1,1.0,1.0,1.0,1.0
1006,14.0,256.0,1.0,16.0,0.0,0.0,0.0,21.0,21.0,11.0,11.0,1.0,1.0,2,1.0,5.0,6.0,0.0
466,8.0,246.0,1.0,19.0,0.0,0.0,0.0,12.0,12.0,3.0,3.0,1.0,1.0,2,2.0,1.0,2.0,1.0
5943,99.0,283.0,1.0,42.0,0.0,0.0,1.0,14.0,14.0,11.0,11.0,0.0,0.0,7,1.0,0.0,0.0,0.0
9750,19.0,229.0,11.0,46.0,0.0,0.0,1.0,50.0,50.0,13.0,13.0,1.0,1.0,2,13.0,0.0,0.0,0.0
1142,1.0,180.0,1.0,111612.0,0.0,0.0,0.0,3.0,3.0,1.0,1.0,0.0,1.0,1,0.0,1.0,1.0,1.0
10998,108.54995161758573,262.0,1.4833494608047548,22.450048382414266,0.0,1.4833494608047548,0.0,13.900096764828529,13.900096764828529,4.4500483824142645,4.4500483824142645,2.0,2.0,7,1.4833494608047548,0.0,0.0,0.0
4159,4.0,402.0,2.0,14.0,11.0,0.0,1.0,-1.0,-1.0,-1.0,-1.0,-1.0,-1.0,0,-1.0,-1.0,-1.0,-1.0
2216,-1.0,-1.0,-1.0,-1.0,-1.0,-1.0,2.0,9.0,9.0,3.0,3.0,1.0,1.0,2,1.0,1.0,1.0,1.0
7242,76.0,226.0,4.0,330.0,0.0,0.0,1.0,117.0,117.0,112.0,112.0,0.0,0.0,7,3.0,0.0,0.0,0.0
10492,386.5792707670491,388.8405806696257,2.0,1193.8910870575887,23.631532747564414,0.0,1.0,76.31620527192027,76.31620527192027,69.21080351461352,69.21080351461352,0.0,0.0,11,3.105401757306757,0.0,0.0,0.0
6503,76.0,262.0,1.0,21.0,0.0,1.0,0.0,50.0,50.0,11.0,11.0,4.0,4.0,10,2.0,0.0,0.0,0.0
7829,77.0,359.0,2.0,481.0,29.0,0.0,1.0,549.0,549.0,43.0,43.0,4.0,4.0,12,3.0,15.0,16.0,0.0
8212,1.0,370.0,1.0,8.0,12.0,0.0,0.0,7.0,7.0,1.0,1.0,1.0,1.0,2,1.0,0.0,0.0,0.0
9692,17.0,229.0,10.0,45.0,0.0,0.0,1.0,61.0,61.0,17.0,17.0,2.0,2.0,7,14.0,0.0,0.0,0.0
8462,236.0,282.0,6.0,61.0,0.0,6.0,1.0,30.0,30.0,27.0,27.0,0.0,0.0,7,1.0,0.0,0.0,0.0
3334,9.0,180.0,1.0,9.0,0.0,0.0,0.0,7.0,7.0,1.0,1.0,0.0,1.0,2,1.0,1.0,1.0,1.0
2980,37.0,180.0,1.0,11.0,0.0,0.0,0.0,8.0,7.0,2.0,2.0,1.0,1.0,2,1.0,1.0,1.0,1.0
5899,31.0,319.0,1.0,19.0,28.0,0.0,1.0,18.0,18.0,5.0,5.0,2.0,2.0,7,1.0,0.0,0.0,0.0
1630,15.0,257.0,1.0,16.0,0.0,1.0,0.0,8.0,8.0,2.0,2.0,1.0,1.0,2,1.0,1.0,1.0,1.0
5537,352.0,461.0,49.0,2115.0,61.0,1.0,1.0,211.0,211.0,83.0,83.0,4.0,4.0,10,98.0,0.0,0.0,0.0
5214,2.0,180.0,1.0,111612.0,0.0,0.0,0.0,24.0,24.0,12.0,12.0,4.0,4.0,12,4.0,4.0,4.0,4.0
6012,63.0,262.0,1.0,21.0,0.0,1.0,0.0,6.0,6.0,2.0,2.0,1.0,1.0,2,1.0,0.0,0.0,0.0
3736,-1.0,-1.0,-1.0,-1.0,-1.0,-1.0,2.0,72.0,72.0,55.0,55.0,1.0,1.0,2,1.0,5.0,6.0,0.0
2105,2.0,256.0,1.0,15.0,0.0,0.0,0.0,43.0,43.0,34.0,34.0,0.0,0.0,7,0.0,1.0,1.0,0.0
1352,1.0,180.0,1.0,111612.0,0.0,0.0,0.0,9.0,9.0,2.0,2.0,0.0,1.0,1,1.0,1.0,2.0,0.0
735,7.0,180.0,1.0,11.0,0.0,0.0,0.0,19.0,19.0,9.0,9.0,1.0,1.0,2,1.0,0.0,0.0,0.0
2498,16.0,180.0,1.0,10.0,0.0,0.0,0.0,32.0,32.0,8.0,8.0,4.0,4.0,12,2.0,2.0,2.0,0.0
776,154.0,180.0,1.0,6.0,0.0,0.0,0.0,26.0,25.0,3.0,3.0,1.0,1.0,2,1.0,1.0,2.0,1.0
9454,29.0,258.0,9.0,46.0,19.0,0.0,1.0,133.0,133.0,26.0,26.0,3.0,3.0,10,4.0,0.0,0.0,0.0
5106,44.0,180.0,3.0,125.0,0.0,0.0,1.0,30.0,30.0,5.0,5.0,2.0,2.0,7,1.0,2.0,3.0,0.0
6663,98.0,283.0,1.0,35.0,0.0,17.0,0.0,12.0,12.0,4.0,4.0,2.0,2.0,7,1.0,0.0,0.0,0.0
10498,87.0,262.0,1.0,21.0,0.0,1.0,0.0,31.535236409613695,31.535236409613695,19.535236409613695,19.535236409613695,2.0,2.0,7,1.0,0.0,0.0,0.0
10903,88.26865486428176,283.0,1.0,27.0,0.0,9.0,0.0,11.0,11.0,3.0,3.0,2.0,2.0,7,1.0,0.0,0.0,0.0
2186,14.0,256.0,2.0,22.0,15.0,-1.0,2.0,9.0,9.0,3.0,3.0,1.0,1.0,2,1.0,1.0,1.0,1.0
2860,2.0,180.0,1.0,14.0,0.0,0.0,0.0,48.0,48.0,12.0,12.0,2.0,2.0,7,1.0,1.0,2.0,1.0
1866,1.0,180.0,1.0,111612.0,0.0,0.0,0.0,8.0,8.0,2.0,2.0,1.0,1.0,2,1.0,1.0,1.0,1.0
6650,98.0,283.0,2.0,47.0,0.0,25.0,0.0,6.0,6.0,2.0,2.0,1.0,1.0,2,1.0,0.0,0.0,0.0
2902,15.0,224.0,0.0,20.0,7.0,0.0,0.0,34.0,34.0,12.0,12.0,1.0,1.0,2,11.0,1.0,2.0,1.0
10667,81.06877049790333,283.0,1.0,23.0,0.0,5.0,0.0,6.0,6.0,2.0,2.0,1.0,1.0,2,1.0,0.0,0.0,0.0
7427,84.0,337.0,8.0,363.0,19.0,0.0,1.0,137.0,137.0,127.0,127.0,0.0,0.0,10,8.0,0.0,0.0,0.0
9994,77.0,352.0,1.0,16.0,10.0,-1.0,2.0,8.0,8.0,2.0,2.0,1.0,1.0,2,1.0,1.0,1.0,1.0
4794,5.0,180.0,7.0,18.0,0.0,0.0,0.0,15.0,15.0,2.0,2.0,1.0,1.0,2,1.0,2.0,3.0,1.0
2289,5.0,180.0,1.0,16.0,0.0,0.0,0.0,9.0,9.0,2.0,2.0,0.0,1.0,2,0.0,1.0,2.0,0.0
2366,8.0,250.0,1.0,15.0,0.0,0.0,0.0,9.0,9.0,2.0,2.0,0.0,1.0,1,1.0,1.0,2.0,0.0
6572,74.0,283.0,1.0,25.0,0.0,7.0,0.0,6.0,6.0,2.0,2.0,1.0,1.0,2,1.0,0.0,0.0,0.0
1650,12.0,180.0,1.0,9.0,0.0,0.0,0.0,5.0,5.0,1.0,1.0,1.0,1.0,1,1.0,1.0,1.0,0.0
3109,120.0,180.0,1.0,77.0,0.0,0.0,0.0,9.0,9.0,3.0,3.0,1.0,1.0,2,1.0,1.0,1.0,1.0
8832,20.0,301.0,1.0,34.0,27.0,0.0,1.0,33.0,33.0,10.0,10.0,1.0,1.0,2,1.0,0.0,0.0,0.0
7529,62.0,326.0,1.0,50.0,19.0,0.0,1.0,212.0,212.0,84.0,84.0,2.0,2.0,7,4.0,1.0,1.0,0.0
9508,17.0,288.0,5.0,69.0,0.0,0.0,1.0,19.0,19.0,6.0,6.0,2.0,2.0,7,2.0,0.0,0.0,0.0
772,78.0,370.0,1.0,16.0,16.0,-1.0,2.0,11.0,11.0,3.0,3.0,0.0,1.0,1,1.0,3.0,4.0,0.0
8738,24.0,297.0,7.0,35.0,0.0,0.0,1.0,34.0,34.0,8.0,8.0,1.0,1.0,2,7.0,0.0,0.0,0.0
5392,329.0,280.0,3.0,89.0,0.0,0.0,1.0,49.0,49.0,21.0,21.0,2.0,2.0,7,3.0,0.0,0.0,0.0
6347,83.0,262.0,1.0,21.0,0.0,1.0,0.0,11.0,11.0,3.0,3.0,2.0,2.0,7,1.0,0.0,0.0,0.0
1007,8.0,180.0,1.0,10.0,0.0,0.0,0.0,22.0,22.0,7.0,7.0,1.0,1.0,2,6.0,1.0,2.0,1.0
518,17.0,258.0,1.0,10.0,7.0,0.0,0.0,14.0,14.0,2.0,2.0,1.0,1.0,2,1.0,2.0,3.0,1.0
4291,33.0,330.0,2.0,20.0,13.0,2.0,1.0,-1.0,-1.0,-1.0,-1.0,-1.0,-1.0,0,-1.0,-1.0,-1.0,-1.0
10745,60.712476209845946,342.21405952623076,4.0,49.14376189507703,8.0,0.0,1.0,49.64217857869223,49.64217857869223,18.5015833163848,18.5015833163848,2.2140595262307428,2.2140595262307428,7,4.214059526230743,0.0,0.0,0.0
3715,-1.0,-1.0,-1.0,-1.0,-1.0,-1.0,2.0,7.0,6.0,2.0,2.0,1.0,1.0,2,1.0,1.0,1.0,1.0
10645,16.997850257730455,229.0,10.0,38.997850257730455,0.0,0.0,1.0,35.99677538659568,35.99677538659568,9.998925128865228,9.998925128865228,1.001074871134773,1.001074871134773,2,9.995700515460907,0.0,0.0,0.0
8173,44.0,492.0,5.0,459.0,65.0,0.0,1.0,-1.0,-1.0,-1.0,-1.0,-1.0,-1.0,0,-1.0,-1.0,-1.0,-1.0
1448,11.0,180.0,1.0,9.0,0.0,0.0,0.0,8.0,8.0,2.0,2.0,1.0,1.0,2,1.0,1.0,1.0,1.0
10064,83.356225063033,283.0,1.0,35.71245012606599,0.0,17.71245012606599,0.0,70.0,70.0,28.643774936967006,28.643774936967006,2.0,2.0,7,10.815462909714462,0.0,0.0,0.0
6846,78.0,283.0,1.0,23.0,0.0,5.0,0.0,32.0,32.0,29.0,29.0,0.0,0.0,7,1.0,0.0,0.0,0.0
6048,64.0,283.0,1.0,27.0,0.0,9.0,0.0,26.0,26.0,14.0,14.0,2.0,2.0,7,1.0,0.0,0.0,0.0
3125,210.0,274.0,1.0,54.0,0.0,3.0,1.0,8.0,8.0,2.0,2.0,1.0,1.0,2,1.0,1.0,1.0,1.0
6873,86.0,283.0,1.0,34.0,0.0,16.0,0.0,6.0,6.0,2.0,2.0,1.0,1.0,2,1.0,0.0,0.0,0.0
3052,1934.0,268.0,42.0,3366.0,0.0,30.0,1.0,9.0,9.0,1.0,1.0,1.0,1.0,2,1.0,1.0,2.0,1.0
6204,82.0,265.0,1.0,21.0,0.0,1.0,0.0,11.0,11.0,3.0,3.0,2.0,2.0,7,1.0,0.0,0.0,0.0
2767,78.0,371.0,1.0,16.0,16.0,-1.0,2.0,9.0,9.0,3.0,3.0,1.0,1.0,2,1.0,1.0,1.0,1.0
7715,369.0,400.0,2.0,658.0,27.0,0.0,1.0,57.0,57.0,51.0,51.0,0.0,0.0,10,2.0,0.0,0.0,0.0
1107,4.0,218.0,1.0,10.0,0.0,0.0,0.0,15.0,15.0,2.0,2.0,1.0,1.0,2,1.0,2.0,3.0,1.0
2948,14.0,256.0,1.0,16.0,0.0,0.0,0.0,9.0,9.0,2.0,2.0,0.0,1.0,1,1.0,1.0,2.0,0.0
1796,2.0,256.0,1.0,15.0,0.0,0.0,0.0,4.0,4.0,1.0,1.0,0.0,1.0,1,1.0,1.0,1.0,1.0
9933,7.0,324.0,3.0,16.0,82.0,0.0,1.0,8.0,8.0,2.0,2.0,1.0,1.0,2,1.0,1.0,1.0,1.0
6343,80.0,262.0,1.0,21.0,0.0,1.0,0.0,33.0,33.0,30.0,30.0,0.0,0.0,7,1.0,0.0,0.0,0.0
8130,32.0,269.0,5.0,32.0,6.0,0.0,1.0,48.0,48.0,43.0,43.0,0.0,0.0,7,3.0,0.0,0.0,0.0
6930,86.0,262.0,1.0,21.0,0.0,1.0,0.0,11.0,11.0,3.0,3.0,2.0,2.0,7,1.0,0.0,0.0,0.0
6454,76.0,283.0,1.0,28.0,0.0,10.0,0.0,6.0,6.0,2.0,2.0,1.0,1.0,2,1.0,0.0,0.0,0.0
8382,176.0,380.0,1.0,323.0,28.0,0.0,1.0,303.0,303.0,14.0,14.0,4.0,4.0,12,3.0,1.0,2.0,0.0
6964,65.0,287.0,1.0,23.0,0.0,0.0,1.0,117.0,117.0,24.0,24.0,2.0,2.0,7,1.0,0.0,0.0,0.0
3405,75.0,338.0,1.0,16.0,16.0,-1.0,2.0,8.0,8.0,2.0,2.0,1.0,1.0,2,1.0,1.0,1.0,1.0
10714,22.027921630681877,298.0,1.0,12.97207836931812,0.0,1.0,0.0,28.972078369318123,28.972078369318123,16.972078369318123,16.972078369318123,2.0,2.0,7,1.0,0.0,0.0,0.0
4112,3464.0,314.0,37.0,353.0,50.0,81.0,1.0,19.0,19.0,9.0,9.0,1.0,1.0,2,1.0,0.0,0.0,0.0
4341,5.0,218.0,1.0,10.0,0.0,0.0,0.0,25.0,25.0,3.0,3.0,1.0,1.0,2,1.0,0.0,0.0,1.0
6662,80.0,262.0,1.0,21.0,0.0,1.0,0.0,12.0,12.0,4.0,4.0,2.0,2.0,7,1.0,0.0,0.0,0.0
5693,59.0,335.0,4.0,39.0,8.0,0.0,1.0,38.0,38.0,11.0,11.0,1.0,1.0,2,4.0,0.0,0.0,0.0
6333,84.0,272.0,1.0,21.0,0.0,1.0,0.0,102.0,102.0,21.0,21.0,2.0,2.0,7,1.0,0.0,0.0,0.0
1360,17.0,263.0,1.0,10.0,13.0,0.0,0.0,9.0,9.0,1.0,1.0,1.0,1.0,2,1.0,1.0,2.0,1.0
1061,1.0,180.0,1.0,111612.0,0.0,0.0,0.0,15.0,15.0,2.0,2.0,1.0,1.0,2,1.0,2.0,3.0,1.0
7445,59.0,542.0,1.0,666.0,34.0,0.0,1.0,62.0,62.0,56.0,56.0,0.0,0.0,10,2.0,0.0,0.0,0.0
9816,10.0,279.0,2.0,32.0,0.0,0.0,1.0,35.0,35.0,6.0,6.0,2.0,2.0,7,5.0,0.0,0.0,1.0
4241,6.0,256.0,1.0,16.0,0.0,0.0,0.0,19.0,19.0,9.0,9.0,1.0,1.0,2,1.0,0.0,0.0,0.0
5117,8.0,180.0,1.0,122.0,0.0,0.0,0.0,166.0,166.0,115.0,115.0,0.0,0.0,2,48.0,0.0,0.0,0.0
5955,86.0,265.0,1.0,21.0,0.0,1.0,0.0,6.0,6.0,2.0,2.0,1.0,1.0,2,1.0,0.0,0.0,0.0
190,9.0,180.0,1.0,9.0,0.0,0.0,0.0,21.0,21.0,10.0,10.0,1.0,1.0,2,2.0,0.0,0.0,0.0
9038,23.0,298.0,1.0,12.0,0.0,1.0,0.0,28.0,28.0,16.0,16.0,2.0,2.0,7,1.0,0.0,0.0,0.0
4580,51.0,180.0,1.0,15.0,0.0,0.0,0.0,-1.0,-1.0,-1.0,-1.0,-1.0,-1.0,0,-1.0,-1.0,-1.0,-1.0
7531,43.0,359.0,1.0,94.0,24.0,0.0,1.0,47.0,47.0,15.0,15.0,3.0,3.0,10,2.0,0.0,0.0,0.0
9481,22.0,278.0,7.0,39.0,0.0,0.0,1.0,23.0,23.0,4.0,4.0,2.0,2.0,7,3.0,0.0,0.0,1.0
9952,74.0,320.0,1.0,16.0,16.0,-1.0,2.0,9.0,9.0,3.0,3.0,1.0,1.0,2,1.0,1.0,1.0,1.0
9903,75.0,373.0,1.0,16.0,16.0,-1.0,2.0,9.0,9.0,3.0,3.0,1.0,1.0,2,1.0,1.0,1.0,1.0
1370,2.0,180.0,0.0,10.0,0.0,0.0,0.0,8.0,7.0,2.0,2.0,1.0,1.0,2,1.0,1.0,1.0,1.0
8322,104.0,355.0,4.0,926.0,29.0,0.0,1.0,47.0,47.0,5.0,5.0,3.0,3.0,10,1.0,2.0,3.0,2.0
7285,399.0,321.0,116.0,417.0,31.0,6.0,1.0,62.0,62.0,26.0,26.0,4.0,4.0,10,17.0,0.0,0.0,0.0
8477,100.0,282.0,4.0,44.0,0.0,4.0,1.0,57.0,57.0,14.0,14.0,2.0,2.0,7,6.0,0.0,0.0,0.0
6759,79.0,262.0,1.0,21.0,0.0,1.0,0.0,24.0,24.0,12.0,12.0,2.0,2.0,7,1.0,0.0,0.0,0.0
10936,360.2928774119746,291.8814814246308,4.2353276375142,28.4119658250852,0.0,4.2353276375142,0.0,24.1173788998864,24.1173788998864,9.2353276375142,9.2353276375142,1.7646723624858,1.7646723624858,5,4.2353276375142,0.0,0.0,0.0
6614,79.0,262.0,1.0,21.0,0.0,1.0,0.0,28.0,28.0,16.0,16.0,2.0,2.0,7,1.0,0.0,0.0,0.0
110,9.0,180.0,1.0,9.0,0.0,0.0,0.0,22.0,22.0,6.0,6.0,1.0,1.0,1,3.0,2.0,0.0,2.0
10430,11.70152656488316,229.0,5.233842188294386,26.233842188294386,0.0,0.0,1.0,42.83078905852807,42.83078905852807,10.766157811705614,10.766157811705614,1.0,1.0,2,10.766157811705614,0.0,0.0,0.0
3738,-1.0,-1.0,-1.0,-1.0,-1.0,-1.0,2.0,8.0,8.0,1.0,1.0,1.0,1.0,2,1.0,0.0,0.0,0.0
1055,14.0,224.0,0.0,20.0,7.0,0.0,0.0,27.0,27.0,7.0,7.0,2.0,3.0,7,3.0,5.0,6.0,2.0
3502,60.0,242.0,2.0,30.0,18.0,0.0,1.0,8.0,8.0,2.0,2.0,1.0,1.0,2,1.0,1.0,1.0,1.0
789,4.0,180.0,1.0,14.0,0.0,0.0,0.0,19.0,19.0,7.0,7.0,1.0,1.0,2,5.0,1.0,2.0,1.0
7905,93.0,386.0,2.0,721.0,15.0,0.0,1.0,83.0,83.0,77.0,77.0,0.0,0.0,10,2.0,0.0,0.0,0.0
10476,224.77592276933441,242.87225399454806,47.79371704395234,179.68167842861956,0.0,1.2062829560476578,1.0,47.58743408790468,47.58743408790468,12.0,12.0,1.603141478023829,1.603141478023829,5,5.5717266977855395,0.0,0.0,0.6031414780238289
12,41.0,180.0,1.0,11.0,0.0,0.0,0.0,10.0,9.0,3.0,3.0,1.0,1.0,2,1.0,1.0,1.0,1.0
9660,207.0,302.0,25.0,437.0,0.0,0.0,1.0,104.0,104.0,11.0,11.0,2.0,2.0,7,6.0,0.0,0.0,1.0
4328,402.0,261.0,1.0,84.0,0.0,2.0,1.0,-1.0,0.0,1.0,1.0,0.0,2.0,2,0.0,0.0,1.0,0.0
5344,-1.0,-1.0,-1.0,-1.0,-1.0,-1.0,2.0,13.0,13.0,5.0,5.0,1.0,1.0,2,1.0,3.0,4.0,0.0
7990,82.0,368.0,3.0,579.0,14.0,0.0,1.0,431.0,431.0,25.0,25.0,2.0,2.0,7,5.0,1.0,2.0,0.0
10691,91.7444552868012,409.8973008293087,1.0,512.5472520387033,31.4305691085015,0.0,1.0,117.0,117.0,111.0,111.0,0.0,0.0,10,1.6861138217003,0.0,0.0,0.0
7440,43.0,352.0,6.0,149.0,16.0,0.0,1.0,96.0,96.0,86.0,86.0,0.0,0.0,10,6.0,0.0,0.0,0.0
4786,64.0,288.0,1.0,26.0,0.0,1.0,0.0,10.0,10.0,3.0,3.0,1.0,1.0,2,1.0,1.0,1.0,1.0
8969,27.0,298.0,1.0,13.0,0.0,1.0,0.0,6.0,6.0,2.0,2.0,1.0,1.0,2,1.0,0.0,0.0,0.0
2928,9.0,180.0,1.0,9.0,0.0,0.0,0.0,39.0,39.0,24.0,24.0,0.0,0.0,2,0.0,0.0,0.0,0.0
1914,1.0,180.0,1.0,111612.0,0.0,0.0,0.0,5.0,5.0,1.0,1.0,1.0,1.0,1,1.0,1.0,1.0,0.0
7077,78.0,262.0,1.0,21.0,0.0,1.0,0.0,27.0,27.0,15.0,15.0,2.0,2.0,7,1.0,0.0,0.0,0.0
2009,18.0,250.0,1.0,15.0,0.0,0.0,0.0,8.0,8.0,2.0,2.0,1.0,1.0,2,1.0,1.0,1.0,1.0
2650,9.0,180.0,1.0,9.0,0.0,0.0,0.0,4.0,4.0,1.0,1.0,1.0,1.0,2,0.0,1.0,1.0,1.0
4461,9.0,180.0,1.0,9.0,0.0,0.0,0.0,17.0,12.0,4.0,4.0,1.0,1.0,2,2.0,1.0,1.0,0.0
9379,139.0,273.0,1.0,236.0,0.0,0.0,1.0,124.0,124.0,83.0,83.0,2.0,2.0,7,4.0,0.0,0.0,0.0
7627,97.0,368.0,2.0,425.0,31.0,0.0,1.0,49.0,49.0,43.0,43.0,0.0,0.0,10,2.0,0.0,0.0,0.0
933,78.0,180.0,1.0,11.0,0.0,0.0,0.0,20.0,20.0,6.0,6.0,1.0,1.0,2,5.0,1.0,2.0,1.0
5141,42.0,287.0,1.0,13.0,0.0,0.0,0.0,22.0,22.0,8.0,8.0,1.0,1.0,2,2.0,0.0,0.0,1.0
7240,86.0,226.0,3.0,705.0,0.0,39.0,1.0,118.0,118.0,77.0,77.0,2.0,2.0,7,2.0,0.0,0.0,0.0
5952,75.0,262.0,1.0,21.0,0.0,1.0,0.0,6.0,6.0,2.0,2.0,1.0,1.0,2,1.0,0.0,0.0,0.0
6568,74.0,265.0,1.0,21.0,0.0,1.0,0.0,33.0,33.0,19.0,19.0,2.0,2.0,7,2.0,0.0,0.0,0.0
9402,150.0,277.0,25.0,1974.0,0.0,0.0,1.0,748.0,748.0,34.0,34.0,1.0,1.0,2,27.0,0.0,0.0,0.0
2501,54.0,226.0,6.0,38.0,0.0,0.0,1.0,35.0,35.0,24.0,24.0,1.0,1.0,13,3.0,0.0,0.0,0.0
37,7.0,201.0,1.0,996.0,0.0,0.0,0.0,21.0,21.0,11.0,11.0,1.0,1.0,2,1.0,5.0,6.0,0.0
1560,14.0,255.0,1.0,16.0,1.0,-1.0,2.0,9.0,9.0,3.0,3.0,1.0,1.0,2,1.0,1.0,1.0,1.0
4108,9.0,246.0,1.0,10.0,8.0,0.0,0.0,-1.0,0.0,1.0,1.0,0.0,2.0,2,0.0,0.0,1.0,0.0
5522,54.0,450.0,2.0,35.0,62.0,0.0,1.0,34.0,34.0,7.0,7.0,2.0,2.0,7,2.0,0.0,0.0,1.0
6072,86.0,283.0,1.0,29.0,0.0,11.0,0.0,126.0,126.0,24.0,24.0,2.0,2.0,7,1.0,0.0,0.0,0.0
5483,93.0,396.0,22.0,119.0,13.0,0.0,1.0,80.0,80.0,55.0,55.0,0.0,0.0,10,22.0,0.0,0.0,0.0
8913,29.0,298.0,1.0,12.0,0.0,1.0,0.0,11.0,11.0,3.0,3.0,2.0,2.0,7,1.0,0.0,0.0,0.0
8610,278.0,305.0,4.0,700.0,6.0,28.0,1.0,154.0,154.0,94.0,94.0,2.0,2.0,7,4.0,0.0,0.0,0.0
635,4.0,180.0,1.0,14.0,0.0,0.0,0.0,3.0,3.0,0.0,0.0,1.0,1.0,2,0.0,1.0,2.0,0.0
6967,39.0,278.0,2.0,37.0,9.0,0.0,1.0,44.0,44.0,32.0,32.0,0.0,0.0,10,2.0,0.0,0.0,0.0
6892,79.0,272.0,1.0,21.0,0.0,1.0,0.0,11.0,11.0,3.0,3.0,2.0,2.0,7,1.0,0.0,0.0,0.0
5099,46.0,180.0,1.0,11.0,0.0,0.0,0.0,-1.0,0.0,0.0,1.0,0.0,2.0,2,0.0,0.0,0.0,0.0
2457,6.0,218.0,1.0,10.0,0.0,0.0,0.0,35.0,35.0,18.0,18.0,1.0,1.0,2,1.0,5.0,6.0,0.0
1021,56.0,256.0,1.0,69.0,0.0,2.0,0.0,19.0,19.0,9.0,9.0,1.0,1.0,2,1.0,0.0,0.0,0.0
4932,77.0,370.0,1.0,16.0,16.0,-1.0,2.0,-1.0,-1.0,-1.0,-1.0,-1.0,-1.0,0,-1.0,-1.0,-1.0,-1.0
8149,310.0,424.0,27.0,520.0,34.0,0.0,1.0,133.0,133.0,26.0,26.0,2.0,2.0,7,4.0,0.0,0.0,0.0
5534,32.0,319.0,12.0,64.0,36.0,0.0,1.0,63.0,63.0,14.0,14.0,2.0,2.0,7,12.0,0.0,0.0,0.0
9242,11.0,271.0,1.0,61.0,8.0,1.0,1.0,6.0,6.0,2.0,2.0,1.0,1.0,2,1.0,0.0,0.0,0.0
2839,1.0,180.0,1.0,111113.0,0.0,0.0,0.0,59.0,59.0,4.0,4.0,1.0,1.0,2,1.0,0.0,0.0,0.0
9234,21.0,298.0,1.0,12.0,0.0,1.0,0.0,12.0,12.0,4.0,4.0,2.0,2.0,7,1.0,0.0,0.0,0.0
7873,82.0,372.0,1.0,346.0,28.0,0.0,1.0,49.0,49.0,43.0,43.0,0.0,0.0,10,2.0,0.0,0.0,0.0
1284,8.0,180.0,1.0,10.0,0.0,0.0,0.0,12.0,12.0,3.0,3.0,1.0,1.0,2,2.0,1.0,2.0,1.0
3134,9.0,180.0,1.0,112.0,0.0,0.0,0.0,9.0,9.0,3.0,3.0,1.0,1.0,2,1.0,1.0,1.0,1.0
4058,38.0,338.0,1.0,200006.0,13.0,0.0,1.0,-1.0,0.0,1.0,1.0,0.0,2.0,2,0.0,0.0,0.0,0.0
9479,11.0,279.0,4.0,27.0,0.0,0.0,1.0,31.0,31.0,6.0,6.0,2.0,2.0,7,5.0,0.0,0.0,1.0
5035,543.0,270.0,1.0,97.0,0.0,2.0,1.0,-1.0,-1.0,-1.0,-1.0,-1.0,-1.0,0,-1.0,-1.0,-1.0,-1.0
10414,78.06989277262497,362.0,2.0,765.57204289095,14.0,0.8930107227375026,1.0,98.81881771346245,98.81881771346245,34.962903495362475,34.962903495362475,2.8930107227375026,2.8930107227375026,9,2.0,2.0,3.0,0.0
9312,111.0,190.0,1.0,12.0,0.0,1.0,0.0,21.0,21.0,9.0,9.0,2.0,2.0,7,1.0,0.0,0.0,0.0
3767,-1.0,-1.0,-1.0,-1.0,-1.0,-1.0,2.0,74.0,74.0,9.0,9.0,0.0,0.0,2,1.0,0.0,0.0,0.0
104,15.0,224.0,0.0,20.0,7.0,0.0,0.0,11.0,11.0,3.0,3.0,0.0,1.0,1,1.0,3.0,4.0,0.0
5860,54.0,342.0,1.0,64.0,34.0,0.0,1.0,63.0,63.0,8.0,8.0,2.0,2.0,7,1.0,0.0,0.0,1.0
3392,5993.0,272.0,19.0,2038.0,0.0,32.0,1.0,8.0,8.0,2.0,2.0,1.0,1.0,2,1.0,1.0,1.0,1.0
9536,20.0,288.0,5.0,27.0,0.0,0.0,1.0,31.0,31.0,11.0,11.0,2.0,2.0,7,7.0,0.0,0.0,0.0
8137,326.0,390.0,11.0,336.0,37.0,0.0,1.0,568.0,568.0,82.0,82.0,2.0,2.0,7,25.0,0.0,0.0,0.0
9912,73.0,371.0,1.0,16.0,16.0,-1.0,2.0,9.0,9.0,3.0,3.0,1.0,1.0,2,1.0,1.0,1.0,1.0
1268,2.0,180.0,1.0,111612.0,0.0,0.0,0.0,10.0,10.0,2.0,2.0,1.0,1.0,2,1.0,1.0,2.0,0.0
4615,9.0,180.0,1.0,216.0,0.0,0.0,0.0,25.0,25.0,4.0,4.0,1.0,1.0,2,5.0,1.0,1.0,1.0
5247,3.0,180.0,0.0,8.0,0.0,0.0,0.0,10.0,10.0,2.0,2.0,2.0,2.0,2,1.0,2.0,3.0,0.0
4612,9.0,180.0,1.0,9.0,0.0,0.0,0.0,3.0,2.0,0.0,0.0,0.0,0.0,1,0.0,1.0,2.0,0.0
4724,7.0,180.0,1.0,11.0,0.0,0.0,0.0,-1.0,0.0,1.0,1.0,0.0,1.0,2,0.0,0.0,1.0,0.0
926,23.0,180.0,0.0,26.0,0.0,0.0,0.0,17.0,17.0,14.0,14.0,0.0,0.0,7,1.0,0.0,0.0,0.0
5267,15.0,224.0,0.0,20.0,7.0,0.0,0.0,10.0,10.0,2.0,2.0,2.0,2.0,2,1.0,2.0,3.0,0.0
663,12.0,384.0,5.0,21.0,13.0,0.0,1.0,21.0,21.0,11.0,11.0,1.0,1.0,2,1.0,5.0,6.0,0.0
1541,2.0,180.0,0.0,3.0,0.0,0.0,0.0,8.0,8.0,2.0,2.0,1.0,1.0,2,1.0,1.0,1.0,1.0
9837,184.0,296.0,80.0,267.0,10.0,0.0,1.0,274.0,274.0,41.0,41.0,4.0,4.0,12,45.0,0.0,0.0,0.0
5991,66.0,265.0,1.0,21.0,0.0,1.0,0.0,6.0,6.0,2.0,2.0,1.0,1.0,2,1.0,0.0,0.0,0.0
10373,35.63796881176054,290.17218712943674,8.46578168232378,196.0,0.0,0.0,1.0,51.12140742345026,51.12140742345026,15.275937623521079,15.275937623521079,2.0,2.0,7,8.827812870563239,0.0,0.0,0.0
4143,9.0,180.0,31.0,70.0,0.0,0.0,0.0,-1.0,-1.0,-1.0,-1.0,-1.0,-1.0,0,-1.0,-1.0,-1.0,-1.0
5901,319.0,319.0,45.0,185.0,28.0,0.0,1.0,184.0,184.0,59.0,59.0,2.0,2.0,7,45.0,0.0,0.0,0.0
3359,14.0,224.0,0.0,20.0,7.0,0.0,0.0,7.0,6.0,2.0,1.0,0.0,0.0,1,1.0,1.0,1.0,1.0
5794,67.0,376.0,4.0,45.0,66.0,0.0,1.0,44.0,44.0,18.0,18.0,2.0,2.0,7,4.0,0.0,0.0,0.0
9299,101.0,283.0,1.0,33.0,0.0,15.0,0.0,6.0,6.0,2.0,2.0,1.0,1.0,2,1.0,0.0,0.0,0.0
3317,7.0,239.0,1.0,10.0,8.0,0.0,1.0,9.0,9.0,2.0,2.0,0.0,1.0,1,1.0,1.0,2.0,0.0
9067,24.0,298.0,1.0,12.0,0.0,1.0,0.0,39.0,39.0,19.0,19.0,3.0,3.0,10,4.0,0.0,0.0,0.0
3197,2.0,180.0,1.0,11.0,0.0,0.0,1.0,90.0,89.0,31.0,31.0,1.0,1.0,7,12.0,4.0,5.0,0.0
8573,168.0,305.0,3.0,569.0,6.0,28.0,1.0,82.0,82.0,54.0,54.0,2.0,2.0,7,3.0,0.0,0.0,0.0
6062,81.0,272.0,1.0,21.0,0.0,1.0,0.0,12.0,12.0,4.0,4.0,2.0,2.0,7,1.0,0.0,0.0,0.0
2207,10.0,258.0,1.0,31.0,0.0,0.0,0.0,9.0,9.0,1.0,1.0,1.0,1.0,2,1.0,1.0,2.0,1.0
10902,57.086110925744144,226.0,4.0,284.0,0.0,0.0,1.0,65.62685265510872,65.62685265510872,34.31574006106185,34.31574006106185,1.942592716170572,1.942592716170572,6,4.057407283829428,0.0,0.0,0.0
5333,-1.0,-1.0,-1.0,-1.0,-1.0,-1.0,2.0,10.0,9.0,2.0,2.0,0.0,0.0,1,1.0,2.0,3.0,0.0
10721,69.24420466854619,351.62596588857565,1.1246780371414553,450.7506439257171,14.0,0.0,1.0,80.50386355430254,80.50386355430254,74.50386355430254,74.50386355430254,0.0,0.0,10,2.0,0.0,0.0,0.0
9429,199.0,252.0,46.0,176.0,0.0,2.0,1.0,45.0,45.0,20.0,20.0,2.0,2.0,7,2.0,0.0,0.0,0.0
8621,241.0,393.0,8.0,2314.0,32.0,7.0,1.0,58.0,58.0,50.0,50.0,0.0,0.0,13,4.0,0.0,0.0,0.0
10590,44.45075258593363,384.76627939608716,3.4323871121099563,144.50417215547301,52.70283866367013,0.0,1.0,143.50417215547301,143.50417215547301,13.045075258593362,13.045075258593362,2.0,2.0,7,3.4323871121099563,0.0,0.0,0.47746237070331876
3865,34.0,371.0,3.0,71.0,29.0,0.0,1.0,72.0,72.0,4.0,4.0,1.0,1.0,2,3.0,0.0,0.0,1.0
678,9.0,180.0,1.0,9.0,0.0,0.0,0.0,11.0,11.0,3.0,3.0,1.0,1.0,2,1.0,1.0,2.0,0.0
7736,79.0,406.0,2.0,2748.0,30.0,0.0,1.0,114.0,114.0,33.0,33.0,2.0,2.0,7,4.0,0.0,1.0,0.0
8730,78.0,290.0,6.0,51.0,16.0,3.0,1.0,49.0,49.0,16.0,16.0,2.0,2.0,7,2.0,0.0,0.0,0.0
10080,73.14959929234566,283.0,1.0,22.700801415308703,0.0,4.700801415308702,0.0,6.0,6.0,2.0,2.0,1.0,1.0,2,1.0,0.0,0.0,0.0
6047,59.0,262.0,1.0,21.0,0.0,1.0,0.0,6.0,6.0,2.0,2.0,1.0,1.0,2,1.0,0.0,0.0,0.0
165,12.0,180.0,1.0,9.0,0.0,0.0,0.0,19.0,19.0,6.0,6.0,2.0,2.0,7,1.0,1.0,2.0,1.0
4938,56.0,256.0,1.0,69.0,0.0,2.0,0.0,-1.0,0.0,1.0,1.0,0.0,2.0,2,0.0,0.0,1.0,0.0
6027,73.0,272.0,1.0,21.0,0.0,1.0,0.0,6.0,6.0,2.0,2.0,1.0,1.0,2,1.0,0.0,0.0,0.0
7657,58.0,364.0,2.0,80.0,30.0,0.0,1.0,58.0,58.0,52.0,52.0,0.0,0.0,10,2.0,0.0,0.0,0.0
2442,38.0,256.0,1.0,28.0,0.0,4.0,0.0,9.0,9.0,2.0,2.0,0.0,1.0,1,1.0,1.0,2.0,0.0
2032,15.0,180.0,1.0,7.0,0.0,0.0,0.0,8.0,8.0,2.0,2.0,1.0,1.0,2,1.0,1.0,1.0,1.0
6595,86.0,283.0,1.0,26.0,0.0,8.0,0.0,54.0,54.0,42.0,42.0,2.0,2.0,7,1.0,0.0,0.0,0.0
7028,74.0,283.0,1.0,27.0,0.0,9.0,0.0,6.0,6.0,2.0,2.0,1.0,1.0,2,1.0,0.0,0.0,0.0
535,24.0,258.0,1.0,10.0,7.0,0.0,0.0,10.0,10.0,2.0,2.0,1.0,1.0,2,1.0,1.0,2.0,0.0
1606,1.0,180.0,1.0,111113.0,0.0,0.0,0.0,8.0,8.0,2.0,2.0,1.0,1.0,2,1.0,1.0,1.0,1.0
4913,83.0,233.0,1.0,77.0,2.0,0.0,0.0,14.0,14.0,2.0,2.0,1.0,1.0,2,1.0,2.0,3.0,1.0
230,6.0,180.0,1.0,10.0,0.0,0.0,0.0,19.0,19.0,9.0,9.0,1.0,1.0,2,1.0,0.0,0.0,0.0
7696,87.0,329.0,3.0,369.0,24.0,0.0,1.0,375.0,375.0,73.0,73.0,4.0,4.0,12,2.0,1.0,2.0,0.0
9135,27.0,298.0,1.0,12.0,0.0,1.0,0.0,31.0,31.0,28.0,28.0,0.0,0.0,7,1.0,0.0,0.0,0.0
9611,141.0,254.0,3.0,63.0,0.0,0.0,1.0,55.0,55.0,18.0,18.0,2.0,2.0,7,3.0,0.0,0.0,0.0
8364,209.0,401.0,2.0,243.0,24.0,0.0,1.0,96.0,96.0,36.0,36.0,2.0,2.0,2,1.0,2.0,3.0,0.0
8553,300.0,305.0,5.0,1035.0,6.0,71.0,1.0,125.0,125.0,80.0,80.0,2.0,2.0,7,3.0,0.0,0.0,0.0
5591,74.0,332.0,20.0,556.0,41.0,0.0,1.0,67.0,67.0,30.0,30.0,4.0,4.0,10,20.0,0.0,0.0,0.0
1557,3.0,250.0,1.0,15.0,0.0,0.0,0.0,8.0,7.0,2.0,2.0,1.0,1.0,2,1.0,1.0,1.0,1.0
4622,9.0,180.0,0.0,2.0,0.0,0.0,0.0,0.0,1.0,1.0,0.0,1.0,1.0,2,0.0,0.0,0.0,0.0
4667,8.0,180.0,1.0,5.0,0.0,0.0,0.0,-1.0,-1.0,-1.0,-1.0,-1.0,-1.0,0,-1.0,-1.0,-1.0,-1.0
3483,5.0,180.0,1.0,8.0,0.0,0.0,0.0,9.0,9.0,2.0,2.0,0.0,1.0,1,1.0,2.0,3.0,0.0
7459,86.0,384.0,5.0,746.0,35.0,0.0,1.0,234.0,234.0,224.0,224.0,0.0,0.0,10,6.0,0.0,0.0,0.0
5041,7.0,301.0,1.0,16.0,2.0,-1.0,2.0,-1.0,-1.0,-1.0,-1.0,-1.0,-1.0,0,-1.0,-1.0,-1.0,-1.0
1648,10.0,180.0,1.0,9.0,0.0,0.0,0.0,8.0,8.0,2.0,2.0,1.0,1.0,2,1.0,1.0,1.0,1.0
4142,4.0,180.0,1.0,14.0,0.0,0.0,0.0,15.0,15.0,4.0,4.0,1.0,1.0,2,1.0,2.0,3.0,1.0
1926,2048.0,201.0,1.0,996.0,0.0,0.0,0.0,9.0,9.0,3.0,3.0,1.0,1.0,2,1.0,1.0,1.0,1.0
9128,27.0,298.0,1.0,12.0,0.0,1.0,0.0,30.0,30.0,4.0,4.0,1.0,1.0,2,1.0,0.0,0.0,0.0
6709,83.0,283.0,1.0,28.0,0.0,10.0,0.0,25.0,25.0,13.0,13.0,2.0,2.0,7,1.0,0.0,0.0,0.0
11039,24.946463709288494,298.0,1.0,12.026768145355753,0.0,1.0,0.0,113.16060887213452,113.16060887213452,18.267681453557532,18.267681453557532,2.0,2.0,7,1.0,0.0,0.0,0.0
1850,2.0,180.0,0.0,8.0,0.0,0.0,0.0,4.0,4.0,1.0,1.0,1.0,1.0,2,0.0,1.0,1.0,1.0
3762,-1.0,-1.0,-1.0,-1.0,-1.0,-1.0,2.0,7.0,6.0,1.0,1.0,0.0,0.0,1,1.0,1.0,1.0,0.0
6181,85.0,272.0,1.0,21.0,0.0,1.0,0.0,102.0,102.0,16.0,16.0,2.0,2.0,7,1.0,0.0,0.0,0.0
11102,70.80553118276941,262.0,1.0,21.0,0.0,1.0,0.0,11.0,11.0,3.0,3.0,2.0,2.0,7,1.0,0.0,0.0,0.0
885,17.0,250.0,1.0,15.0,0.0,0.0,0.0,10.0,10.0,2.0,2.0,1.0,1.0,2,1.0,1.0,2.0,0.0
10857,77.0,283.0,1.0,31.827620544655133,0.0,13.827620544655133,0.0,27.172379455344867,27.172379455344867,15.172379455344867,15.172379455344867,2.0,2.0,7,1.0,0.0,0.0,0.0
9493,19.0,287.0,5.0,109.0,1.0,0.0,1.0,125.0,125.0,37.0,37.0,2.0,2.0,7,34.0,0.0,0.0,0.0
7011,32.0,260.0,1.0,12.0,0.0,1.0,0.0,34.0,34.0,31.0,31.0,0.0,0.0,7,1.0,0.0,0.0,0.0
2308,4.0,180.0,1.0,14.0,0.0,0.0,0.0,9.0,9.0,3.0,3.0,1.0,1.0,2,1.0,1.0,2.0,0.0
5254,148.0,273.0,1.0,41.0,0.0,2.0,0.0,14.0,14.0,2.0,2.0,1.0,1.0,2,1.0,2.0,3.0,1.0
8352,304.0,369.0,4.0,160.0,29.0,0.0,1.0,103.0,103.0,34.0,34.0,3.0,3.0,10,2.0,2.0,3.0,0.0
4999,76.0,351.0,1.0,16.0,16.0,-1.0,2.0,-1.0,-1.0,-1.0,-1.0,-1.0,-1.0,0,-1.0,-1.0,-1.0,-1.0
3233,14.0,371.0,1.0,16.0,16.0,-1.0,2.0,8.0,8.0,1.0,1.0,1.0,1.0,2,1.0,0.0,0.0,0.0
8148,365.0,360.0,32.0,657.0,23.0,0.0,1.0,676.0,676.0,54.0,54.0,2.0,2.0,7,24.0,0.0,0.0,0.0
10280,43.21011591572105,375.5269607038669,4.737076619587973,97.57754028247217,17.631461690206013,0.0,1.0,55.684269154896995,55.684269154896995,46.94719253530902,46.94719253530902,0.0,0.0,9,4.737076619587973,0.0,0.0,0.0
4107,45.0,344.0,14.0,41.0,12.0,14.0,1.0,15.0,15.0,2.0,2.0,1.0,1.0,2,1.0,1.0,2.0,0.0
4026,9.0,180.0,1.0,9.0,0.0,0.0,0.0,-1.0,0.0,1.0,1.0,0.0,1.0,2,0.0,0.0,0.0,0.0
4113,5.0,226.0,2.0,31.0,0.0,0.0,0.0,-1.0,0.0,1.0,1.0,0.0,2.0,2,0.0,0.0,0.0,0.0
9272,25.0,298.0,1.0,12.0,0.0,1.0,0.0,9.0,9.0,4.0,4.0,1.0,1.0,2,1.0,0.0,0.0,0.0
5992,76.0,283.0,1.0,31.0,0.0,13.0,0.0,30.0,30.0,18.0,18.0,2.0,2.0,7,1.0,0.0,0.0,0.0
10747,131.47138778553798,255.63493168012477,16.617846946384496,230.51152748072175,1.1695141222900434,0.0,1.0,213.4654175578347,213.4654175578347,23.830485877709958,23.830485877709958,1.106319465662731,1.106319465662731,2,21.97993015240811,0.0,0.0,0.1063194656627312
2113,17.0,265.0,1.0,10.0,14.0,0.0,0.0,9.0,9.0,3.0,3.0,1.0,1.0,2,1.0,1.0,1.0,1.0
6064,81.0,265.0,1.0,21.0,0.0,1.0,0.0,6.0,6.0,2.0,2.0,1.0,1.0,2,1.0,0.0,0.0,0.0
2155,3.0,180.0,0.0,8.0,0.0,0.0,0.0,95.0,95.0,52.0,52.0,1.0,1.0,2,1.0,4.0,5.0,0.0
3985,9.0,180.0,1.0,9.0,0.0,0.0,0.0,12.0,12.0,2.0,2.0,2.0,2.0,7,2.0,1.0,1.0,1.0
10586,56.15046803921572,365.6165106535948,2.0,89.22570205882357,28.458723366013096,0.6165106535947618,1.0,47.37617009803929,47.37617009803929,23.007319248365953,23.007319248365953,1.3834893464052382,1.3834893464052382,5,2.308255326797381,0.0,0.0,0.0
7649,71.0,361.0,2.0,307.0,32.0,0.0,1.0,101.0,101.0,36.0,36.0,2.0,2.0,2,2.0,2.0,3.0,0.0
966,7.0,296.0,1.0,16.0,2.0,-1.0,2.0,19.0,19.0,9.0,9.0,1.0,1.0,2,1.0,0.0,0.0,0.0
9584,20.0,229.0,13.0,51.0,0.0,0.0,1.0,17.0,17.0,3.0,3.0,1.0,1.0,2,3.0,0.0,0.0,0.0
3276,14.0,480.0,9.0,29.0,11.0,0.0,1.0,9.0,9.0,3.0,3.0,1.0,1.0,2,1.0,1.0,1.0,1.0
579,15.0,256.0,1.0,16.0,0.0,0.0,0.0,16.0,17.0,8.0,8.0,1.0,1.0,2,1.0,3.0,4.0,0.0
4115,5.0,218.0,1.0,10.0,0.0,0.0,0.0,-1.0,-1.0,-1.0,-1.0,-1.0,-1.0,0,-1.0,-1.0,-1.0,-1.0
5491,42.0,267.0,1.0,59.0,8.0,1.0,1.0,25.0,25.0,22.0,22.0,0.0,0.0,2,1.0,0.0,0.0,0.0
7512,82.0,398.0,5.0,739.0,26.0,0.0,1.0,95.0,95.0,18.0,18.0,3.0,3.0,10,2.0,2.0,2.0,0.0
7404,42.0,339.0,6.0,125.0,14.0,0.0,1.0,119.0,119.0,99.0,99.0,0.0,0.0,7,0.0,0.0,0.0,0.0
5109,42.0,180.0,1.0,11.0,0.0,0.0,0.0,16.0,16.0,3.0,3.0,1.0,1.0,2,2.0,0.0,0.0,0.0
4617,37.0,180.0,1.0,11.0,0.0,0.0,0.0,17.0,12.0,4.0,4.0,1.0,1.0,2,2.0,1.0,1.0,1.0
770,1.0,180.0,1.0,111714.0,0.0,0.0,0.0,14.0,14.0,2.0,2.0,1.0,1.0,2,1.0,2.0,3.0,1.0
974,1.0,180.0,1.0,9.0,0.0,0.0,0.0,19.0,19.0,9.0,9.0,1.0,1.0,2,1.0,0.0,0.0,0.0
1765,15.0,180.0,1.0,10.0,0.0,0.0,0.0,7.0,7.0,1.0,1.0,1.0,1.0,2,1.0,1.0,1.0,1.0
4949,8.0,180.0,1.0,10.0,0.0,0.0,0.0,-1.0,0.0,1.0,1.0,0.0,1.0,2,0.0,0.0,0.0,0.0
63,8.0,180.0,1.0,11.0,0.0,0.0,0.0,13.0,13.0,2.0,2.0,1.0,1.0,2,1.0,2.0,3.0,1.0
3414,71.0,180.0,1.0,9.0,0.0,0.0,0.0,9.0,9.0,2.0,2.0,0.0,1.0,1,1.0,1.0,2.0,0.0
8755,27.0,285.0,5.0,44.0,0.0,0.0,1.0,43.0,43.0,18.0,18.0,2.0,2.0,7,5.0,0.0,0.0,0.0
3152,5.0,180.0,7.0,18.0,0.0,0.0,0.0,9.0,9.0,3.0,3.0,1.0,1.0,2,1.0,1.0,1.0,1.0
8717,27.0,362.0,4.0,36.0,65.0,5.0,1.0,29.0,29.0,8.0,8.0,2.0,2.0,7,4.0,0.0,0.0,0.0
494,12.0,180.0,1.0,9.0,0.0,0.0,0.0,13.0,13.0,5.0,5.0,1.0,1.0,2,1.0,3.0,4.0,0.0
1083,78.0,345.0,1.0,16.0,16.0,-1.0,2.0,14.0,15.0,1.0,1.0,1.0,1.0,1,1.0,2.0,3.0,0.0
7147,71.0,315.0,1.0,279.0,21.0,0.0,1.0,130.0,130.0,30.0,30.0,2.0,2.0,7,1.0,0.0,0.0,0.0
2548,9.0,286.0,1.0,10.0,15.0,0.0,1.0,8.0,8.0,2.0,2.0,1.0,1.0,2,1.0,1.0,1.0,1.0
4040,5.0,180.0,7.0,18.0,0.0,0.0,0.0,-1.0,0.0,1.0,1.0,0.0,2.0,2,0.0,0.0,0.0,0.0
3292,8.0,180.0,1.0,10.0,0.0,0.0,0.0,59.0,59.0,40.0,40.0,1.0,1.0,13,3.0,0.0,0.0,0.0
3486,17.0,180.0,1.0,10.0,0.0,0.0,0.0,32.0,32.0,5.0,5.0,3.0,3.0,10,3.0,2.0,2.0,2.0
5190,44.0,385.0,2.0,58.0,30.0,1.0,1.0,-1.0,-1.0,-1.0,-1.0,-1.0,-1.0,0,-1.0,-1.0,-1.0,-1.0
6943,93.0,283.0,1.0,39.0,0.0,21.0,0.0,6.0,6.0,2.0,2.0,1.0,1.0,2,1.0,0.0,0.0,0.0
10601,195.88883076652806,304.0,3.138896154183992,80.55558461673597,0.0,0.0,1.0,78.41668846255197,78.41668846255197,16.0,16.0,2.0,2.0,7,3.5694480770919963,0.0,0.0,0.0
9097,27.0,260.0,1.0,12.0,0.0,1.0,0.0,27.0,27.0,15.0,15.0,2.0,2.0,7,1.0,0.0,0.0,0.0
5647,51.0,307.0,3.0,49.0,8.0,0.0,1.0,48.0,48.0,15.0,15.0,2.0,2.0,7,3.0,0.0,0.0,0.0
1324,4.0,180.0,3.0,17.0,0.0,0.0,0.0,21.0,21.0,6.0,6.0,1.0,1.0,2,1.0,1.0,1.0,1.0
7679,67.0,408.0,1.0,392.0,37.0,0.0,1.0,280.0,280.0,129.0,129.0,0.0,0.0,7,1.0,0.0,0.0,0.0
4697,78.0,263.0,3.0,88.0,0.0,0.0,1.0,19.0,19.0,9.0,9.0,1.0,1.0,2,1.0,0.0,0.0,0.0
9354,29.0,298.0,1.0,12.0,0.0,1.0,0.0,36.0,36.0,24.0,24.0,2.0,2.0,7,1.0,0.0,0.0,0.0
10562,341.24979293284315,353.7559770318044,8.755977031804388,181.08986254422268,27.458367844526144,1.7023908127217555,1.0,626.2324830389006,626.2324830389006,32.0,32.0,2.0,2.0,7,8.214344876330532,71.36850530030344,72.01730989394257,0.0
6468,85.0,262.0,1.0,21.0,0.0,1.0,0.0,24.0,24.0,3.0,3.0,1.0,1.0,2,1.0,0.0,0.0,0.0
2318,59.0,371.0,1.0,16.0,16.0,-1.0,2.0,9.0,9.0,1.0,1.0,1.0,1.0,2,1.0,1.0,2.0,1.0
4182,6.0,180.0,5.0,16.0,0.0,0.0,0.0,-1.0,0.0,1.0,1.0,0.0,2.0,2,0.0,0.0,1.0,0.0
10497,76.7686459973555,337.92161499338874,3.615677001322249,500.88622350727235,14.192161499338876,0.8078385006611244,1.0,101.0,101.0,92.19216149933888,92.19216149933888,0.0,0.0,12,4.807838500661124,0.0,0.0,0.0
9810,14.0,252.0,10.0,40.0,0.0,0.0,1.0,28.0,28.0,10.0,10.0,1.0,1.0,2,4.0,0.0,0.0,0.0
9406,246.0,305.0,12.0,1137.0,19.0,2.0,1.0,140.0,140.0,134.0,134.0,0.0,0.0,10,2.0,0.0,0.0,0.0
1724,19.0,180.0,1.0,9.0,0.0,0.0,0.0,9.0,9.0,3.0,3.0,1.0,1.0,2,1.0,1.0,1.0,1.0
2138,2.0,222.0,1.0,15.0,0.0,0.0,0.0,8.0,7.0,2.0,2.0,1.0,1.0,2,1.0,1.0,1.0,1.0
2264,4.0,218.0,1.0,10.0,0.0,0.0,0.0,9.0,9.0,2.0,2.0,0.0,1.0,1,1.0,1.0,2.0,0.0
2936,15.0,180.0,1.0,10.0,0.0,0.0,0.0,50.0,50.0,32.0,31.0,2.0,2.0,14,3.0,0.0,0.0,0.0
7538,51.0,354.0,1.0,140.0,25.0,0.0,1.0,105.0,105.0,99.0,99.0,0.0,0.0,12,0.0,0.0,0.0,0.0
480,16.0,180.0,1.0,10.0,0.0,0.0,0.0,21.0,21.0,13.0,13.0,0.0,0.0,10,1.0,2.0,4.0,0.0
4705,60.0,329.0,1.0,30.0,49.0,2.0,0.0,-1.0,-1.0,-1.0,-1.0,-1.0,-1.0,0,-1.0,-1.0,-1.0,-1.0
6301,93.0,283.0,1.0,27.0,0.0,9.0,0.0,82.0,82.0,69.0,69.0,2.0,2.0,7,2.0,0.0,0.0,0.0
6925,69.0,262.0,1.0,21.0,0.0,1.0,0.0,11.0,11.0,3.0,3.0,2.0,2.0,7,1.0,0.0,0.0,0.0
2204,12.0,180.0,1.0,17.0,0.0,0.0,0.0,9.0,9.0,1.0,1.0,1.0,1.0,2,1.0,1.0,2.0,1.0
9501,23.0,288.0,7.0,97.0,0.0,0.0,1.0,44.0,44.0,16.0,16.0,2.0,2.0,7,11.0,0.0,0.0,0.0
10508,1.0,357.348804559979,1.0,7.0,20.348804559978998,0.0,0.6511954400210038,6.0,6.0,1.0,1.0,1.0,1.0,2,1.0,0.0,0.0,0.0
9505,103.0,288.0,37.0,783.0,0.0,0.0,1.0,54.0,54.0,25.0,25.0,2.0,2.0,7,4.0,0.0,0.0,0.0
3194,15.0,224.0,0.0,20.0,7.0,0.0,0.0,9.0,9.0,2.0,2.0,1.0,1.0,2,0.0,0.0,0.0,0.0
2139,2.0,180.0,1.0,8.0,0.0,0.0,0.0,35.0,35.0,1.0,1.0,1.0,1.0,2,31.0,1.0,1.0,1.0
1044,16.0,180.0,1.0,10.0,0.0,0.0,0.0,11.0,11.0,2.0,2.0,1.0,1.0,2,2.0,1.0,2.0,1.0
9716,41.0,229.0,13.0,53.0,0.0,0.0,1.0,43.0,43.0,11.0,11.0,1.0,1.0,2,11.0,0.0,0.0,0.0
4144,9.0,180.0,1.0,9.0,0.0,0.0,0.0,-1.0,0.0,1.0,1.0,0.0,2.0,2,0.0,0.0,0.0,0.0
9021,27.0,298.0,1.0,12.0,0.0,1.0,0.0,12.0,12.0,4.0,4.0,2.0,2.0,7,1.0,0.0,0.0,0.0
7175,37.0,226.0,2.0,25.0,0.0,1.0,1.0,236.0,236.0,167.0,167.0,2.0,2.0,7,5.0,0.0,0.0,0.0
6909,95.0,283.0,1.0,27.0,0.0,9.0,0.0,228.0,228.0,27.0,27.0,2.0,2.0,7,1.0,0.0,0.0,0.0
6618,84.0,262.0,1.0,21.0,0.0,1.0,0.0,27.0,27.0,15.0,15.0,2.0,2.0,7,1.0,0.0,0.0,0.0
6322,87.0,283.0,1.0,30.0,0.0,12.0,0.0,37.0,37.0,25.0,25.0,2.0,2.0,7,1.0,0.0,0.0,0.0
6385,87.0,283.0,1.0,25.0,0.0,7.0,0.0,26.0,26.0,6.0,6.0,2.0,2.0,7,3.0,0.0,0.0,0.0
769,8.0,180.0,0.0,1991.0,0.0,0.0,0.0,10.0,10.0,3.0,3.0,1.0,1.0,2,1.0,1.0,1.0,1.0
4099,6.0,211.0,1.0,18.0,0.0,0.0,0.0,-1.0,-1.0,-1.0,-1.0,-1.0,-1.0,0,-1.0,-1.0,-1.0,-1.0
6374,95.0,436.0,1.0,150.0,13.0,1.0,1.0,11.0,11.0,3.0,3.0,2.0,2.0,7,1.0,0.0,0.0,0.0
5584,37.0,313.0,1.0,50.0,9.0,0.0,1.0,27.0,27.0,9.0,9.0,2.0,2.0,7,1.0,0.0,0.0,0.0
1419,1.0,180.0,1.0,111113.0,0.0,0.0,0.0,5.0,5.0,1.0,1.0,1.0,1.0,1,1.0,1.0,1.0,0.0
7109,81.0,272.0,1.0,21.0,0.0,1.0,0.0,87.0,87.0,20.0,20.0,2.0,2.0,7,4.0,0.0,0.0,0.0
10673,64.77708767853326,375.0516509115999,2.0,397.13980606199993,30.77203878760001,1.1813591917333415,1.0,97.0932040413333,97.0932040413333,89.0932040413333,89.0932040413333,0.0,0.0,10,4.0,0.0,0.0,0.0
3753,-1.0,-1.0,-1.0,-1.0,-1.0,-1.0,2.0,40.0,40.0,15.0,15.0,1.0,1.0,2,14.0,1.0,2.0,1.0
6380,71.0,283.0,1.0,24.0,0.0,6.0,0.0,6.0,6.0,2.0,2.0,1.0,1.0,2,1.0,0.0,0.0,0.0
5100,5.0,180.0,1.0,13.0,0.0,0.0,0.0,10.0,10.0,8.0,8.0,1.0,1.0,2,0.0,1.0,1.0,1.0
10676,11.0,271.0,4.724791412491636,26.275208587508363,0.0,0.0,1.0,25.55041717501673,25.55041717501673,5.8256257625250925,5.8256257625250925,2.0,2.0,7,3.0,0.0,0.0,0.7247914124916358
5061,6.0,180.0,1.0,16.0,0.0,0.0,0.0,-1.0,-1.0,-1.0,-1.0,-1.0,-1.0,0,-1.0,-1.0,-1.0,-1.0
6224,41.0,339.0,7.0,456.0,46.0,0.0,1.0,47.0,47.0,19.0,19.0,2.0,2.0,7,10.0,0.0,0.0,0.0
5209,5.0,5.0,0.0,0.0,1.0,1.0,2.0,0.0,0.0,0.0,1.0,0.0,0.0,1,0.0,0.0,-1.0,-1.0
626,77.0,366.0,1.0,16.0,16.0,-1.0,2.0,10.0,10.0,3.0,3.0,1.0,1.0,2,1.0,1.0,1.0,1.0
6809,87.0,262.0,1.0,21.0,0.0,1.0,0.0,40.0,40.0,37.0,37.0,0.0,0.0,7,1.0,0.0,0.0,0.0
9127,28.0,298.0,1.0,12.0,0.0,1.0,0.0,25.0,25.0,13.0,13.0,2.0,2.0,7,1.0,0.0,0.0,0.0
4249,5.0,180.0,7.0,18.0,0.0,0.0,0.0,-1.0,0.0,-1.0,1.0,11.0,-1.0,19,0.0,-1.0,-1.0,-1.0
6281,398.0,282.0,11.0,93.0,0.0,11.0,1.0,45.0,45.0,10.0,10.0,2.0,2.0,7,4.0,0.0,0.0,0.0
10074,93.08745291044207,413.0380179851373,1.0874529104420672,204.32697776143317,31.825094179115865,0.0,1.0,106.03801798513726,106.03801798513726,100.51330052248485,100.51330052248485,0.0,0.0,10,1.5247174626524025,0.0,0.0,0.0
5912,58.0,344.0,10.0,413.0,56.0,0.0,1.0,44.0,44.0,18.0,18.0,2.0,2.0,7,10.0,0.0,0.0,0.0
638,9.0,180.0,1.0,9.0,0.0,0.0,0.0,17.0,17.0,14.0,14.0,0.0,0.0,7,1.0,0.0,0.0,0.0
9848,17.0,308.0,2.0,82.0,12.0,0.0,1.0,59.0,59.0,14.0,14.0,2.0,2.0,2,6.0,0.0,0.0,0.0
5017,79.0,256.0,1.0,96.0,0.0,0.0,1.0,20.0,20.0,7.0,7.0,1.0,1.0,2,1.0,0.0,0.0,1.0
1552,12.0,224.0,0.0,20.0,7.0,0.0,0.0,9.0,9.0,1.0,1.0,1.0,1.0,2,1.0,1.0,2.0,1.0
26,4.0,180.0,1.0,14.0,0.0,0.0,0.0,13.0,13.0,2.0,2.0,1.0,1.0,2,1.0,2.0,3.0,1.0
6063,78.0,283.0,1.0,30.0,0.0,12.0,0.0,11.0,11.0,3.0,3.0,2.0,2.0,7,1.0,0.0,0.0,0.0
8816,25.0,290.0,3.0,84.0,1.0,0.0,1.0,34.0,34.0,15.0,15.0,2.0,2.0,7,3.0,0.0,0.0,0.0
9777,51.0,293.0,4.0,288.0,0.0,0.0,1.0,33.0,33.0,10.0,10.0,2.0,2.0,7,6.0,0.0,0.0,0.0
9364,25.0,298.0,1.0,12.0,0.0,1.0,0.0,113.0,113.0,18.0,18.0,2.0,2.0,7,1.0,0.0,0.0,0.0
9797,11.0,229.0,6.0,27.0,0.0,0.0,1.0,29.0,29.0,11.0,11.0,2.0,2.0,7,4.0,0.0,0.0,0.0
4983,76.0,329.0,1.0,16.0,16.0,-1.0,2.0,-1.0,-1.0,-1.0,-1.0,-1.0,-1.0,0,-1.0,-1.0,-1.0,-1.0
10704,97.95709244586033,369.00715125902326,2.028605036093118,528.0,23.949941186837044,0.0,1.0,63.02860503609312,63.02860503609312,57.0,57.0,0.0,0.0,10,2.028605036093118,0.0,0.0,0.0
5449,50.0,406.0,9.0,77.0,13.0,0.0,1.0,78.0,78.0,37.0,37.0,3.0,3.0,10,9.0,0.0,0.0,0.0
3954,8.0,180.0,1.0,6.0,0.0,0.0,0.0,-1.0,-1.0,-1.0,-1.0,-1.0,-1.0,0,-1.0,-1.0,-1.0,-1.0
9247,23.0,263.0,1.0,34.0,0.0,0.0,1.0,6.0,6.0,2.0,2.0,1.0,1.0,2,1.0,0.0,0.0,0.0
8294,151.0,353.0,6.0,1071.0,19.0,0.0,1.0,84.0,84.0,23.0,23.0,2.0,2.0,7,1.0,2.0,3.0,0.0
7985,62.0,377.0,2.0,269.0,30.0,0.0,1.0,50.0,50.0,44.0,44.0,0.0,0.0,10,2.0,0.0,0.0,0.0
7064,97.0,283.0,1.0,45.0,0.0,27.0,0.0,11.0,11.0,3.0,3.0,2.0,2.0,7,1.0,0.0,0.0,0.0
393,3.0,180.0,0.0,8.0,0.0,0.0,0.0,14.0,14.0,2.0,2.0,1.0,1.0,2,1.0,2.0,3.0,1.0
1634,10.0,302.0,1.0,10.0,23.0,0.0,1.0,9.0,9.0,2.0,2.0,0.0,1.0,2,0.0,1.0,2.0,0.0
8883,169.0,273.0,25.0,131.0,0.0,0.0,1.0,85.0,85.0,58.0,58.0,0.0,0.0,7,25.0,0.0,0.0,0.0
3587,34.0,278.0,1.0,75.0,10.0,0.0,1.0,9.0,9.0,3.0,3.0,1.0,1.0,2,1.0,1.0,1.0,1.0
10100,60.48113619266566,442.11051918742686,2.0,86.11185101571644,29.703506395808947,0.0,1.0,62.18597441676421,62.18597441676421,52.85042136961488,52.85042136961488,0.2223702031432888,0.2223702031432888,10,1.925876598952237,0.14824680209552588,0.2223702031432888,0.0
4647,9.0,289.0,1.0,10.0,18.0,0.0,1.0,-1.0,-1.0,-1.0,-1.0,-1.0,-1.0,0,-1.0,-1.0,-1.0,-1.0
2554,190.0,277.0,1.0,34.0,0.0,2.0,0.0,8.0,8.0,2.0,2.0,1.0,1.0,2,1.0,1.0,1.0,1.0
5721,60.0,380.0,2.0,43.0,70.0,0.0,1.0,42.0,42.0,18.0,18.0,2.0,2.0,7,2.0,0.0,0.0,0.0
1563,12.0,180.0,1.0,9.0,0.0,0.0,0.0,9.0,9.0,1.0,1.0,1.0,1.0,2,1.0,1.0,2.0,1.0
4305,5.0,180.0,1.0,8.0,0.0,0.0,0.0,-1.0,0.0,1.0,1.0,0.0,2.0,2,0.0,0.0,0.0,0.0
3771,-1.0,-1.0,-1.0,-1.0,-1.0,-1.0,2.0,7.0,7.0,1.0,1.0,0.0,1.0,2,1.0,1.0,1.0,1.0
10837,46.97004101962061,358.4626721359494,2.0,31.77603281569649,53.02995898037939,0.2686639320252927,1.0,32.2387049516459,32.2387049516459,8.194008203924122,8.194008203924122,2.0,2.0,7,2.0,0.0,0.0,0.7313360679747073
4518,8.0,180.0,1.0,10.0,0.0,0.0,0.0,17.0,12.0,4.0,4.0,1.0,1.0,2,2.0,1.0,1.0,0.0
9609,114.0,254.0,3.0,56.0,0.0,0.0,1.0,65.0,65.0,47.0,47.0,0.0,0.0,10,4.0,0.0,0.0,0.0
8381,167.0,377.0,4.0,2209.0,36.0,0.0,1.0,503.0,503.0,164.0,164.0,3.0,3.0,10,2.0,44.0,44.0,0.0
9020,25.0,298.0,1.0,13.0,0.0,1.0,0.0,11.0,11.0,3.0,3.0,2.0,2.0,7,1.0,0.0,0.0,0.0
10441,29.85020375734907,298.0,1.0,12.0,0.0,1.0,0.0,21.383265414216975,21.383265414216975,7.533061656867906,7.533061656867906,2.0,2.0,7,1.6167345857830235,0.0,0.0,1.233469171566047
9864,4.0,396.0,2.0,14.0,11.0,0.0,1.0,9.0,9.0,3.0,3.0,1.0,1.0,2,1.0,1.0,1.0,1.0
4799,680.0,180.0,9.0,41.0,0.0,0.0,0.0,-1.0,-1.0,-1.0,-1.0,-1.0,-1.0,0,-1.0,-1.0,-1.0,-1.0
9579,16.0,229.0,7.0,30.0,0.0,0.0,1.0,169.0,169.0,75.0,75.0,4.0,4.0,10,6.0,0.0,0.0,0.0
3143,1.0,180.0,1.0,4.0,0.0,-1.0,2.0,8.0,8.0,2.0,2.0,1.0,1.0,2,1.0,1.0,1.0,1.0
9648,21.0,253.0,10.0,40.0,0.0,0.0,1.0,141.0,141.0,43.0,43.0,2.0,2.0,7,42.0,0.0,0.0,0.0
8777,188.0,273.0,1.0,73.0,0.0,1.0,1.0,34.0,34.0,31.0,31.0,0.0,0.0,7,1.0,0.0,0.0,0.0
3422,8.0,180.0,1.0,10.0,0.0,0.0,0.0,36.0,36.0,15.0,15.0,1.0,1.0,2,1.0,0.0,0.0,1.0
2166,17.0,258.0,1.0,10.0,6.0,0.0,0.0,9.0,9.0,3.0,3.0,1.0,1.0,2,1.0,1.0,1.0,1.0
1269,10.0,278.0,4.0,19.0,43.0,0.0,1.0,19.0,19.0,9.0,9.0,1.0,1.0,2,1.0,0.0,0.0,0.0
2949,2.0,180.0,1.0,9.0,0.0,0.0,0.0,8.0,8.0,2.0,2.0,1.0,1.0,2,1.0,1.0,1.0,1.0
5762,79.0,373.0,6.0,55.0,63.0,0.0,1.0,54.0,54.0,21.0,21.0,3.0,3.0,10,6.0,0.0,0.0,0.0
1335,-1.0,-1.0,-1.0,-1.0,-1.0,-1.0,2.0,11.0,11.0,2.0,2.0,1.0,1.0,2,2.0,1.0,2.0,0.0
3880,-1.0,-1.0,-1.0,-1.0,-1.0,-1.0,2.0,65.0,65.0,4.0,4.0,1.0,1.0,2,3.0,0.0,0.0,1.0
7391,60.0,352.0,1.0,511.0,27.0,0.0,1.0,1030.0,1030.0,40.0,40.0,6.0,6.0,12,3.0,0.0,0.0,0.0
2738,113.0,180.0,1.0,16.0,0.0,0.0,0.0,8.0,8.0,2.0,2.0,1.0,1.0,2,1.0,1.0,1.0,1.0
10764,8.011645500396309,363.50582275019815,2.7470886249009228,12.24126587470277,10.011645500396309,2.2412658747027687,0.25291137509907713,11.24126587470277,11.24126587470277,4.988354499603691,4.988354499603691,1.0,1.0,2,2.7470886249009228,0.0,0.0,0.0
194,13.0,180.0,1.0,348.0,0.0,0.0,0.0,10.0,10.0,3.0,3.0,1.0,1.0,2,1.0,1.0,1.0,1.0
9618,241.0,298.0,2.0,52.0,0.0,15.0,1.0,163.0,163.0,23.0,23.0,2.0,2.0,7,3.0,0.0,0.0,0.0
2557,1.0,180.0,1.0,111113.0,0.0,0.0,0.0,9.0,10.0,5.0,5.0,1.0,1.0,2,1.0,1.0,1.0,1.0
1788,13.0,180.0,1.0,9.0,0.0,0.0,0.0,8.0,8.0,2.0,2.0,1.0,1.0,2,1.0,1.0,1.0,1.0
4755,5.0,220.0,1.0,12.0,0.0,0.0,0.0,-1.0,-1.0,-1.0,-1.0,-1.0,-1.0,0,-1.0,-1.0,-1.0,-1.0
9014,16.0,285.0,3.0,26.0,0.0,0.0,1.0,20.0,20.0,4.0,4.0,2.0,2.0,7,2.0,0.0,0.0,0.0
593,1.0,180.0,1.0,111113.0,0.0,0.0,0.0,17.0,17.0,3.0,3.0,1.0,1.0,2,7.0,1.0,1.0,1.0
361,4.0,229.0,1.0,10.0,0.0,0.0,0.0,20.0,20.0,6.0,6.0,1.0,1.0,2,5.0,1.0,2.0,1.0
6523,76.0,283.0,1.0,32.0,0.0,14.0,0.0,30.0,30.0,18.0,18.0,2.0,2.0,7,1.0,0.0,0.0,0.0
5316,2.0,180.0,1.0,11.0,0.0,0.0,1.0,10.0,10.0,2.0,2.0,2.0,2.0,2,1.0,2.0,3.0,0.0
10334,84.4586791337858,262.0,1.0,21.0,0.0,1.0,0.0,29.45867913378579,29.45867913378579,17.45867913378579,17.45867913378579,2.0,2.0,7,1.0,0.0,0.0,0.0
9497,45.0,288.0,15.0,193.0,0.0,0.0,1.0,52.0,52.0,25.0,25.0,2.0,2.0,7,4.0,0.0,0.0,0.0
5222,11.0,180.0,25.0,46.0,0.0,0.0,0.0,11.0,11.0,2.0,2.0,2.0,2.0,2,1.0,2.0,3.0,0.0
2274,5.0,180.0,7.0,18.0,0.0,0.0,0.0,68.0,68.0,54.0,53.0,0.0,0.0,3,3.0,4.0,2.0,0.0
5116,76.0,180.0,3.0,86.0,0.0,2.0,1.0,-1.0,0.0,0.0,1.0,0.0,1.0,2,0.0,0.0,1.0,0.0
2266,76.0,180.0,1.0,11.0,0.0,0.0,0.0,9.0,9.0,2.0,2.0,0.0,1.0,1,1.0,1.0,2.0,0.0
2513,8.0,180.0,1.0,10.0,0.0,0.0,0.0,9.0,9.0,3.0,3.0,1.0,1.0,2,1.0,1.0,1.0,1.0
5070,74.0,373.0,1.0,16.0,16.0,-1.0,2.0,-1.0,-1.0,-1.0,-1.0,-1.0,-1.0,0,-1.0,-1.0,-1.0,-1.0
771,9.0,180.0,1.0,9.0,0.0,0.0,0.0,22.0,22.0,6.0,6.0,1.0,1.0,1,3.0,2.0,3.0,2.0
3677,-1.0,-1.0,-1.0,-1.0,-1.0,-1.0,2.0,84.0,84.0,6.0,6.0,0.0,0.0,2,1.0,0.0,0.0,0.0
13,10.0,180.0,15.0,45.0,0.0,0.0,0.0,19.0,19.0,1.0,1.0,1.0,1.0,2,15.0,1.0,1.0,1.0
5176,90.0,409.0,3.0,60.0,34.0,1.0,1.0,-1.0,-1.0,-1.0,-1.0,-1.0,-1.0,0,-1.0,-1.0,-1.0,-1.0
6036,86.0,296.0,1.0,29.0,0.0,1.0,0.0,11.0,11.0,3.0,3.0,1.0,1.0,2,1.0,0.0,0.0,0.0
9728,60.0,282.0,13.0,57.0,0.0,0.0,1.0,59.0,59.0,17.0,17.0,2.0,2.0,7,16.0,0.0,0.0,0.0
3208,8.0,180.0,1.0,11.0,0.0,0.0,0.0,8.0,7.0,2.0,1.0,0.0,0.0,1,1.0,1.0,1.0,1.0
4714,60.0,365.0,1.0,24.0,18.0,0.0,0.0,10.0,9.0,2.0,2.0,0.0,0.0,1,1.0,2.0,3.0,0.0
120,38.0,338.0,1.0,200006.0,13.0,0.0,1.0,19.0,19.0,9.0,9.0,1.0,1.0,2,1.0,0.0,0.0,0.0
4157,46.0,180.0,1.0,15.0,0.0,0.0,0.0,19.0,19.0,9.0,9.0,1.0,1.0,2,1.0,0.0,0.0,0.0
4229,7.0,239.0,1.0,10.0,8.0,0.0,1.0,19.0,19.0,5.0,5.0,1.0,1.0,2,2.0,2.0,3.0,1.0
2084,2.0,192.0,1.0,15.0,0.0,0.0,0.0,9.0,9.0,3.0,3.0,1.0,1.0,2,1.0,1.0,1.0,1.0
827,14.0,180.0,1.0,10.0,0.0,0.0,0.0,10.0,10.0,3.0,3.0,1.0,1.0,2,1.0,1.0,1.0,1.0
3168,9.0,180.0,1.0,9.0,0.0,0.0,0.0,8.0,7.0,2.0,2.0,1.0,1.0,2,1.0,1.0,2.0,1.0
2382,8.0,180.0,1.0,10.0,0.0,0.0,0.0,9.0,9.0,1.0,1.0,0.0,1.0,1,1.0,1.0,2.0,1.0
8369,187.0,370.0,4.0,745.0,14.0,0.0,1.0,298.0,298.0,93.0,93.0,1.0,1.0,2,1.0,2.0,3.0,0.0
8429,283.0,322.0,32.0,2732.0,25.0,9.0,1.0,265.0,265.0,62.0,62.0,2.0,2.0,2,32.0,0.0,0.0,0.0
4873,9.0,286.0,1.0,10.0,14.0,0.0,1.0,-1.0,-1.0,-1.0,-1.0,-1.0,-1.0,0,-1.0,-1.0,-1.0,-1.0
4757,35.0,238.0,1.0,13.0,0.0,1.0,0.0,-1.0,0.0,1.0,1.0,0.0,2.0,2,0.0,0.0,1.0,0.0
8528,202.0,629.0,4.0,157.0,12.0,4.0,1.0,29.0,29.0,17.0,17.0,2.0,2.0,7,1.0,0.0,0.0,0.0
8181,794.0,458.0,9.0,318.0,160.0,66.0,1.0,173.0,173.0,84.0,84.0,6.0,6.0,12,9.0,0.0,0.0,0.0
6725,32.0,298.0,1.0,12.0,0.0,1.0,0.0,135.0,135.0,27.0,27.0,2.0,2.0,7,1.0,0.0,0.0,0.0
4587,34.0,330.0,5.0,23.0,13.0,5.0,1.0,-1.0,0.0,1.0,1.0,0.0,1.0,2,0.0,0.0,0.0,0.0
9905,9.0,289.0,4.0,19.0,62.0,0.0,1.0,8.0,8.0,2.0,2.0,1.0,1.0,2,1.0,1.0,1.0,1.0
3142,8.0,180.0,1.0,10.0,0.0,0.0,0.0,45.0,45.0,9.0,9.0,1.0,1.0,2,1.0,0.0,0.0,0.0
10809,102.73782716591364,282.2088024596511,1.0,120.12297119431894,0.4385144028405298,0.4385144028405298,1.0,46.577716042607946,46.577716042607946,22.754057611362118,22.754057611362118,2.0,2.0,7,1.0,0.0,0.0,0.0
622,9.0,246.0,1.0,10.0,8.0,0.0,0.0,19.0,19.0,9.0,9.0,1.0,1.0,2,1.0,0.0,0.0,0.0
4066,5.0,247.0,1.0,16.0,0.0,0.0,0.0,19.0,19.0,9.0,9.0,1.0,1.0,2,1.0,0.0,0.0,0.0
6220,44.0,499.0,5.0,363.0,67.0,0.0,1.0,11.0,11.0,3.0,3.0,2.0,2.0,7,1.0,0.0,0.0,0.0
1680,1.0,180.0,1.0,111113.0,0.0,0.0,0.0,4.0,4.0,1.0,1.0,0.0,1.0,1,1.0,1.0,1.0,1.0
2654,8.0,180.0,1.0,11.0,0.0,0.0,0.0,9.0,8.0,2.0,2.0,0.0,0.0,1,1.0,2.0,3.0,0.0
4323,7.0,250.0,1.0,15.0,0.0,0.0,0.0,-1.0,0.0,1.0,1.0,0.0,2.0,2,0.0,0.0,0.0,0.0
1030,94.0,180.0,1.0,9.0,0.0,0.0,0.0,13.0,13.0,2.0,2.0,1.0,1.0,2,1.0,2.0,3.0,1.0
3828,-1.0,-1.0,-1.0,-1.0,-1.0,-1.0,2.0,41.0,41.0,20.0,20.0,0.0,0.0,2,3.0,1.0,1.0,1.0
2635,6.0,211.0,1.0,18.0,0.0,0.0,0.0,9.0,9.0,3.0,3.0,1.0,1.0,2,1.0,1.0,1.0,1.0
3172,6.0,307.0,4.0,18.0,82.0,0.0,1.0,9.0,9.0,3.0,3.0,1.0,1.0,2,1.0,1.0,1.0,1.0
9565,28.0,229.0,3.0,18.0,0.0,0.0,1.0,24.0,24.0,5.0,5.0,1.0,1.0,2,5.0,0.0,0.0,0.0
1970,18.0,180.0,1.0,10.0,0.0,0.0,0.0,8.0,7.0,2.0,2.0,1.0,1.0,2,1.0,1.0,1.0,1.0
8482,129.0,282.0,4.0,46.0,0.0,4.0,1.0,28.0,28.0,6.0,6.0,2.0,2.0,7,2.0,0.0,0.0,0.0
3438,9.0,180.0,1.0,9.0,0.0,0.0,0.0,97.0,97.0,28.0,28.0,2.0,2.0,7,5.0,1.0,2.0,1.0
4689,51.0,180.0,2.0,24.0,0.0,-1.0,2.0,10.0,10.0,3.0,3.0,1.0,1.0,2,1.0,1.0,1.0,1.0
5606,49.0,303.0,6.0,31.0,8.0,0.0,1.0,30.0,30.0,6.0,6.0,1.0,1.0,2,6.0,0.0,0.0,0.0
7060,74.0,272.0,1.0,21.0,0.0,1.0,0.0,30.0,30.0,18.0,18.0,2.0,2.0,7,1.0,0.0,0.0,0.0
898,4.0,180.0,1.0,14.0,0.0,0.0,0.0,14.0,14.0,6.0,6.0,1.0,1.0,2,1.0,3.0,4.0,0.0
10170,87.74270952918269,262.0,1.0,21.0,0.0,1.0,0.0,23.085763490272438,23.085763490272438,11.085763490272438,11.085763490272438,2.0,2.0,7,1.0,0.0,0.0,0.0
8434,167.0,296.0,1.0,122.0,0.0,4.0,1.0,41.0,41.0,15.0,15.0,2.0,2.0,7,1.0,0.0,0.0,0.0
2804,4.0,180.0,1.0,14.0,0.0,0.0,0.0,39.0,39.0,24.0,24.0,0.0,0.0,2,0.0,0.0,0.0,0.0
1922,3.0,180.0,1.0,10.0,0.0,0.0,0.0,9.0,9.0,1.0,1.0,1.0,1.0,2,1.0,1.0,2.0,1.0
4051,9.0,180.0,1.0,9.0,0.0,0.0,0.0,-1.0,0.0,1.0,1.0,0.0,2.0,2,0.0,0.0,0.0,0.0
2924,120.0,180.0,1.0,77.0,0.0,0.0,0.0,8.0,8.0,2.0,2.0,1.0,1.0,2,1.0,1.0,1.0,1.0
3834,-1.0,-1.0,-1.0,-1.0,-1.0,-1.0,2.0,71.0,71.0,56.0,56.0,1.0,1.0,2,1.0,3.0,4.0,0.0
2647,1985.0,180.0,1.0,65.0,0.0,0.0,0.0,6.0,6.0,3.0,3.0,1.0,1.0,2,1.0,1.0,1.0,1.0
4539,8.0,260.0,1.0,10.0,13.0,0.0,0.0,-1.0,-1.0,-1.0,-1.0,-1.0,-1.0,0,-1.0,-1.0,-1.0,-1.0
358,19.0,180.0,1.0,10.0,0.0,0.0,0.0,10.0,10.0,3.0,3.0,1.0,1.0,2,1.0,1.0,1.0,1.0
5436,42.0,336.0,7.0,63.0,13.0,0.0,1.0,64.0,64.0,28.0,28.0,3.0,3.0,10,7.0,0.0,0.0,0.0
5389,32.0,450.0,5.0,42.0,62.0,0.0,1.0,41.0,41.0,14.0,14.0,2.0,2.0,7,5.0,0.0,0.0,1.0
3723,-1.0,-1.0,-1.0,-1.0,-1.0,-1.0,2.0,72.0,72.0,36.0,36.0,1.0,1.0,13,8.0,0.0,0.0,2.0
998,5.0,180.0,7.0,18.0,0.0,0.0,0.0,11.0,11.0,3.0,3.0,0.0,1.0,1,1.0,3.0,4.0,0.0
10557,168.80392391015877,282.7338882053514,1.17086801283446,201.53222358929727,9.2913198716554,0.3417360256689199,1.0,106.22128416684798,106.22128416684798,91.41177173047635,91.41177173047635,0.3417360256689199,0.3417360256689199,2,5.31652794866216,0.0,0.0,0.82913198716554
2332,75.0,256.0,1.0,36.0,0.0,12.0,0.0,9.0,9.0,2.0,2.0,0.0,1.0,2,0.0,1.0,2.0,0.0
9778,85.0,303.0,5.0,218.0,11.0,0.0,1.0,251.0,251.0,14.0,14.0,2.0,2.0,7,5.0,0.0,0.0,1.0
9188,23.0,302.0,1.0,25.0,21.0,0.0,1.0,6.0,6.0,2.0,2.0,1.0,1.0,2,1.0,0.0,0.0,0.0
6965,56.0,243.0,2.0,22.0,0.0,0.0,1.0,30.0,30.0,4.0,4.0,1.0,1.0,2,1.0,0.0,0.0,0.0
10433,119.05386675367868,273.0,13.557696989472426,112.93847277473382,0.0,0.0,1.0,69.11539397894485,69.11539397894485,53.557696989472426,53.557696989472426,0.0,0.0,7,13.557696989472426,0.0,0.0,0.0
8139,331.0,332.0,14.0,536.0,31.0,0.0,1.0,149.0,149.0,34.0,34.0,3.0,3.0,10,5.0,0.0,0.0,0.0
3955,7.0,180.0,1.0,10.0,0.0,0.0,0.0,128.0,127.0,47.0,47.0,2.0,2.0,7,24.0,1.0,1.0,1.0
3730,-1.0,-1.0,-1.0,-1.0,-1.0,-1.0,2.0,5.0,6.0,0.0,0.0,1.0,1.0,2,12.0,0.0,0.0,0.0
9597,126.0,281.0,4.0,70.0,0.0,0.0,1.0,39.0,39.0,9.0,9.0,1.0,1.0,2,8.0,0.0,0.0,0.0
11000,99.38856778730766,378.4177198976662,3.8446490955606274,731.4177198976662,40.18450301479791,0.0,1.0,202.68929819112125,202.68929819112125,33.339853919237285,33.339853919237285,2.563099397040418,2.563099397040418,7,6.970847889641464,0.0,0.7184503014797909,0.0
2006,16.0,180.0,1.0,10.0,0.0,0.0,0.0,5.0,4.0,1.0,0.0,0.0,0.0,1,1.0,0.0,0.0,1.0
3510,7.0,180.0,1.0,10.0,0.0,0.0,0.0,8.0,8.0,1.0,1.0,1.0,1.0,2,1.0,0.0,0.0,1.0
191,15.0,180.0,1.0,10.0,0.0,0.0,0.0,14.0,14.0,2.0,2.0,1.0,1.0,2,1.0,2.0,3.0,1.0
893,7.0,180.0,1.0,11.0,0.0,0.0,0.0,11.0,11.0,1.0,1.0,1.0,1.0,2,1.0,1.0,1.0,1.0
1874,12.0,180.0,25.0,46.0,0.0,0.0,0.0,9.0,9.0,2.0,2.0,0.0,1.0,1,1.0,1.0,2.0,0.0
2132,18.0,180.0,1.0,10.0,0.0,0.0,0.0,9.0,9.0,1.0,1.0,1.0,1.0,2,1.0,1.0,2.0,1.0
2451,6.0,218.0,1.0,10.0,0.0,0.0,0.0,9.0,9.0,2.0,2.0,0.0,1.0,1,1.0,2.0,3.0,0.0
2763,9.0,180.0,1.0,9.0,0.0,0.0,0.0,7.0,6.0,1.0,1.0,0.0,0.0,1,1.0,1.0,1.0,0.0
7928,75.0,367.0,2.0,343.0,16.0,0.0,1.0,68.0,68.0,61.0,61.0,0.0,0.0,12,3.0,0.0,0.0,0.0
10277,23.7966975886954,283.0,1.0,10.0,0.0,1.0,0.0,6.0,6.0,2.0,2.0,1.0,1.0,2,1.0,0.0,0.0,0.0
6341,74.0,262.0,1.0,21.0,0.0,1.0,0.0,109.0,109.0,18.0,18.0,2.0,2.0,7,1.0,0.0,0.0,0.0
9208,139.0,295.0,2.0,283.0,1.0,1.0,1.0,62.0,62.0,56.0,56.0,0.0,0.0,7,4.0,0.0,0.0,0.0
2277,4.0,180.0,1.0,111614.0,0.0,0.0,0.0,9.0,9.0,2.0,2.0,0.0,1.0,1,1.0,2.0,3.0,0.0
3137,154.0,180.0,1.0,6.0,0.0,0.0,0.0,8.0,8.0,2.0,2.0,1.0,1.0,2,1.0,1.0,1.0,1.0
8845,135.0,304.0,1.0,84.0,0.0,0.0,1.0,84.0,84.0,15.0,15.0,2.0,2.0,7,1.0,0.0,0.0,0.0
256,15.0,251.0,1.0,16.0,0.0,-1.0,2.0,10.0,10.0,3.0,3.0,1.0,1.0,2,1.0,1.0,1.0,1.0
4646,8.0,180.0,1.0,122.0,0.0,0.0,0.0,19.0,19.0,9.0,9.0,1.0,1.0,2,1.0,0.0,0.0,0.0
4624,73.0,376.0,1.0,35.0,0.0,2.0,1.0,13.0,13.0,10.0,10.0,0.0,0.0,7,1.0,0.0,0.0,0.0
1062,77.0,367.0,1.0,16.0,16.0,-1.0,2.0,14.0,14.0,2.0,2.0,1.0,1.0,2,1.0,2.0,3.0,1.0
8867,189.0,304.0,4.0,84.0,0.0,0.0,1.0,81.0,81.0,16.0,16.0,2.0,2.0,7,4.0,0.0,0.0,0.0
5242,2.0,180.0,1.0,11.0,0.0,0.0,1.0,13.0,13.0,2.0,2.0,1.0,1.0,2,1.0,2.0,3.0,1.0
6390,34.0,298.0,1.0,12.0,0.0,1.0,0.0,136.0,136.0,23.0,23.0,2.0,2.0,7,1.0,0.0,0.0,0.0
1832,1.0,180.0,1.0,111714.0,0.0,0.0,0.0,7.0,7.0,1.0,1.0,1.0,1.0,2,1.0,1.0,1.0,1.0
8464,233.0,282.0,6.0,64.0,0.0,6.0,1.0,60.0,60.0,14.0,14.0,2.0,2.0,7,6.0,0.0,0.0,0.0
5859,48.0,300.0,3.0,65.0,1.0,0.0,1.0,64.0,64.0,8.0,8.0,2.0,2.0,7,3.0,0.0,0.0,1.0
5133,45.0,180.0,3.0,125.0,0.0,0.0,1.0,10.0,10.0,3.0,3.0,1.0,1.0,2,1.0,1.0,1.0,1.0
471,10.0,256.0,1.0,16.0,0.0,0.0,0.0,14.0,14.0,6.0,6.0,1.0,1.0,2,1.0,3.0,4.0,0.0
4998,7.0,180.0,1.0,11.0,0.0,0.0,0.0,-1.0,0.0,1.0,1.0,0.0,2.0,2,0.0,0.0,0.0,0.0
10323,80.3507898871676,262.0,1.0,21.0,0.0,1.0,0.0,21.1623025282081,21.1623025282081,8.5130924153757,8.5130924153757,2.0,2.0,7,1.0,0.0,0.0,0.0
759,16.0,180.0,1.0,10.0,0.0,0.0,0.0,12.0,12.0,3.0,3.0,1.0,1.0,2,2.0,1.0,2.0,1.0
3090,2.0,222.0,1.0,15.0,0.0,0.0,0.0,9.0,8.0,2.0,2.0,0.0,0.0,1,1.0,2.0,3.0,0.0
3415,10.0,224.0,0.0,20.0,7.0,0.0,0.0,8.0,8.0,2.0,2.0,1.0,1.0,2,1.0,1.0,1.0,1.0
8080,66.0,360.0,9.0,154.0,30.0,0.0,1.0,124.0,124.0,111.0,111.0,0.0,0.0,10,9.0,0.0,0.0,0.0
4947,52.0,229.0,1.0,33.0,0.0,2.0,1.0,-1.0,-1.0,-1.0,-1.0,-1.0,-1.0,0,-1.0,-1.0,-1.0,-1.0
3769,-1.0,-1.0,-1.0,-1.0,-1.0,-1.0,2.0,9.0,9.0,3.0,3.0,1.0,1.0,2,1.0,2.0,1.0,0.0
10812,58.31967891174493,367.6803210882551,3.0168252058813123,455.9663495882374,18.067300823525247,0.0,1.0,109.23555288233837,109.23555288233837,64.66349588237375,64.66349588237375,0.05047561764393649,0.05047561764393649,11,3.9663495882373754,0.0336504117626244,0.05047561764393649,0.0
10092,65.78043667393835,226.0,2.0,65.2516541408959,0.0,1.0575650660849314,1.0,39.11513013216986,39.11513013216986,14.345390396509588,14.345390396509588,2.0,2.0,4,1.4712174669575342,0.0,0.0,0.4712174669575343
4486,9.0,376.0,5.0,20.0,0.0,0.0,1.0,-1.0,-1.0,-1.0,-1.0,-1.0,-1.0,0,-1.0,-1.0,-1.0,-1.0
5460,38.0,354.0,6.0,66.0,9.0,0.0,1.0,67.0,67.0,26.0,26.0,3.0,3.0,10,6.0,0.0,0.0,0.0
5718,56.0,335.0,2.0,39.0,8.0,0.0,1.0,38.0,38.0,11.0,11.0,1.0,1.0,2,2.0,0.0,0.0,0.0
5335,-1.0,-1.0,-1.0,-1.0,-1.0,-1.0,2.0,22.0,22.0,6.0,6.0,1.0,1.0,1,3.0,2.0,4.0,2.0
4987,69.0,331.0,5.0,195.0,43.0,15.0,1.0,-1.0,-1.0,-1.0,-1.0,-1.0,-1.0,0,-1.0,-1.0,-1.0,-1.0
6417,33.0,298.0,1.0,12.0,0.0,1.0,0.0,36.0,36.0,24.0,24.0,2.0,2.0,7,1.0,0.0,0.0,0.0
9900,78.0,324.0,1.0,16.0,16.0,-1.0,2.0,9.0,9.0,3.0,3.0,1.0,1.0,2,1.0,1.0,1.0,1.0
5811,62.0,356.0,3.0,82.0,47.0,0.0,1.0,81.0,81.0,22.0,22.0,2.0,2.0,7,3.0,0.0,0.0,0.0
1631,2.0,180.0,1.0,111714.0,0.0,0.0,0.0,9.0,9.0,1.0,1.0,1.0,1.0,2,1.0,1.0,2.0,1.0
6598,73.0,262.0,1.0,21.0,0.0,1.0,0.0,31.0,31.0,19.0,19.0,2.0,2.0,7,1.0,0.0,0.0,0.0
652,16.0,180.0,1.0,10.0,0.0,0.0,0.0,30.0,30.0,4.0,4.0,1.0,1.0,2,1.0,1.0,2.0,1.0
6816,80.0,283.0,1.0,28.0,0.0,10.0,0.0,87.0,87.0,17.0,17.0,2.0,2.0,7,1.0,0.0,0.0,0.0
2147,16.0,251.0,1.0,16.0,0.0,-1.0,2.0,9.0,9.0,3.0,3.0,1.0,1.0,2,1.0,1.0,1.0,1.0
10220,50.322175779114005,335.82101345604775,2.0715946175808906,85.71362152967644,22.46304036814332,0.0,1.0,84.71362152967644,84.71362152967644,17.0,17.0,2.0,2.0,7,2.0715946175808906,0.0,0.0,0.0
9330,101.0,283.0,1.0,31.0,0.0,13.0,0.0,11.0,11.0,3.0,3.0,2.0,2.0,7,1.0,0.0,0.0,0.0
4431,38.0,338.0,1.0,200005.0,13.0,0.0,1.0,-1.0,-1.0,-1.0,-1.0,-1.0,-1.0,0,-1.0,-1.0,-1.0,-1.0
10161,74.02160216699185,262.0,1.0,21.0,0.0,1.0,0.0,11.0,11.0,3.0,3.0,2.0,2.0,7,1.0,0.0,0.0,0.0
7940,79.0,366.0,2.0,356.0,16.0,0.0,1.0,61.0,61.0,54.0,54.0,0.0,0.0,12,3.0,0.0,0.0,0.0
2088,3.0,180.0,1.0,10.0,0.0,0.0,0.0,4.0,4.0,1.0,1.0,1.0,1.0,2,0.0,1.0,1.0,1.0
151,9.0,180.0,1.0,9.0,0.0,0.0,0.0,14.0,15.0,1.0,1.0,1.0,1.0,1,1.0,2.0,3.0,0.0
2313,7.0,180.0,1.0,10.0,0.0,0.0,0.0,7.0,7.0,1.0,1.0,1.0,1.0,2,1.0,2.0,3.0,1.0
7821,90.0,412.0,3.0,538.0,27.0,0.0,1.0,55.0,55.0,49.0,49.0,0.0,0.0,10,2.0,0.0,0.0,0.0
3808,-1.0,-1.0,-1.0,-1.0,-1.0,-1.0,2.0,68.0,68.0,17.0,17.0,7.0,7.0,16,5.0,4.0,6.0,0.0
5885,37.0,335.0,1.0,44.0,35.0,0.0,1.0,43.0,43.0,5.0,5.0,2.0,2.0,7,1.0,0.0,0.0,1.0
7954,74.0,374.0,1.0,609.0,33.0,0.0,1.0,414.0,414.0,202.0,202.0,2.0,2.0,7,2.0,14.0,15.0,0.0
4924,5.0,180.0,1.0,10.0,0.0,0.0,0.0,19.0,19.0,7.0,7.0,2.0,2.0,7,1.0,1.0,1.0,1.0
6880,72.0,538.0,9.0,885.0,80.0,0.0,1.0,207.0,207.0,58.0,58.0,2.0,2.0,7,42.0,0.0,0.0,0.0
919,77.0,309.0,1.0,16.0,16.0,-1.0,2.0,22.0,22.0,7.0,7.0,1.0,1.0,2,6.0,1.0,2.0,1.0
6406,91.0,283.0,1.0,35.0,0.0,17.0,0.0,12.0,12.0,4.0,4.0,2.0,2.0,7,1.0,0.0,0.0,0.0
2579,8.0,180.0,1.0,16.0,0.0,0.0,0.0,8.0,8.0,2.0,2.0,1.0,1.0,2,1.0,1.0,1.0,1.0
3619,77.0,318.0,1.0,16.0,16.0,-1.0,2.0,8.0,8.0,2.0,2.0,1.0,1.0,2,1.0,1.0,1.0,1.0
7300,77.0,568.0,9.0,1095.0,90.0,0.0,1.0,152.0,152.0,49.0,49.0,2.0,2.0,7,33.0,0.0,0.0,0.0
6938,98.0,283.0,1.0,42.0,0.0,24.0,0.0,28.0,28.0,16.0,16.0,2.0,2.0,7,1.0,0.0,0.0,0.0
5824,57.0,273.0,1.0,66.0,0.0,0.0,1.0,36.0,36.0,33.0,33.0,0.0,0.0,7,1.0,0.0,0.0,0.0
3325,45.0,45107.0,0.0,5.0,44927.0,0.0,0.0,9.0,9.0,3.0,3.0,1.0,1.0,2,1.0,1.0,1.0,1.0
4402,8.0,180.0,1.0,10.0,0.0,0.0,0.0,17.0,12.0,4.0,4.0,1.0,1.0,2,2.0,2.0,2.0,0.0
10824,147.7303406168238,303.25393187663525,7.968544986918092,92.25393187663524,12.683158097200945,0.0,1.0,91.25393187663524,91.25393187663524,18.25393187663524,18.25393187663524,1.2539318766352385,1.2539318766352385,3,8.22247686355333,0.0,0.0,0.0
3784,-1.0,-1.0,-1.0,-1.0,-1.0,-1.0,2.0,69.0,69.0,12.0,12.0,1.0,1.0,2,1.0,1.0,2.0,0.0
1249,57.0,180.0,1.0,9.0,0.0,0.0,0.0,11.0,11.0,3.0,3.0,0.0,1.0,1,1.0,3.0,4.0,0.0
3992,8.0,180.0,1.0,10.0,0.0,0.0,0.0,171.0,171.0,53.0,53.0,2.0,2.0,7,19.0,0.0,0.0,1.0
2850,15.0,224.0,0.0,20.0,7.0,0.0,0.0,54.0,54.0,14.0,12.0,1.0,1.0,2,1.0,0.0,0.0,0.0
2660,15.0,224.0,0.0,20.0,7.0,0.0,0.0,5.0,5.0,0.0,0.0,1.0,1.0,2,1.0,0.0,0.0,1.0
7638,85.0,353.0,2.0,500.0,15.0,0.0,1.0,146.0,146.0,37.0,37.0,6.0,6.0,10,2.0,38.0,38.0,0.0
8220,1.0,361.0,1.0,7.0,11.0,0.0,0.0,6.0,6.0,1.0,1.0,1.0,1.0,2,1.0,0.0,0.0,0.0
8473,113.0,282.0,4.0,40.0,0.0,4.0,1.0,54.0,54.0,12.0,12.0,2.0,2.0,7,5.0,0.0,0.0,0.0
8059,343.0,400.0,1.0,320.0,20.0,1.0,1.0,213.0,213.0,8.0,8.0,1.0,1.0,2,6.0,0.0,0.0,0.0
6922,77.0,265.0,1.0,21.0,0.0,1.0,0.0,29.0,29.0,17.0,17.0,2.0,2.0,7,1.0,0.0,0.0,0.0
6697,76.0,265.0,1.0,21.0,0.0,1.0,0.0,34.0,34.0,31.0,31.0,0.0,0.0,7,1.0,0.0,0.0,0.0
3794,-1.0,-1.0,-1.0,-1.0,-1.0,-1.0,2.0,59.0,59.0,15.0,15.0,0.0,0.0,1,14.0,4.0,5.0,0.0
5888,57.0,319.0,2.0,28.0,28.0,0.0,1.0,27.0,27.0,8.0,8.0,2.0,2.0,7,2.0,0.0,0.0,0.0
7998,99.0,448.0,3.0,566.0,26.0,0.0,1.0,98.0,98.0,91.0,91.0,0.0,0.0,10,3.0,0.0,0.0,0.0
3022,7.0,212.0,1.0,9.0,4.0,0.0,0.0,9.0,9.0,3.0,3.0,1.0,1.0,2,1.0,1.0,1.0,1.0
8371,128.0,446.0,3.0,352.0,24.0,0.0,1.0,148.0,148.0,69.0,69.0,2.0,2.0,7,2.0,8.0,9.0,0.0
3745,-1.0,-1.0,-1.0,-1.0,-1.0,-1.0,2.0,76.0,76.0,8.0,8.0,4.0,4.0,7,2.0,2.0,4.0,0.0
8684,410.0,350.0,12.0,495.0,31.0,5.0,1.0,57.0,57.0,22.0,22.0,3.0,3.0,10,2.0,0.0,0.0,0.0
2236,2.0,180.0,1.0,9.0,0.0,0.0,0.0,44.0,44.0,13.0,13.0,1.0,1.0,2,2.0,1.0,1.0,1.0
710,9.0,180.0,1.0,9.0,0.0,0.0,0.0,24.0,24.0,5.0,5.0,1.0,1.0,2,4.0,5.0,6.0,1.0
3999,9.0,180.0,1.0,152.0,0.0,0.0,0.0,30.0,30.0,23.0,23.0,0.0,0.0,10,0.0,0.0,0.0,0.0
10462,1.0,352.37716838280664,1.0,7.311415808596681,15.377168382806637,0.0,0.6885841914033182,6.311415808596681,6.311415808596681,1.0,1.0,1.0,1.0,2,1.0,0.0,0.0,0.0
7457,83.0,373.0,1.0,736.0,16.0,0.0,1.0,92.0,92.0,87.0,87.0,0.0,0.0,10,1.0,0.0,0.0,0.0
1129,7.0,180.0,1.0,11.0,0.0,0.0,0.0,28.0,28.0,10.0,10.0,1.0,1.0,2,9.0,1.0,2.0,1.0
5433,43.0,368.0,7.0,65.0,13.0,0.0,1.0,66.0,66.0,27.0,27.0,3.0,3.0,10,7.0,0.0,0.0,0.0
3566,26.0,25913.0,0.0,4.0,0.0,0.0,0.0,9.0,9.0,3.0,3.0,1.0,1.0,2,1.0,1.0,1.0,1.0
8733,97.0,301.0,1.0,231.0,9.0,7.0,1.0,84.0,84.0,43.0,43.0,2.0,2.0,7,2.0,0.0,0.0,0.0
6829,78.0,279.0,1.0,46.0,0.0,0.0,1.0,11.0,11.0,3.0,3.0,2.0,2.0,7,1.0,0.0,0.0,0.0
8150,94.0,359.0,10.0,106.0,33.0,0.0,1.0,58.0,58.0,56.0,56.0,0.0,0.0,2,0.0,0.0,0.0,0.0
10753,26.860659467071947,298.0,1.0,12.0,0.0,1.0,0.0,32.62021982235731,32.62021982235731,20.620219822357317,20.620219822357317,2.0,2.0,7,1.0,0.0,0.0,0.0
10063,380.57411858368096,358.5078983568449,7.869076232366318,1267.871479751137,41.31227104841358,0.4589915297370758,1.0,1581.739669150771,1581.739669150771,124.55225512583762,124.55225512583762,4.294957648685379,4.294957648685379,11,13.376974589211228,0.0,0.0,0.5410084702629242
2950,15.0,224.0,0.0,20.0,7.0,0.0,0.0,39.0,39.0,24.0,24.0,0.0,0.0,2,0.0,0.0,0.0,0.0
1012,76.0,351.0,1.0,16.0,16.0,-1.0,2.0,30.0,30.0,4.0,4.0,1.0,1.0,2,1.0,1.0,2.0,1.0
841,3.0,250.0,1.0,15.0,0.0,0.0,0.0,16.0,17.0,8.0,8.0,1.0,1.0,2,1.0,3.0,4.0,0.0
6936,79.0,283.0,1.0,29.0,0.0,11.0,0.0,39.0,39.0,7.0,7.0,1.0,1.0,2,1.0,0.0,0.0,0.0
10467,106.16587791272025,322.23981309489255,8.625591565459818,1165.3071107647163,12.791469478180062,0.0,1.0,90.69952674763215,90.69952674763215,26.791469478180062,26.791469478180062,2.0,2.0,4,10.834122087279756,1.1165877912720243,1.6748816869080365,0.0
2112,12.0,180.0,1.0,9.0,0.0,0.0,0.0,9.0,9.0,1.0,1.0,1.0,1.0,2,1.0,1.0,2.0,1.0
6413,77.0,262.0,1.0,21.0,0.0,1.0,0.0,122.0,122.0,25.0,25.0,2.0,2.0,7,1.0,0.0,0.0,0.0
7126,72.0,262.0,1.0,21.0,0.0,1.0,0.0,34.0,34.0,22.0,22.0,2.0,2.0,7,1.0,0.0,0.0,0.0
8044,34.0,350.0,3.0,244.0,48.0,0.0,1.0,45.0,45.0,13.0,13.0,2.0,2.0,7,9.0,0.0,0.0,0.0
4513,5.0,218.0,1.0,10.0,0.0,0.0,0.0,-1.0,0.0,1.0,1.0,0.0,2.0,2,0.0,0.0,0.0,0.0
7217,40.0,305.0,2.0,264.0,6.0,9.0,1.0,63.0,63.0,40.0,40.0,2.0,2.0,7,2.0,0.0,0.0,0.0
5683,34.0,299.0,1.0,24.0,8.0,0.0,1.0,23.0,23.0,5.0,5.0,1.0,1.0,2,1.0,0.0,0.0,0.0
3163,14.0,224.0,0.0,20.0,7.0,0.0,0.0,39.0,39.0,24.0,24.0,0.0,0.0,2,0.0,0.0,0.0,0.0
1441,21.0,180.0,1.0,9.0,0.0,0.0,0.0,9.0,9.0,3.0,3.0,1.0,1.0,2,1.0,1.0,1.0,1.0
1613,15.0,180.0,1.0,10.0,0.0,0.0,0.0,9.0,9.0,1.0,1.0,1.0,1.0,2,1.0,1.0,2.0,1.0
5699,80.0,335.0,10.0,52.0,8.0,0.0,1.0,51.0,51.0,15.0,15.0,1.0,1.0,2,10.0,0.0,0.0,0.0
11099,97.51255293284022,384.4874470671598,2.991631378106523,799.4958156890533,14.0,0.0,1.0,65.43723533579892,65.43723533579892,58.94141964674566,58.94141964674566,0.0,0.0,10,2.4958156890532615,0.0,0.0,0.0
4870,59.0,224.0,1.0,407.0,0.0,1.0,1.0,-1.0,-1.0,-1.0,-1.0,-1.0,-1.0,0,-1.0,-1.0,-1.0,-1.0
7001,71.0,283.0,1.0,21.0,0.0,3.0,0.0,6.0,6.0,2.0,2.0,1.0,1.0,2,1.0,0.0,0.0,0.0
3866,36.0,444.0,4.0,76.0,79.0,0.0,1.0,33.0,33.0,2.0,2.0,1.0,1.0,2,2.0,0.0,0.0,1.0
3450,273.0,180.0,1.0,36.0,0.0,1.0,1.0,9.0,9.0,3.0,3.0,1.0,1.0,2,1.0,1.0,1.0,1.0
316,6.0,211.0,1.0,18.0,0.0,0.0,0.0,10.0,10.0,3.0,3.0,1.0,1.0,2,1.0,1.0,1.0,1.0
3917,-1.0,-1.0,-1.0,-1.0,-1.0,-1.0,2.0,56.0,56.0,-1.0,-1.0,-1.0,-1.0,0,-1.0,-1.0,-1.0,-1.0
2997,19.0,240.0,2.0,31.0,14.0,0.0,0.0,8.0,8.0,2.0,2.0,1.0,1.0,2,1.0,1.0,1.0,1.0
3145,8.0,180.0,1.0,10.0,0.0,0.0,0.0,5.0,5.0,2.0,2.0,1.0,1.0,2,1.0,1.0,1.0,1.0
879,8.0,180.0,1.0,11.0,0.0,0.0,0.0,19.0,18.0,9.0,8.0,0.0,0.0,1,1.0,0.0,0.0,0.0
7506,361.0,346.0,2.0,123.0,24.0,2.0,1.0,180.0,180.0,175.0,175.0,0.0,0.0,7,3.0,0.0,0.0,0.0
3678,-1.0,-1.0,-1.0,-1.0,-1.0,-1.0,2.0,7.0,7.0,1.0,1.0,1.0,1.0,2,1.0,0.0,0.0,0.0
6951,77.0,262.0,1.0,21.0,0.0,1.0,0.0,147.0,147.0,30.0,30.0,2.0,2.0,7,1.0,0.0,0.0,0.0
5818,92.0,273.0,4.0,92.0,0.0,0.0,1.0,52.0,52.0,46.0,46.0,0.0,0.0,7,4.0,0.0,0.0,0.0
8209,2.0,383.0,1.0,13.0,46.0,0.0,1.0,12.0,12.0,1.0,1.0,1.0,1.0,2,1.0,0.0,0.0,0.0
330,16.0,180.0,1.0,10.0,0.0,0.0,0.0,16.0,16.0,4.0,4.0,1.0,1.0,2,3.0,1.0,2.0,1.0
4893,6.0,180.0,5.0,16.0,0.0,0.0,0.0,10.0,10.0,3.0,3.0,1.0,1.0,2,1.0,1.0,1.0,1.0
1673,16.0,180.0,1.0,10.0,0.0,0.0,0.0,9.0,9.0,2.0,2.0,0.0,1.0,1,1.0,2.0,3.0,0.0
8421,160.0,210.0,2.0,18.0,0.0,6.0,0.0,17.0,17.0,10.0,10.0,1.0,1.0,2,2.0,0.0,0.0,0.0
3578,1713.0,251.0,13.0,188.0,0.0,15.0,1.0,9.0,9.0,3.0,3.0,1.0,1.0,2,1.0,1.0,1.0,1.0
5974,84.0,474.0,1.0,76.0,29.0,1.0,1.0,75.0,75.0,16.0,16.0,2.0,2.0,7,1.0,0.0,0.0,0.0
1498,18.0,180.0,1.0,10.0,0.0,0.0,0.0,9.0,9.0,3.0,3.0,1.0,1.0,2,1.0,1.0,1.0,1.0
4128,8.0,180.0,1.0,10.0,0.0,0.0,0.0,-1.0,0.0,1.0,1.0,0.0,2.0,2,0.0,0.0,1.0,0.0
9015,114.0,265.0,2.0,24.0,0.0,2.0,0.0,57.0,57.0,25.0,25.0,2.0,2.0,7,6.0,0.0,0.0,0.0
7340,61.0,505.0,9.0,617.0,69.0,0.0,1.0,51.0,51.0,26.0,26.0,2.0,2.0,7,7.0,0.0,0.0,0.0
8595,148.0,344.0,4.0,150.0,50.0,97.0,1.0,100.0,100.0,94.0,94.0,0.0,0.0,7,4.0,0.0,0.0,0.0
5234,10.0,256.0,1.0,16.0,0.0,0.0,0.0,21.0,21.0,11.0,11.0,1.0,1.0,2,1.0,5.0,6.0,0.0
8977,149.0,265.0,2.0,24.0,0.0,2.0,0.0,24.0,24.0,12.0,12.0,2.0,2.0,7,1.0,0.0,0.0,0.0
7671,364.0,391.0,7.0,1339.0,27.0,1.0,1.0,181.0,181.0,174.0,174.0,0.0,0.0,10,3.0,0.0,0.0,0.0
2417,78.0,356.0,1.0,16.0,16.0,-1.0,2.0,9.0,9.0,1.0,1.0,1.0,1.0,2,1.0,1.0,2.0,1.0
6691,43.0,299.0,7.0,131.0,0.0,0.0,1.0,6.0,6.0,2.0,2.0,1.0,1.0,2,1.0,0.0,0.0,0.0
10313,30.352765754644437,285.14110630185775,1.0,24.0,8.070553150928887,0.0,1.0,23.0,23.0,3.4647234245355563,3.4647234245355563,1.0,1.0,2,1.0,0.0,0.0,0.0
1438,14.0,224.0,0.0,20.0,7.0,0.0,0.0,9.0,9.0,1.0,1.0,1.0,1.0,2,1.0,1.0,2.0,1.0
1981,13.0,180.0,1.0,9.0,0.0,0.0,0.0,9.0,9.0,1.0,1.0,1.0,1.0,2,1.0,1.0,2.0,1.0
1407,11.0,180.0,15.0,45.0,0.0,0.0,0.0,8.0,7.0,2.0,2.0,1.0,1.0,2,1.0,1.0,1.0,1.0
10418,70.61306626739501,303.45125421173094,3.7095469860839847,135.96885061828613,7.773867465209962,0.9678397604370117,1.0,38.25829277435302,38.25829277435302,14.871359041748047,14.871359041748047,2.0,2.0,7,4.386933732604981,0.0,0.0,0.0
6314,94.0,262.0,1.0,21.0,0.0,1.0,0.0,33.0,33.0,30.0,30.0,0.0,0.0,7,1.0,0.0,0.0,0.0
4759,76.0,355.0,1.0,16.0,16.0,-1.0,2.0,-1.0,-1.0,-1.0,-1.0,-1.0,-1.0,0,-1.0,-1.0,-1.0,-1.0
7209,60.0,226.0,4.0,287.0,0.0,0.0,1.0,35.0,35.0,17.0,17.0,2.0,2.0,7,4.0,0.0,0.0,0.0
1010,7.0,180.0,1.0,10.0,0.0,0.0,0.0,12.0,12.0,3.0,3.0,1.0,1.0,2,1.0,1.0,2.0,0.0
1333,4.0,180.0,3.0,17.0,0.0,0.0,0.0,11.0,11.0,2.0,2.0,1.0,1.0,2,2.0,1.0,2.0,0.0
6365,76.0,262.0,1.0,21.0,0.0,1.0,0.0,99.0,99.0,19.0,19.0,2.0,2.0,7,1.0,0.0,0.0,0.0
8537,227.0,286.0,3.0,18.0,0.0,3.0,0.0,121.0,121.0,29.0,29.0,2.0,2.0,7,1.0,0.0,0.0,0.0
5237,12.0,180.0,1.0,9.0,0.0,0.0,0.0,11.0,11.0,2.0,2.0,2.0,2.0,2,1.0,2.0,3.0,0.0
8956,28.0,298.0,1.0,12.0,0.0,1.0,0.0,6.0,6.0,2.0,2.0,1.0,1.0,2,1.0,0.0,0.0,0.0
3336,270.0,226.0,1.0,35.0,0.0,0.0,0.0,8.0,8.0,2.0,2.0,1.0,1.0,2,1.0,1.0,1.0,1.0
2049,2.0,222.0,1.0,15.0,0.0,0.0,0.0,9.0,9.0,2.0,2.0,0.0,1.0,1,1.0,1.0,2.0,0.0
1848,17.0,373.0,8.0,27.0,10.0,0.0,1.0,9.0,9.0,2.0,2.0,0.0,1.0,1,1.0,2.0,3.0,0.0
8178,37.0,316.0,1.0,177.0,16.0,0.0,1.0,137.0,137.0,19.0,19.0,2.0,2.0,2,10.0,0.0,0.0,0.0
11051,311.0,287.6425503245568,8.093619006076054,89.28085701822816,0.0,18.076592657215027,1.0,91.41277235291173,91.41277235291173,21.395746004050704,21.395746004050704,1.5659576673417837,1.5659576673417837,4,14.038296328607514,0.0,0.0,0.0
747,8.0,180.0,1.0,11.0,0.0,0.0,0.0,32.0,32.0,8.0,8.0,4.0,4.0,12,2.0,2.0,2.0,0.0
3768,-1.0,-1.0,-1.0,-1.0,-1.0,-1.0,2.0,7.0,7.0,2.0,2.0,1.0,1.0,2,1.0,0.0,0.0,0.0
2925,3.0,180.0,1.0,10.0,0.0,0.0,0.0,9.0,9.0,2.0,2.0,0.0,1.0,1,1.0,1.0,2.0,0.0
5028,9.0,180.0,1.0,9.0,0.0,0.0,0.0,0.0,0.0,0.0,0.0,0.0,0.0,1,1.0,1.0,1.0,1.0
3128,46.0,180.0,1.0,15.0,0.0,0.0,0.0,9.0,9.0,3.0,3.0,1.0,1.0,2,1.0,1.0,1.0,1.0
2846,14.0,371.0,1.0,16.0,16.0,-1.0,2.0,39.0,39.0,24.0,24.0,0.0,0.0,2,0.0,0.0,0.0,0.0
5704,54.0,335.0,2.0,33.0,8.0,0.0,1.0,32.0,32.0,9.0,9.0,1.0,1.0,2,2.0,0.0,0.0,0.0
10123,56.540833280567085,326.71687488127594,2.0,53.17604160070886,45.459166719432915,0.0,1.0,52.17604160070886,52.17604160070886,8.682395839929114,8.682395839929114,2.0,2.0,7,2.0,0.0,0.0,1.0
9916,74.0,371.0,1.0,16.0,16.0,-1.0,2.0,8.0,8.0,2.0,2.0,1.0,1.0,2,1.0,1.0,1.0,1.0
2788,138.0,257.0,1.0,104.0,8.0,0.0,0.0,8.0,8.0,2.0,2.0,1.0,1.0,2,1.0,1.0,1.0,1.0
10175,47.31784898445646,430.98503825997807,11.580037697653419,218.88062313593076,44.57428318226037,0.0,1.0,1029.62994345352,1029.62994345352,82.31439627522063,82.31439627522063,5.47332076744886,5.47332076744886,10,64.31554717829924,0.0,0.0,0.42111320542518993
3683,-1.0,-1.0,-1.0,-1.0,-1.0,-1.0,2.0,76.0,76.0,8.0,8.0,4.0,4.0,10,2.0,2.0,4.0,0.0
5663,95.0,336.0,4.0,306.0,23.0,0.0,1.0,305.0,305.0,26.0,26.0,2.0,2.0,7,4.0,0.0,0.0,1.0
5236,3.0,180.0,1.0,47.0,0.0,0.0,0.0,15.0,15.0,2.0,2.0,1.0,1.0,2,1.0,2.0,3.0,1.0
7801,99.0,416.0,3.0,725.0,30.0,0.0,1.0,124.0,124.0,117.0,117.0,0.0,0.0,7,3.0,0.0,0.0,0.0
3313,50.0,180.0,3.0,15.0,0.0,0.0,0.0,8.0,8.0,2.0,2.0,1.0,1.0,2,1.0,1.0,1.0,1.0
10138,48.28582142579239,567.6107889506808,7.37666233665178,331.3766623366518,87.22082792081473,0.0,1.0,10.675032475111653,10.675032475111653,2.935006495022331,2.935006495022331,1.4675032475111656,1.4675032475111656,3,1.155834415837055,0.0,0.0,0.0
9986,78.0,366.0,1.0,16.0,16.0,-1.0,2.0,4.0,4.0,1.0,1.0,0.0,1.0,1,1.0,1.0,1.0,1.0
6824,37.0,298.0,1.0,12.0,0.0,1.0,0.0,25.0,25.0,13.0,13.0,2.0,2.0,7,1.0,0.0,0.0,0.0
2107,16.0,180.0,1.0,10.0,0.0,0.0,0.0,69.0,69.0,12.0,12.0,1.0,1.0,2,1.0,1.0,2.0,0.0
4542,5.0,218.0,1.0,10.0,0.0,0.0,0.0,-1.0,0.0,1.0,1.0,0.0,2.0,2,0.0,0.0,1.0,0.0
6505,74.0,265.0,1.0,21.0,0.0,1.0,0.0,9.0,9.0,4.0,4.0,1.0,1.0,2,1.0,0.0,0.0,0.0
10730,76.0,262.0,1.0,21.0,0.0,1.0,0.0,11.922832732712227,11.922832732712227,3.922832732712227,3.922832732712227,2.0,2.0,7,1.0,0.0,0.0,0.0
4868,8.0,180.0,1.0,10.0,0.0,0.0,0.0,15.0,15.0,4.0,4.0,1.0,1.0,2,3.0,1.0,1.0,1.0
10137,76.60800954973084,373.0800036729734,1.0,7.18399926540532,12.816000734594681,1.1839992654053195,0.0,6.18399926540532,6.18399926540532,2.1839992654053195,2.1839992654053195,1.0,1.0,2,1.0,0.0,0.0,0.0
9861,76.0,373.0,1.0,16.0,12.0,-1.0,2.0,9.0,9.0,3.0,3.0,1.0,1.0,2,1.0,1.0,1.0,1.0
5629,32.0,299.0,1.0,21.0,8.0,0.0,1.0,20.0,20.0,4.0,4.0,1.0,1.0,2,1.0,0.0,0.0,0.0
1427,2048.0,180.0,1.0,10.0,0.0,0.0,0.0,8.0,8.0,2.0,2.0,1.0,1.0,2,1.0,1.0,1.0,1.0
7075,89.0,262.0,1.0,21.0,0.0,1.0,0.0,24.0,24.0,12.0,12.0,2.0,2.0,7,1.0,0.0,0.0,0.0
6998,80.0,262.0,1.0,21.0,0.0,1.0,0.0,54.0,54.0,42.0,42.0,2.0,2.0,7,1.0,0.0,0.0,0.0
7357,57.0,344.0,2.0,214.0,24.0,0.0,1.0,26.0,26.0,8.0,8.0,2.0,2.0,7,3.0,0.0,0.0,0.0
3440,32.0,10358.0,1.0,778.0,268.0,1.0,0.0,9.0,9.0,3.0,3.0,1.0,1.0,2,1.0,1.0,1.0,1.0
4527,316.0,280.0,1.0,35.0,0.0,0.0,1.0,-1.0,-1.0,-1.0,-1.0,-1.0,-1.0,0,-1.0,-1.0,-1.0,-1.0
7811,47.0,416.0,1.0,176.0,32.0,0.0,1.0,42.0,42.0,36.0,36.0,0.0,0.0,12,0.0,0.0,0.0,0.0
2922,2.0,180.0,1.0,11.0,0.0,0.0,1.0,9.0,9.0,1.0,1.0,1.0,1.0,2,1.0,1.0,2.0,1.0
10884,82.24907543907689,276.8717640367691,1.0,25.957254678923036,0.0,7.373613158615333,0.0,81.8327169593846,81.8327169593846,19.70817923984615,19.70817923984615,2.0,2.0,7,1.0,0.0,0.0,0.0
7305,43.0,328.0,2.0,172.0,24.0,0.0,1.0,40.0,40.0,12.0,12.0,2.0,2.0,7,1.0,0.0,0.0,0.0
6721,77.0,262.0,1.0,21.0,0.0,1.0,0.0,31.0,31.0,19.0,19.0,2.0,2.0,7,1.0,0.0,0.0,0.0
10254,389.46228865334683,303.41612344056614,12.763979426572309,1129.3917422067948,5.316319513488349,1.537711346653187,1.0,78.92457730669362,78.92457730669362,63.004876246754286,63.004876246754286,0.0,0.0,8,13.457412406592528,0.0,0.0,0.0
749,5.0,218.0,1.0,10.0,0.0,0.0,0.0,13.0,13.0,2.0,2.0,1.0,1.0,2,1.0,2.0,3.0,1.0
7503,41.0,334.0,1.0,94.0,20.0,0.0,1.0,49.0,49.0,7.0,7.0,2.0,2.0,7,1.0,1.0,1.0,0.0
83,17.0,180.0,1.0,10.0,0.0,0.0,0.0,14.0,14.0,2.0,2.0,1.0,1.0,2,1.0,2.0,3.0,1.0
10746,57.51533538781503,364.1516202216086,2.2120949445978533,65.4241898891957,56.69675955678283,0.0,1.0,64.4241898891957,64.4241898891957,17.0,17.0,2.0,2.0,7,2.2120949445978533,0.0,0.0,0.0
5622,78.0,307.0,9.0,69.0,8.0,0.0,1.0,68.0,68.0,22.0,22.0,2.0,2.0,7,9.0,0.0,0.0,0.0
4224,78.0,368.0,1.0,16.0,16.0,-1.0,2.0,-1.0,0.0,1.0,1.0,0.0,2.0,2,0.0,0.0,0.0,0.0
2523,9.0,180.0,1.0,9.0,0.0,0.0,0.0,7.0,6.0,2.0,1.0,0.0,0.0,1,1.0,1.0,1.0,1.0
8631,82.0,304.0,9.0,379.0,16.0,54.0,1.0,-1.0,-1.0,-1.0,-1.0,-1.0,-1.0,0,-1.0,-1.0,-1.0,-1.0
8453,233.0,285.0,15.0,71.0,0.0,4.0,1.0,51.0,51.0,48.0,48.0,0.0,0.0,7,1.0,0.0,0.0,0.0
1431,2.0,180.0,0.0,8.0,0.0,0.0,0.0,9.0,9.0,3.0,3.0,1.0,1.0,2,1.0,1.0,1.0,1.0
6278,81.0,282.0,3.0,34.0,0.0,3.0,1.0,38.0,38.0,10.0,10.0,2.0,2.0,7,4.0,0.0,0.0,0.0
1852,12.0,224.0,0.0,20.0,7.0,0.0,0.0,4.0,4.0,1.0,1.0,1.0,1.0,2,0.0,1.0,1.0,1.0
2558,9.0,180.0,1.0,216.0,0.0,0.0,0.0,8.0,7.0,2.0,2.0,1.0,1.0,2,1.0,1.0,1.0,1.0
7332,375.0,484.0,47.0,5300.0,79.0,0.0,1.0,38.0,38.0,17.0,17.0,6.0,6.0,12,1.0,0.0,0.0,2.0
6287,79.0,283.0,1.0,32.0,0.0,14.0,0.0,115.0,115.0,28.0,28.0,2.0,2.0,7,13.0,1.0,0.0,0.0
4307,4.0,247.0,1.0,16.0,0.0,0.0,0.0,14.0,15.0,1.0,1.0,1.0,1.0,1,-1.0,2.0,3.0,0.0
4500,7.0,293.0,1.0,16.0,2.0,-1.0,2.0,17.0,17.0,6.0,6.0,2.0,2.0,7,1.0,0.0,0.0,0.0
522,11.0,258.0,1.0,31.0,0.0,0.0,0.0,15.0,15.0,2.0,2.0,1.0,1.0,2,1.0,2.0,3.0,1.0
5641,46.0,397.0,2.0,47.0,73.0,0.0,1.0,48.0,48.0,7.0,7.0,2.0,2.0,7,2.0,0.0,0.0,0.0
9588,35.0,229.0,16.0,65.0,0.0,0.0,1.0,50.0,50.0,13.0,13.0,1.0,1.0,2,13.0,0.0,0.0,0.0
2295,6.0,256.0,1.0,16.0,0.0,0.0,0.0,9.0,9.0,2.0,2.0,0.0,1.0,1,1.0,1.0,2.0,0.0
7703,79.0,400.0,2.0,433.0,43.0,0.0,1.0,62.0,62.0,55.0,55.0,0.0,0.0,13,3.0,0.0,0.0,0.0
1301,4.0,180.0,1.0,9.0,0.0,0.0,0.0,-1.0,-1.0,-1.0,-1.0,-1.0,-1.0,0,-1.0,-1.0,-1.0,-1.0
111,4.0,216.0,1.0,28.0,0.0,0.0,0.0,19.0,19.0,9.0,9.0,1.0,1.0,2,1.0,0.0,0.0,0.0
9200,157.0,299.0,26.0,634.0,2.0,0.0,1.0,6.0,6.0,2.0,2.0,1.0,1.0,2,1.0,0.0,0.0,0.0
1371,17.0,180.0,1.0,10.0,0.0,0.0,0.0,8.0,8.0,2.0,2.0,1.0,1.0,2,1.0,1.0,1.0,1.0
8575,168.0,226.0,4.0,36.0,0.0,4.0,1.0,67.0,67.0,35.0,35.0,2.0,2.0,7,4.0,0.0,0.0,0.0
10544,83.2533904279996,392.0191133506677,1.8474105793333113,436.45776826200006,19.662146096000527,0.0,1.0,107.13625188933364,107.13625188933364,101.52589420666689,101.52589420666689,0.0,0.0,10,1.4577682620000658,0.0,0.0,0.0
10707,4.769893485252272,352.0,1.8849467426261362,9.230106514747728,15.0,0.0,0.8849467426261362,8.230106514747728,8.230106514747728,2.0,2.0,1.0,1.0,2,1.8849467426261362,0.0,0.0,0.0
9425,106.0,288.0,5.0,2882.0,0.0,0.0,1.0,38.0,38.0,15.0,15.0,2.0,2.0,7,5.0,0.0,0.0,0.0
5803,65.0,401.0,5.0,51.0,69.0,0.0,1.0,50.0,50.0,12.0,12.0,2.0,2.0,7,5.0,0.0,0.0,0.0
4726,5.0,180.0,7.0,18.0,0.0,0.0,0.0,3.0,3.0,0.0,0.0,1.0,1.0,2,0.0,1.0,2.0,0.0
6801,56.0,272.0,1.0,21.0,0.0,1.0,0.0,47.0,47.0,35.0,35.0,2.0,2.0,7,1.0,0.0,0.0,0.0
3012,45.0,180.0,1.0,25.0,0.0,0.0,0.0,47.0,47.0,8.0,8.0,1.0,1.0,2,1.0,0.0,0.0,0.0
7554,96.0,353.0,4.0,488.0,24.0,0.0,1.0,267.0,267.0,111.0,111.0,8.0,8.0,14,6.0,3.0,3.0,0.0
11081,92.59468051398737,361.7352124625886,3.859468051398737,535.562127794405,17.56212779440505,0.0,1.0,83.78920207709811,83.78920207709811,77.78920207709811,77.78920207709811,0.0,0.0,9,2.0,0.0,0.0,0.0
856,4.0,377.0,2.0,13.0,11.0,0.0,1.0,10.0,10.0,3.0,3.0,1.0,1.0,2,1.0,1.0,1.0,1.0
3321,61.0,180.0,1.0,8.0,0.0,0.0,0.0,9.0,9.0,3.0,3.0,1.0,1.0,2,1.0,1.0,2.0,0.0
7316,51.0,283.0,1.0,87.0,0.0,1.0,1.0,15.0,15.0,4.0,4.0,2.0,2.0,7,1.0,0.0,0.0,0.0
2183,15.0,362.0,8.0,27.0,0.0,0.0,1.0,9.0,9.0,3.0,3.0,1.0,1.0,2,1.0,1.0,1.0,1.0
469,7.0,301.0,1.0,16.0,2.0,-1.0,2.0,14.0,14.0,2.0,2.0,1.0,1.0,2,1.0,2.0,3.0,1.0
3146,105.0,305.0,13.0,124.0,0.0,0.0,1.0,8.0,8.0,2.0,2.0,1.0,1.0,2,1.0,1.0,1.0,1.0
7379,75.0,332.0,2.0,231.0,16.0,1.0,1.0,261.0,261.0,37.0,37.0,6.0,6.0,12,3.0,0.0,0.0,0.0
3936,79.0,256.0,1.0,96.0,0.0,0.0,1.0,44.0,44.0,8.0,8.0,1.0,1.0,2,5.0,0.0,0.0,0.0
7349,87.0,341.0,19.0,527.0,29.0,0.0,1.0,46.0,46.0,17.0,17.0,2.0,2.0,7,5.0,0.0,0.0,0.0
6425,93.0,283.0,1.0,37.0,0.0,19.0,0.0,6.0,6.0,2.0,2.0,1.0,1.0,2,1.0,0.0,0.0,0.0
10110,68.01542336072464,285.06655473568435,19.630678824975835,76.89203647492751,0.0,0.11282481785829357,0.8871751821417064,993.0145838783574,993.0145838783574,63.92288319637679,63.92288319637679,1.7743503642834129,1.7743503642834129,6,55.0048612927858,0.0,0.0,0.8871751821417064
11080,75.48388949245823,262.0,1.0,21.0,0.0,1.0,0.0,6.0,6.0,2.0,2.0,1.0,1.0,2,1.0,0.0,0.0,0.0
5528,51.0,662.0,25.0,98.0,72.0,0.0,1.0,97.0,97.0,26.0,26.0,2.0,2.0,7,25.0,0.0,0.0,0.0
4844,33.0,555.0,1.0,107.0,270.0,1.0,1.0,10.0,10.0,2.0,2.0,1.0,1.0,2,1.0,1.0,2.0,0.0
2030,17.0,262.0,1.0,10.0,10.0,0.0,0.0,9.0,9.0,3.0,3.0,1.0,1.0,2,1.0,1.0,1.0,1.0
4767,45.0,180.0,1.0,25.0,0.0,0.0,0.0,10.0,10.0,3.0,3.0,1.0,1.0,2,1.0,2.0,2.0,1.0
9978,33.0,328.0,2.0,20.0,12.0,2.0,1.0,8.0,8.0,2.0,2.0,1.0,1.0,2,1.0,1.0,1.0,1.0
8176,329.0,293.0,13.0,2287.0,5.0,38.0,1.0,45.0,45.0,16.0,16.0,2.0,2.0,7,5.0,0.0,0.0,0.0
8662,311.0,295.0,3.0,74.0,0.0,26.0,1.0,75.0,75.0,18.0,18.0,1.0,1.0,2,18.0,0.0,0.0,0.0
9794,35.0,282.0,11.0,894.0,6.0,0.0,1.0,32.0,32.0,8.0,8.0,2.0,2.0,7,4.0,0.0,0.0,0.0
7694,94.0,403.0,2.0,166.0,30.0,0.0,1.0,96.0,96.0,85.0,85.0,0.0,0.0,12,7.0,0.0,0.0,0.0
6690,84.0,272.0,1.0,21.0,0.0,1.0,0.0,37.0,37.0,34.0,34.0,0.0,0.0,7,1.0,0.0,0.0,0.0
3401,17.0,246.0,1.0,10.0,8.0,0.0,0.0,72.0,72.0,55.0,55.0,1.0,1.0,2,1.0,5.0,6.0,0.0
924,268.0,289.0,1.0,35.0,0.0,1.0,0.0,11.0,11.0,3.0,3.0,0.0,1.0,1,1.0,3.0,4.0,0.0
4210,92.0,180.0,1.0,15.0,0.0,0.0,0.0,-1.0,-1.0,-1.0,-1.0,-1.0,-1.0,0,-1.0,-1.0,-1.0,-1.0
6015,88.0,283.0,1.0,29.0,0.0,11.0,0.0,28.0,28.0,16.0,16.0,2.0,2.0,7,1.0,0.0,0.0,0.0
4708,75.0,256.0,1.0,36.0,0.0,12.0,0.0,14.0,14.0,5.0,5.0,1.0,1.0,2,3.0,1.0,1.0,1.0
10078,81.92261605950928,283.0,1.0,41.48065401487732,0.0,23.48065401487732,0.0,6.0,6.0,2.0,2.0,1.0,1.0,2,1.0,0.0,0.0,0.0
10559,79.32608272356691,283.0,1.0,33.5579724254777,0.0,15.557972425477699,0.0,11.0,11.0,3.0,3.0,2.0,2.0,7,1.0,0.0,0.0,0.0
353,10.0,180.0,31.0,70.0,0.0,0.0,0.0,19.0,19.0,9.0,9.0,1.0,1.0,2,1.0,0.0,0.0,0.0
2500,8.0,180.0,1.0,10.0,0.0,0.0,0.0,8.0,8.0,2.0,2.0,1.0,1.0,2,1.0,1.0,1.0,1.0
107,15.0,256.0,1.0,16.0,0.0,0.0,0.0,19.0,19.0,9.0,9.0,1.0,1.0,2,1.0,0.0,0.0,0.0
10149,64.8724192796075,388.84690313552903,3.0,52.9234515677645,78.846903135529,0.0,1.0,51.9234515677645,51.9234515677645,20.974483855921502,20.974483855921502,2.0,2.0,7,3.0,0.0,0.0,0.0
3551,5.0,196.0,1.0,13.0,0.0,0.0,0.0,4.0,4.0,1.0,1.0,0.0,1.0,1,1.0,1.0,1.0,1.0
5732,55.0,383.0,2.0,44.0,73.0,0.0,1.0,43.0,43.0,16.0,16.0,2.0,2.0,7,2.0,0.0,0.0,0.0
7320,49.0,291.0,1.0,109.0,0.0,1.0,1.0,25.0,25.0,22.0,22.0,0.0,0.0,7,1.0,0.0,0.0,0.0
4216,5.0,218.0,1.0,10.0,0.0,0.0,0.0,23.0,23.0,-1.0,5.0,11.0,-1.0,19,1.0,-1.0,-1.0,-1.0
7010,78.0,283.0,1.0,22.0,0.0,4.0,0.0,16.0,16.0,13.0,13.0,0.0,0.0,7,1.0,0.0,0.0,0.0
3469,17.0,180.0,1.0,10.0,0.0,0.0,0.0,9.0,9.0,1.0,1.0,1.0,1.0,2,1.0,1.0,2.0,1.0
10756,40.645451367479836,351.9363541024395,1.2616165147244627,96.61616514724463,24.523233029448924,0.26161651472446257,1.0,45.691917426377685,45.691917426377685,15.0,15.0,3.7848495441733876,3.7848495441733876,10,2.5232330294489254,0.0,0.0,0.0
4460,5.0,251.0,0.0,10.0,7.0,0.0,0.0,19.0,19.0,9.0,9.0,1.0,1.0,2,1.0,0.0,0.0,0.0
3533,112.0,380.0,1.0,15.0,0.0,0.0,1.0,8.0,7.0,2.0,2.0,1.0,1.0,2,1.0,0.0,1.0,1.0
8,2.0,256.0,1.0,15.0,0.0,0.0,0.0,14.0,14.0,2.0,2.0,1.0,1.0,2,1.0,2.0,3.0,1.0
1644,18.0,250.0,1.0,15.0,0.0,0.0,0.0,9.0,9.0,3.0,3.0,1.0,1.0,2,1.0,1.0,1.0,1.0
8775,259.0,273.0,1.0,92.0,0.0,2.0,1.0,91.0,91.0,30.0,30.0,2.0,2.0,7,1.0,0.0,0.0,0.0
872,77.0,259.0,1.0,10.0,7.0,0.0,0.0,14.0,14.0,6.0,6.0,1.0,1.0,2,1.0,3.0,4.0,0.0
4994,56.0,256.0,1.0,69.0,0.0,2.0,0.0,-1.0,0.0,1.0,1.0,0.0,2.0,2,0.0,0.0,0.0,0.0
3073,3.0,273.0,1.0,16.0,0.0,0.0,1.0,9.0,9.0,3.0,3.0,1.0,1.0,2,1.0,1.0,1.0,1.0
2673,8.0,180.0,1.0,10.0,0.0,0.0,0.0,39.0,39.0,24.0,24.0,0.0,0.0,2,0.0,0.0,0.0,0.0
4119,35.0,238.0,1.0,13.0,0.0,1.0,0.0,-1.0,-1.0,-1.0,-1.0,-1.0,-1.0,0,-1.0,-1.0,-1.0,-1.0
7298,45.0,500.0,6.0,446.0,65.0,0.0,1.0,393.0,393.0,24.0,24.0,4.0,4.0,12,2.0,0.0,0.0,0.0
2752,8.0,180.0,1.0,9.0,0.0,0.0,0.0,9.0,9.0,3.0,3.0,1.0,1.0,2,1.0,1.0,1.0,1.0
1849,17.0,371.0,9.0,29.0,19.0,0.0,1.0,9.0,9.0,3.0,3.0,1.0,1.0,2,1.0,1.0,1.0,1.0
9341,26.0,298.0,1.0,12.0,0.0,1.0,0.0,28.0,28.0,25.0,25.0,0.0,0.0,7,1.0,0.0,0.0,0.0
8487,107.0,283.0,1.0,52.0,0.0,34.0,0.0,6.0,6.0,2.0,2.0,1.0,1.0,2,1.0,0.0,0.0,0.0
9606,153.0,296.0,24.0,149.0,18.0,0.0,1.0,93.0,93.0,42.0,42.0,2.0,2.0,7,1.0,0.0,0.0,0.0
446,94.0,180.0,1.0,9.0,0.0,0.0,0.0,30.0,30.0,4.0,4.0,1.0,1.0,2,1.0,1.0,2.0,1.0
4045,806.0,203.0,1.0,10.0,0.0,0.0,0.0,3.0,3.0,0.0,0.0,1.0,1.0,2,0.0,1.0,2.0,0.0
3213,306.0,351.0,3.0,32.0,54.0,0.0,1.0,9.0,9.0,2.0,2.0,0.0,1.0,2,0.0,1.0,2.0,0.0
628,2.0,180.0,0.0,8.0,0.0,0.0,0.0,26.0,25.0,3.0,3.0,1.0,1.0,2,1.0,1.0,2.0,1.0
3240,46.0,180.0,3.0,15.0,0.0,0.0,0.0,8.0,8.0,2.0,2.0,1.0,1.0,2,1.0,1.0,1.0,1.0
8085,88.0,413.0,2.0,513.0,35.0,0.0,1.0,84.0,84.0,78.0,78.0,0.0,0.0,10,2.0,0.0,0.0,0.0
6935,74.0,265.0,1.0,21.0,0.0,1.0,0.0,11.0,11.0,3.0,3.0,2.0,2.0,7,1.0,0.0,0.0,0.0
629,14.0,360.0,9.0,29.0,11.0,0.0,1.0,19.0,19.0,9.0,9.0,1.0,1.0,2,1.0,0.0,0.0,0.0
3642,-1.0,-1.0,-1.0,-1.0,-1.0,-1.0,2.0,8.0,8.0,2.0,2.0,1.0,1.0,2,1.0,1.0,1.0,1.0
5421,43.0,389.0,8.0,82.0,13.0,0.0,1.0,83.0,83.0,32.0,32.0,3.0,3.0,10,8.0,0.0,0.0,0.0
2748,9.0,180.0,1.0,216.0,0.0,0.0,0.0,9.0,9.0,3.0,3.0,1.0,1.0,2,1.0,1.0,1.0,1.0
10407,49.6602220134083,341.86408880536334,6.266298400766188,130.00552398850718,21.396685606895694,0.0,1.0,218.80165719655216,218.80165719655216,28.0,28.0,2.0,2.0,7,6.266298400766188,0.0,0.0,0.0
10728,31.08950607591428,314.9259270890286,1.0895060759142807,51.53703645548568,10.925927089028631,0.0,1.0,50.53703645548568,50.53703645548568,5.089506075914281,5.089506075914281,2.0,2.0,7,1.0895060759142807,0.0,0.0,1.0
8669,366.0,463.0,4.0,146.0,30.0,3.0,1.0,67.0,67.0,22.0,22.0,2.0,2.0,7,2.0,0.0,0.0,0.0
7396,91.0,368.0,7.0,971.0,16.0,0.0,1.0,205.0,205.0,163.0,163.0,0.0,0.0,13,8.0,0.0,0.0,0.0
10937,24.2029052589236,283.4058105178472,10.0,46.76232420713888,0.0,0.0,1.0,85.5941894821528,85.5941894821528,24.7970947410764,24.7970947410764,2.0,2.0,7,22.915932637506955,0.0,0.0,0.4405810517847204
6588,84.0,283.0,1.0,29.0,0.0,11.0,0.0,29.0,29.0,17.0,17.0,2.0,2.0,7,1.0,0.0,0.0,0.0
1524,12.0,180.0,1.0,9.0,0.0,0.0,0.0,4.0,4.0,1.0,1.0,1.0,1.0,2,0.0,1.0,1.0,1.0
10580,103.61902258477879,283.0,1.0,25.3095112923894,0.0,7.309511292389398,0.0,26.845244353805302,26.845244353805302,14.8452443538053,14.8452443538053,2.0,2.0,7,1.0,0.0,0.0,0.0
2029,11.0,256.0,1.0,16.0,0.0,0.0,0.0,9.0,9.0,2.0,2.0,0.0,1.0,1,1.0,1.0,2.0,0.0
6056,81.0,283.0,1.0,29.0,0.0,11.0,0.0,28.0,28.0,16.0,16.0,2.0,2.0,7,1.0,0.0,0.0,0.0
6123,68.0,262.0,1.0,21.0,0.0,1.0,0.0,11.0,11.0,3.0,3.0,2.0,2.0,7,1.0,0.0,0.0,0.0
10260,37.446193900143086,301.29264815121627,3.276903049928456,205.18503595150244,0.2769030499284557,0.0,1.0,29.723096950071543,29.723096950071543,8.446193900143088,8.446193900143088,2.0,2.0,7,3.723096950071544,0.0,0.0,0.0
5097,8.0,239.0,1.0,10.0,8.0,0.0,1.0,-1.0,0.0,0.0,1.0,0.0,1.0,2,0.0,0.0,0.0,0.0
9548,65.0,229.0,16.0,80.0,0.0,0.0,1.0,29.0,29.0,7.0,7.0,2.0,2.0,7,4.0,0.0,0.0,0.0
7231,71.0,226.0,4.0,308.0,0.0,0.0,1.0,110.0,110.0,104.0,104.0,0.0,0.0,7,4.0,0.0,0.0,0.0
7352,92.0,226.0,4.0,169.0,0.0,0.0,1.0,319.0,319.0,312.0,312.0,0.0,0.0,14,1.0,0.0,0.0,0.0
4332,9.0,180.0,1.0,9.0,0.0,0.0,0.0,-1.0,0.0,1.0,1.0,0.0,2.0,2,0.0,0.0,1.0,0.0
8828,20.0,180.0,2.0,23.0,0.0,0.0,1.0,22.0,22.0,4.0,4.0,1.0,1.0,2,2.0,0.0,0.0,0.0
9884,8.0,292.0,3.0,17.0,84.0,0.0,1.0,9.0,9.0,3.0,3.0,1.0,1.0,2,1.0,1.0,1.0,1.0
8682,375.0,348.0,2.0,451.0,31.0,3.0,1.0,69.0,69.0,18.0,18.0,2.0,2.0,2,2.0,0.0,0.0,0.0
2235,13.0,180.0,3.0,16.0,0.0,0.0,0.0,71.0,72.0,59.0,60.0,0.0,0.0,18,4.0,0.0,0.0,0.0
55,3.0,180.0,0.0,9.0,0.0,0.0,0.0,10.0,10.0,3.0,3.0,1.0,1.0,2,1.0,1.0,1.0,1.0
6259,77.0,283.0,1.0,25.0,0.0,7.0,0.0,123.0,123.0,27.0,27.0,2.0,2.0,7,1.0,0.0,0.0,0.0
1261,3.0,180.0,1.0,8.0,0.0,0.0,0.0,27.0,27.0,8.0,8.0,1.0,1.0,2,1.0,1.0,2.0,0.0
2327,8.0,251.0,1.0,10.0,6.0,0.0,0.0,9.0,9.0,2.0,2.0,0.0,1.0,1,1.0,1.0,2.0,0.0
340,10.0,180.0,1.0,9.0,0.0,0.0,0.0,15.0,15.0,2.0,2.0,1.0,1.0,2,1.0,2.0,3.0,1.0
5226,2.0,180.0,1.0,9.0,0.0,0.0,0.0,13.0,13.0,2.0,2.0,1.0,1.0,2,1.0,2.0,3.0,1.0
7923,92.0,450.0,2.0,448.0,18.0,0.0,1.0,54.0,54.0,50.0,50.0,0.0,0.0,2,2.0,0.0,0.0,0.0
3826,7.0,180.0,1.0,12.0,0.0,0.0,0.0,7.0,6.0,2.0,2.0,1.0,1.0,2,1.0,1.0,1.0,1.0
10841,74.70628020312817,265.0,1.0,21.0,0.0,1.0,0.0,11.0,11.0,3.0,3.0,2.0,2.0,7,1.0,0.0,0.0,0.0
10551,86.94455655300413,305.0,4.0,756.8661285455802,6.0,40.451881747467766,1.0,111.41108868939918,111.41108868939918,102.12237917420579,102.12237917420579,0.2740591262661156,0.2740591262661156,7,4.0,0.0,0.0,0.0
5823,79.0,273.0,4.0,84.0,0.0,0.0,1.0,48.0,48.0,42.0,42.0,0.0,0.0,7,4.0,0.0,0.0,0.0
3534,4.0,216.0,1.0,28.0,0.0,0.0,0.0,8.0,8.0,2.0,2.0,1.0,1.0,2,1.0,1.0,1.0,1.0
1325,149.0,316.0,2.0,45.0,31.0,0.0,1.0,15.0,15.0,4.0,4.0,1.0,1.0,2,3.0,1.0,1.0,1.0
9232,28.0,298.0,1.0,12.0,0.0,1.0,0.0,29.0,29.0,17.0,17.0,2.0,2.0,7,1.0,0.0,0.0,0.0
7765,70.0,396.0,2.0,531.0,31.0,1.0,1.0,79.0,79.0,16.0,16.0,4.0,4.0,12,2.0,0.0,0.0,0.0
6114,87.0,283.0,1.0,28.0,0.0,10.0,0.0,16.0,16.0,5.0,5.0,2.0,2.0,7,2.0,0.0,0.0,0.0
482,8.0,180.0,1.0,10.0,0.0,0.0,0.0,20.0,20.0,6.0,6.0,1.0,1.0,2,5.0,1.0,2.0,1.0
1279,3.0,180.0,1.0,7.0,0.0,0.0,0.0,10.0,10.0,3.0,3.0,1.0,1.0,2,1.0,1.0,1.0,1.0
7956,80.0,349.0,2.0,541.0,14.0,0.0,1.0,40.0,40.0,34.0,34.0,0.0,0.0,10,2.0,0.0,0.0,0.0
475,5.0,218.0,1.0,10.0,0.0,0.0,0.0,10.0,10.0,2.0,2.0,1.0,1.0,2,1.0,1.0,2.0,0.0
11086,379.8207399702485,299.6506994831109,5.265843588472158,590.4482302485274,2.9366256461113682,7.1190123061665895,1.0,33.523950775333645,33.523950775333645,24.238024612333177,24.238024612333177,0.1468312823055684,0.1468312823055684,2,1.8531687176944316,0.0,0.0,0.0
1810,18.0,249.0,1.0,10.0,9.0,0.0,0.0,4.0,4.0,1.0,1.0,0.0,1.0,1,1.0,1.0,1.0,1.0
3650,-1.0,-1.0,-1.0,-1.0,-1.0,-1.0,2.0,9.0,9.0,2.0,2.0,0.0,1.0,1,1.0,2.0,3.0,0.0
5568,64.0,333.0,1.0,62.0,24.0,1.0,1.0,36.0,36.0,9.0,9.0,2.0,2.0,7,1.0,0.0,0.0,0.0
2969,828.0,180.0,1.0,9.0,0.0,0.0,0.0,9.0,9.0,2.0,2.0,0.0,1.0,2,0.0,1.0,2.0,0.0
671,9.0,180.0,1.0,9.0,0.0,0.0,0.0,22.0,22.0,6.0,6.0,1.0,1.0,2,5.0,1.0,2.0,1.0
9439,244.0,249.0,28.0,355.0,0.0,0.0,1.0,210.0,210.0,62.0,62.0,1.0,1.0,2,60.0,0.0,0.0,0.0
7757,81.0,420.0,5.0,444.0,28.0,0.0,1.0,416.0,416.0,210.0,210.0,2.0,2.0,2,2.0,2.0,3.0,0.0
5517,86.0,233.0,2.0,31.0,0.0,2.0,0.0,30.0,30.0,8.0,8.0,2.0,2.0,7,2.0,0.0,0.0,0.0
9237,18.0,287.0,1.0,26.0,4.0,0.0,1.0,6.0,6.0,2.0,2.0,1.0,1.0,2,1.0,0.0,0.0,0.0
187,16.0,180.0,1.0,10.0,0.0,0.0,0.0,21.0,21.0,10.0,10.0,1.0,1.0,2,2.0,0.0,0.0,0.0
10219,318.0302576904666,356.53415227599737,25.96974230953341,239.541941447059,28.323247436511135,10.248052707234596,1.0,245.36818447532107,245.36818447532107,58.86428988979027,58.86428988979027,4.699221082893838,4.699221082893838,12,30.96974230953341,0.0,0.0,0.0
9123,141.0,298.0,1.0,12.0,0.0,1.0,0.0,12.0,12.0,4.0,4.0,2.0,2.0,7,1.0,0.0,0.0,0.0
5573,55.0,291.0,2.0,85.0,0.0,3.0,1.0,32.0,32.0,28.0,28.0,0.0,0.0,7,2.0,0.0,0.0,0.0
10646,4.700048251631049,349.7501206290776,1.0,30.85026538397077,12.750120629077621,0.0,0.35002412581552433,27.4000965032621,27.4000965032621,9.0,9.0,1.0,1.0,2,1.0,1.2999517483689513,1.949927622553427,0.0
7116,76.0,262.0,1.0,21.0,0.0,1.0,0.0,117.0,117.0,21.0,21.0,2.0,2.0,7,1.0,0.0,0.0,0.0
1128,15.0,180.0,1.0,10.0,0.0,0.0,0.0,14.0,14.0,11.0,11.0,0.0,0.0,7,1.0,0.0,0.0,0.0
2471,7.0,246.0,1.0,19.0,0.0,0.0,0.0,9.0,9.0,2.0,2.0,0.0,1.0,1,1.0,1.0,2.0,0.0
5898,75.0,301.0,3.0,136.0,5.0,0.0,1.0,135.0,135.0,9.0,9.0,2.0,2.0,7,3.0,0.0,0.0,1.0
2099,3.0,218.0,1.0,10.0,0.0,0.0,0.0,35.0,35.0,1.0,1.0,1.0,1.0,2,31.0,1.0,1.0,1.0
10496,318.0865036923116,368.20627803551236,2.0,345.3526688994243,25.986691739644364,1.0,1.0,62.94011282839964,62.94011282839964,56.94011282839964,56.94011282839964,0.0,0.0,10,2.0,0.0,0.0,0.0
9274,20.0,260.0,1.0,12.0,0.0,1.0,0.0,11.0,11.0,3.0,3.0,2.0,2.0,7,1.0,0.0,0.0,0.0
5608,31.0,303.0,3.0,40.0,8.0,0.0,1.0,39.0,39.0,11.0,11.0,2.0,2.0,7,3.0,0.0,0.0,0.0
4691,739.0,591.0,19.0,329.0,32.0,7.0,1.0,-1.0,-1.0,-1.0,-1.0,-1.0,-1.0,0,-1.0,-1.0,-1.0,-1.0
10146,54.850096794441924,307.0,4.5400387177767705,54.08007743555354,8.0,0.0,1.0,53.08007743555354,53.08007743555354,17.54003871777677,17.54003871777677,2.0,2.0,7,4.5400387177767705,0.0,0.0,0.0
1204,2.0,180.0,1.0,10.0,0.0,0.0,0.0,14.0,14.0,2.0,2.0,1.0,1.0,2,1.0,2.0,3.0,1.0
615,74.0,373.0,1.0,16.0,16.0,-1.0,2.0,10.0,10.0,3.0,3.0,1.0,1.0,2,1.0,1.0,1.0,1.0
9365,20.0,298.0,1.0,13.0,0.0,1.0,0.0,22.0,22.0,10.0,10.0,2.0,2.0,7,1.0,0.0,0.0,0.0
7129,84.0,283.0,1.0,28.0,0.0,10.0,0.0,83.0,83.0,20.0,20.0,2.0,2.0,7,1.0,0.0,0.0,0.0
236,8.0,180.0,1.0,10.0,0.0,0.0,0.0,30.0,30.0,4.0,4.0,1.0,1.0,2,1.0,1.0,2.0,1.0
8307,188.0,429.0,8.0,575.0,31.0,2.0,1.0,85.0,85.0,26.0,26.0,3.0,3.0,10,2.0,2.0,3.0,0.0
10698,91.72726657249419,425.27273342750584,1.0,478.8342195302893,34.47593727706019,0.0,1.0,57.2620313614699,57.2620313614699,50.52406272293981,50.52406272293981,0.0,0.0,11,2.0,0.0,0.0,0.0
6075,84.0,283.0,1.0,33.0,0.0,15.0,0.0,39.0,39.0,7.0,7.0,1.0,1.0,2,4.0,0.0,0.0,0.0
8849,203.0,304.0,6.0,124.0,0.0,0.0,1.0,119.0,119.0,21.0,21.0,2.0,2.0,7,6.0,0.0,0.0,0.0
3520,3.0,180.0,0.0,8.0,0.0,0.0,0.0,49.0,49.0,18.0,18.0,3.0,3.0,10,1.0,1.0,1.0,1.0
9675,23.0,288.0,4.0,133.0,0.0,0.0,1.0,60.0,60.0,20.0,20.0,2.0,2.0,7,14.0,0.0,0.0,0.0
8826,20.0,180.0,2.0,19.0,0.0,0.0,1.0,18.0,18.0,2.0,2.0,1.0,1.0,2,2.0,0.0,0.0,0.0
3523,77.0,348.0,1.0,16.0,16.0,-1.0,2.0,8.0,8.0,2.0,2.0,1.0,1.0,2,1.0,1.0,1.0,1.0
1171,12.0,180.0,1.0,9.0,0.0,0.0,0.0,26.0,25.0,3.0,3.0,1.0,1.0,2,1.0,1.0,2.0,1.0
2087,17.0,180.0,1.0,10.0,0.0,0.0,0.0,8.0,8.0,1.0,1.0,1.0,1.0,2,1.0,0.0,0.0,0.0
122,16.0,180.0,1.0,10.0,0.0,0.0,0.0,25.0,25.0,4.0,4.0,1.0,1.0,2,5.0,1.0,1.0,1.0
9236,17.0,298.0,1.0,12.0,0.0,1.0,0.0,11.0,11.0,3.0,3.0,2.0,2.0,7,1.0,0.0,0.0,0.0
6751,32.0,298.0,1.0,12.0,0.0,1.0,0.0,24.0,24.0,12.0,12.0,2.0,2.0,7,1.0,0.0,0.0,0.0
1444,15.0,180.0,1.0,10.0,0.0,0.0,0.0,4.0,4.0,1.0,1.0,0.0,1.0,1,1.0,1.0,1.0,1.0
1928,27.0,246.0,1.0,10.0,7.0,0.0,0.0,7.0,6.0,1.0,1.0,0.0,1.0,2,1.0,1.0,2.0,0.0
6990,76.0,265.0,1.0,21.0,0.0,1.0,0.0,30.0,30.0,18.0,18.0,2.0,2.0,7,1.0,0.0,0.0,0.0
8058,340.0,432.0,6.0,1408.0,30.0,0.0,1.0,119.0,119.0,15.0,15.0,2.0,2.0,7,3.0,2.0,3.0,2.0
3238,301.0,297.0,1.0,83.0,3.0,1.0,0.0,8.0,8.0,1.0,1.0,1.0,1.0,2,1.0,0.0,0.0,0.0
468,4.0,180.0,1.0,14.0,0.0,0.0,0.0,20.0,20.0,6.0,6.0,1.0,1.0,2,5.0,1.0,2.0,1.0
4390,53.0,180.0,2.0,24.0,0.0,-1.0,2.0,-1.0,-1.0,-1.0,-1.0,-1.0,-1.0,0,-1.0,-1.0,-1.0,-1.0
5745,65.0,335.0,4.0,55.0,8.0,0.0,1.0,54.0,54.0,13.0,13.0,1.0,1.0,2,4.0,0.0,0.0,0.0
8204,1.0,346.0,1.0,7.0,9.0,0.0,1.0,6.0,6.0,1.0,1.0,1.0,1.0,2,1.0,0.0,0.0,0.0
6229,80.0,262.0,1.0,21.0,0.0,1.0,0.0,152.0,152.0,27.0,27.0,2.0,2.0,7,1.0,0.0,0.0,0.0
7143,92.0,265.0,2.0,24.0,0.0,2.0,0.0,31.0,31.0,19.0,19.0,2.0,2.0,7,1.0,0.0,0.0,0.0
6118,84.0,283.0,1.0,30.0,0.0,12.0,0.0,127.0,127.0,25.0,25.0,2.0,2.0,7,1.0,0.0,0.0,0.0
6707,75.0,283.0,1.0,26.0,0.0,8.0,0.0,11.0,11.0,3.0,3.0,2.0,2.0,7,1.0,0.0,0.0,0.0
3780,-1.0,-1.0,-1.0,-1.0,-1.0,-1.0,2.0,9.0,9.0,1.0,1.0,1.0,1.0,2,1.0,1.0,1.0,1.0
418,4.0,224.0,1.0,10.0,0.0,0.0,0.0,10.0,10.0,2.0,2.0,1.0,1.0,2,1.0,1.0,2.0,0.0
3257,7.0,298.0,1.0,16.0,2.0,-1.0,2.0,8.0,8.0,2.0,2.0,1.0,1.0,2,1.0,1.0,1.0,1.0
1702,18.0,256.0,2.0,22.0,15.0,-1.0,2.0,8.0,8.0,2.0,2.0,1.0,1.0,2,1.0,1.0,1.0,1.0
4914,7.0,215.0,1.0,10.0,0.0,0.0,0.0,-1.0,-1.0,-1.0,-1.0,-1.0,-1.0,0,-1.0,-1.0,-1.0,-1.0
7827,60.0,357.0,3.0,516.0,23.0,0.0,1.0,37.0,37.0,31.0,31.0,0.0,0.0,7,2.0,0.0,0.0,0.0
950,8.0,180.0,1.0,11.0,0.0,0.0,0.0,24.0,24.0,8.0,8.0,1.0,1.0,2,7.0,1.0,2.0,1.0
8996,21.0,299.0,2.0,19.0,21.0,0.0,1.0,24.0,24.0,21.0,21.0,0.0,0.0,7,1.0,0.0,0.0,0.0
5960,74.0,265.0,1.0,21.0,0.0,1.0,0.0,6.0,6.0,2.0,2.0,1.0,1.0,2,1.0,0.0,0.0,0.0
10339,93.75629179605822,345.21854101970894,2.6731124611825354,693.2572157868042,18.711787228277746,0.0,1.0,203.75046199537297,203.75046199537297,195.3017203545846,195.3017203545846,0.0,0.0,10,4.448741640788357,0.0,0.0,0.0
909,15.0,180.0,1.0,10.0,0.0,0.0,0.0,21.0,20.0,3.0,3.0,1.0,1.0,2,1.0,1.0,2.0,1.0
10202,43.48620108205741,296.323052062075,3.132305206207505,113.1323052062075,1.587662474490057,0.0,1.0,47.073863556547465,47.073863556547465,14.338473968962477,14.338473968962477,2.0,2.0,7,8.338473968962477,0.0,0.0,0.0
10743,142.1170482709547,377.3104326041115,3.0432569962141276,2702.0966921665786,21.65394403028698,0.0,1.0,96.26463106435983,96.26463106435983,26.21882952460817,26.21882952460817,2.0,2.0,4,2.9567430037858724,1.0432569962141274,2.0432569962141276,0.0
2265,9.0,180.0,1.0,9.0,0.0,0.0,0.0,9.0,9.0,2.0,2.0,0.0,1.0,1,1.0,2.0,3.0,0.0
8665,185.0,544.0,25.0,1224.0,87.0,26.0,1.0,99.0,99.0,31.0,31.0,2.0,2.0,7,23.0,0.0,0.0,0.0
7164,81.0,265.0,1.0,21.0,0.0,1.0,0.0,115.0,115.0,44.0,44.0,1.0,1.0,2,14.0,0.0,0.0,0.0
3041,83.0,180.0,1.0,10.0,0.0,0.0,0.0,9.0,9.0,3.0,3.0,1.0,1.0,2,1.0,1.0,1.0,1.0
10799,87.54118930275297,283.0,1.0,29.0,0.0,11.0,0.0,127.02745953516865,127.02745953516865,23.229405348623512,23.229405348623512,2.0,2.0,7,1.0,0.0,0.0,0.0
7756,53.0,421.0,1.0,334.0,26.0,0.0,1.0,119.0,119.0,55.0,55.0,2.0,2.0,2,1.0,3.0,3.0,0.0
7211,57.0,226.0,4.0,267.0,0.0,0.0,1.0,65.0,65.0,33.0,33.0,2.0,2.0,7,4.0,0.0,0.0,0.0
5532,56.0,290.0,13.0,63.0,9.0,0.0,1.0,62.0,62.0,18.0,18.0,2.0,2.0,7,13.0,0.0,0.0,0.0
9531,26.0,288.0,6.0,36.0,0.0,0.0,1.0,22.0,22.0,6.0,6.0,2.0,2.0,7,3.0,0.0,0.0,0.0
11104,358.4219158232096,379.9573141913445,16.475273084028977,698.6421128897737,24.773034910149388,0.0,1.0,57.0,57.0,35.41124437104571,35.41124437104571,1.113482544925306,1.113482544925306,8,2.556741272462653,0.0,0.0,0.0
8217,25.0,349.0,1.0,10.0,12.0,0.0,0.0,9.0,9.0,2.0,2.0,1.0,1.0,2,1.0,0.0,0.0,0.0
10358,61.05250392014678,262.0,1.0,21.0,0.0,1.0,0.0,33.62291339987768,33.62291339987768,21.622913399877678,21.622913399877678,2.0,2.0,7,1.0,0.0,0.0,0.0
1137,9.0,180.0,1.0,9.0,0.0,0.0,0.0,23.0,23.0,7.0,7.0,1.0,1.0,2,4.0,2.0,3.0,1.0
2823,9.0,180.0,1.0,9.0,0.0,0.0,0.0,9.0,8.0,2.0,2.0,0.0,0.0,1,1.0,2.0,3.0,0.0
4088,6.0,250.0,1.0,15.0,0.0,0.0,0.0,-1.0,-1.0,-1.0,-1.0,-1.0,-1.0,0,-1.0,-1.0,-1.0,-1.0
10447,87.06411967296944,283.0,1.0,29.0,0.0,11.0,0.0,11.0,11.0,3.0,3.0,2.0,2.0,7,1.0,0.0,0.0,0.0
8541,261.0,286.0,3.0,18.0,0.0,3.0,0.0,128.0,128.0,23.0,23.0,2.0,2.0,7,1.0,0.0,0.0,0.0
4493,6.0,250.0,1.0,15.0,0.0,0.0,0.0,0.0,1.0,1.0,0.0,1.0,1.0,2,0.0,1.0,0.0,0.0
4630,6.0,277.0,1.0,17.0,0.0,0.0,0.0,-1.0,0.0,1.0,1.0,0.0,1.0,2,0.0,0.0,0.0,0.0
4917,79.0,256.0,1.0,96.0,0.0,0.0,1.0,-1.0,0.0,1.0,1.0,0.0,2.0,2,0.0,0.0,0.0,0.0
5944,87.0,283.0,1.0,27.0,0.0,9.0,0.0,26.0,26.0,14.0,14.0,2.0,2.0,7,1.0,0.0,0.0,0.0
5667,72.0,321.0,2.0,208.0,23.0,0.0,1.0,207.0,207.0,25.0,25.0,2.0,2.0,7,2.0,0.0,0.0,0.0
7733,63.0,389.0,1.0,356.0,35.0,0.0,1.0,56.0,56.0,49.0,49.0,0.0,0.0,13,2.0,0.0,0.0,0.0
10180,83.35796465237344,265.0,1.0,21.0,0.0,1.0,0.0,11.0,11.0,3.0,3.0,2.0,2.0,7,1.0,0.0,0.0,0.0
10994,73.8582517514828,276.0,1.0,66.00776226037956,0.0,1.0,1.0,22.0,22.0,19.0,19.0,0.0,0.0,7,1.0,0.0,0.0,0.0
3525,566.0,180.0,1.0,127.0,0.0,0.0,1.0,9.0,9.0,1.0,1.0,1.0,1.0,2,1.0,1.0,2.0,1.0
10621,47.721597022867506,275.24746931300666,2.0309336641258326,19.030933664125833,0.9690663358741672,0.09280099237749839,0.9690663358741672,75.12373465650333,75.12373465650333,21.618673282516657,21.618673282516657,1.0309336641258326,1.0309336641258326,2,19.75253068699334,0.0,0.0,0.0
10727,98.46473683549299,283.0,1.0,30.72115789870421,0.0,12.721157898704208,0.0,11.0,11.0,3.0,3.0,2.0,2.0,7,1.0,0.0,0.0,0.0
2374,5.0,180.0,1.0,8.0,0.0,0.0,0.0,9.0,9.0,2.0,2.0,0.0,1.0,1,1.0,1.0,2.0,0.0
1417,1.0,180.0,0.0,10.0,0.0,0.0,0.0,8.0,8.0,2.0,2.0,1.0,1.0,2,1.0,1.0,1.0,1.0
5659,53.0,318.0,4.0,57.0,23.0,0.0,1.0,56.0,56.0,18.0,18.0,2.0,2.0,7,4.0,0.0,0.0,0.0
4271,6.0,196.0,1.0,28.0,0.0,0.0,0.0,-1.0,-1.0,-1.0,-1.0,-1.0,-1.0,0,-1.0,-1.0,-1.0,-1.0
1065,9.0,180.0,1.0,9.0,0.0,0.0,0.0,22.0,22.0,8.0,8.0,3.0,3.0,10,2.0,1.0,1.0,0.0
4018,8.0,180.0,2.0,13.0,0.0,0.0,0.0,14.0,14.0,2.0,2.0,1.0,1.0,2,1.0,2.0,3.0,1.0
6091,90.0,467.0,1.0,94.0,32.0,1.0,1.0,6.0,6.0,2.0,2.0,1.0,1.0,2,1.0,0.0,0.0,0.0
10324,88.45971276754618,348.61773756429193,7.325421992700111,619.7551524722076,17.45971276754618,0.48657092251539313,1.0,105.05059217686889,105.05059217686889,32.701436162269104,32.701436162269104,2.0,2.0,4,10.24484752779247,1.0268581549692137,1.5402872324538206,0.0
9147,28.0,260.0,1.0,12.0,0.0,1.0,0.0,34.0,34.0,22.0,22.0,2.0,2.0,7,1.0,0.0,0.0,0.0
10708,83.87356455785566,425.6102435003861,2.8526642114939103,733.92581542376,29.578892980843484,0.0,1.0,49.0418006927235,49.0418006927235,41.17868630804872,41.17868630804872,0.0,0.0,11,2.431557192337393,0.0,0.0,0.0
7115,90.0,262.0,1.0,21.0,0.0,1.0,0.0,145.0,145.0,43.0,43.0,2.0,2.0,7,34.0,0.0,0.0,0.0
9977,76.0,380.0,1.0,16.0,16.0,-1.0,2.0,9.0,9.0,3.0,3.0,1.0,1.0,2,1.0,1.0,1.0,1.0
8856,174.0,304.0,8.0,133.0,0.0,0.0,1.0,126.0,126.0,20.0,20.0,2.0,2.0,7,8.0,0.0,0.0,0.0
10587,15.529971671317366,280.1656161472867,3.1987393767440118,39.16561614728668,0.4637252124026947,0.0,1.0,157.5362747875973,157.5362747875973,18.19873937674401,18.19873937674401,1.0331232294573354,1.0331232294573354,2,17.4369050992253,0.0,0.0,0.0
9761,13.0,253.0,7.0,33.0,0.0,0.0,1.0,25.0,25.0,6.0,6.0,2.0,2.0,7,5.0,0.0,0.0,0.0
9280,29.0,298.0,1.0,12.0,0.0,1.0,0.0,20.0,20.0,8.0,8.0,2.0,2.0,7,1.0,0.0,0.0,0.0
11029,89.35988072215243,227.63716841668162,30.103249055784897,177.08554388878918,0.0,0.0,1.0,36.63421755551567,36.63421755551567,11.725663166636753,11.725663166636753,1.4542771944394588,1.4542771944394588,4,5.637168416681623,0.0,0.0,0.0
6730,52.0,298.0,2.0,17.0,0.0,2.0,0.0,16.0,16.0,5.0,5.0,2.0,2.0,7,2.0,0.0,0.0,0.0
4367,5.0,180.0,7.0,18.0,0.0,0.0,0.0,10.0,10.0,3.0,3.0,1.0,1.0,2,1.0,1.0,1.0,1.0
1542,15.0,180.0,1.0,7.0,0.0,0.0,0.0,9.0,9.0,3.0,3.0,1.0,1.0,2,1.0,1.0,1.0,1.0
216,7.0,180.0,1.0,5.0,0.0,0.0,0.0,21.0,21.0,11.0,11.0,1.0,1.0,2,1.0,5.0,6.0,0.0
5529,54.0,259.0,27.0,107.0,9.0,1.0,1.0,106.0,106.0,29.0,29.0,1.0,1.0,2,27.0,0.0,0.0,0.0
2664,773.0,263.0,1.0,60.0,0.0,1.0,0.0,9.0,9.0,3.0,3.0,1.0,1.0,2,1.0,1.0,1.0,1.0
9223,17.0,298.0,1.0,13.0,0.0,1.0,0.0,30.0,30.0,18.0,18.0,2.0,2.0,7,1.0,0.0,0.0,0.0
1602,19.0,256.0,2.0,22.0,15.0,0.0,1.0,40.0,40.0,15.0,15.0,1.0,1.0,2,14.0,1.0,2.0,1.0
9571,11.0,229.0,1.0,12.0,0.0,0.0,1.0,26.0,26.0,6.0,6.0,1.0,1.0,2,6.0,0.0,0.0,0.0
3443,7.0,180.0,1.0,11.0,0.0,0.0,0.0,9.0,9.0,2.0,2.0,0.0,1.0,1,1.0,1.0,2.0,0.0
4065,8.0,180.0,1.0,11.0,0.0,0.0,0.0,0.0,1.0,1.0,0.0,1.0,1.0,2,0.0,1.0,0.0,0.0
630,8.0,276.0,4.0,18.0,16.0,0.0,1.0,28.0,28.0,10.0,10.0,1.0,1.0,2,9.0,1.0,2.0,1.0
3003,78.0,340.0,1.0,16.0,4.0,-1.0,2.0,4.0,4.0,1.0,1.0,1.0,1.0,2,0.0,1.0,1.0,1.0
6338,33.0,298.0,1.0,12.0,0.0,1.0,0.0,31.0,31.0,28.0,28.0,0.0,0.0,7,1.0,0.0,0.0,0.0
3622,604.0,180.0,1.0,127.0,0.0,0.0,1.0,9.0,9.0,3.0,3.0,1.0,1.0,2,1.0,1.0,1.0,1.0
5005,8.0,226.0,4.0,18.0,30.0,0.0,1.0,-1.0,-1.0,-1.0,-1.0,-1.0,-1.0,0,-1.0,-1.0,-1.0,-1.0
10118,85.80283488886205,390.2165751527392,20.581024138831857,140.04929127778448,72.80807048615304,2.049291277784487,1.0,40.63555101390734,40.63555101390734,23.29051206941593,23.29051206941593,1.0246456388922436,1.0246456388922436,7,2.5369684583383654,0.0,0.0,0.0
7150,91.0,526.0,1.0,207.0,85.0,0.0,1.0,43.0,43.0,40.0,40.0,0.0,0.0,7,1.0,0.0,0.0,0.0
6021,99.0,461.0,1.0,105.0,12.0,1.0,1.0,29.0,29.0,26.0,26.0,0.0,0.0,7,1.0,0.0,0.0,0.0
903,3.0,260.0,1.0,10.0,10.0,0.0,0.0,10.0,10.0,3.0,3.0,1.0,1.0,2,1.0,1.0,1.0,1.0
4749,91.0,297.0,1.0,83.0,3.0,1.0,0.0,10.0,9.0,2.0,2.0,0.0,0.0,1,1.0,2.0,3.0,0.0
3693,-1.0,-1.0,-1.0,-1.0,-1.0,-1.0,2.0,86.0,86.0,21.0,21.0,1.0,1.0,2,3.0,0.0,0.0,0.0
10309,72.30061240566998,262.0,1.0,21.0,0.0,1.0,0.0,58.47361912264599,58.47361912264599,17.293251679244,16.586503358488006,1.6466258396220015,1.6466258396220015,5,3.060122481133996,0.0,0.0,0.0
1842,3.0,180.0,1.0,7.0,0.0,-1.0,2.0,8.0,8.0,2.0,2.0,1.0,1.0,2,1.0,1.0,1.0,1.0
6777,31.0,260.0,1.0,12.0,0.0,1.0,0.0,11.0,11.0,3.0,3.0,2.0,2.0,7,1.0,0.0,0.0,0.0
6512,78.0,374.0,20.0,480.0,62.0,0.0,1.0,11.0,11.0,3.0,3.0,2.0,2.0,7,1.0,0.0,0.0,0.0
8153,72.0,394.0,6.0,84.0,32.0,0.0,1.0,204.0,204.0,27.0,27.0,2.0,2.0,7,7.0,0.0,0.0,0.0
4309,75.0,256.0,1.0,36.0,0.0,12.0,0.0,12.0,12.0,2.0,2.0,2.0,2.0,7,2.0,1.0,1.0,1.0
7421,96.0,364.0,8.0,322.0,16.0,0.0,1.0,141.0,141.0,55.0,55.0,2.0,2.0,7,8.0,0.0,0.0,0.0
64,7.0,180.0,1.0,10.0,0.0,0.0,0.0,10.0,10.0,3.0,3.0,1.0,1.0,2,1.0,1.0,1.0,1.0
7969,91.0,368.0,2.0,688.0,30.0,0.0,1.0,61.0,61.0,55.0,55.0,0.0,0.0,10,2.0,0.0,0.0,0.0
2066,1.0,180.0,1.0,10.0,0.0,0.0,0.0,8.0,8.0,2.0,2.0,1.0,1.0,2,1.0,1.0,1.0,1.0
774,11.0,180.0,5.0,88.0,0.0,0.0,1.0,13.0,13.0,3.0,3.0,1.0,1.0,2,2.0,1.0,2.0,1.0
10271,73.80383415621873,265.0,1.0,21.0,0.0,1.0,0.0,11.803834156218732,11.803834156218732,3.803834156218732,3.803834156218732,2.0,2.0,7,1.0,0.0,0.0,0.0
8127,94.0,361.0,9.0,1188.0,36.0,0.0,1.0,162.0,162.0,21.0,21.0,3.0,3.0,10,10.0,0.0,0.0,0.0
1505,170.0,316.0,1.0,50.0,28.0,0.0,0.0,9.0,9.0,3.0,3.0,1.0,1.0,2,1.0,1.0,1.0,1.0
10582,125.7020032488843,297.13906515052065,7.589399025334711,107.45033387481405,7.648998375557851,1.4702003248884297,1.0,106.45033387481405,106.45033387481405,31.17879805066942,31.17879805066942,2.0,2.0,7,7.589399025334711,0.0,0.0,0.0
4312,4.0,201.0,1.0,52.0,0.0,0.0,0.0,-1.0,0.0,1.0,1.0,0.0,2.0,2,0.0,0.0,1.0,0.0
7575,92.0,400.0,3.0,583.0,25.0,0.0,1.0,228.0,228.0,216.0,216.0,0.0,0.0,10,8.0,0.0,0.0,0.0
4926,37.0,180.0,1.0,11.0,0.0,0.0,0.0,10.0,10.0,-1.0,3.0,11.0,-1.0,19,1.0,-1.0,-1.0,-1.0
10479,78.09886074811746,380.94487336652855,5.8735759351468175,339.05512663347145,26.071297431381726,0.0,1.0,74.22528481297064,74.22528481297064,69.54943037405873,69.54943037405873,0.0,0.0,8,2.2252848129706364,0.0,0.0,0.0
6623,89.0,262.0,1.0,21.0,0.0,1.0,0.0,16.0,16.0,5.0,5.0,2.0,2.0,7,2.0,0.0,0.0,0.0
10261,68.29307203955516,353.1881163276771,4.44356510169686,46.0,53.293072039555156,0.48118836723228686,1.0,45.0,45.0,15.631681429373991,15.631681429373991,2.0,2.0,7,4.44356510169686,0.0,0.0,0.0
5288,12.0,258.0,1.0,31.0,0.0,0.0,0.0,11.0,11.0,2.0,2.0,2.0,2.0,2,1.0,2.0,3.0,0.0
9950,77.0,360.0,1.0,16.0,16.0,-1.0,2.0,9.0,9.0,3.0,3.0,1.0,1.0,2,1.0,1.0,1.0,1.0
10308,25.319454098090866,298.0,1.0,12.680545901909133,0.0,1.0,0.0,11.0,11.0,3.0,3.0,2.0,2.0,7,1.0,0.0,0.0,0.0
97,12.0,180.0,1.0,9.0,0.0,0.0,0.0,14.0,14.0,2.0,2.0,1.0,1.0,2,1.0,2.0,3.0,1.0
1894,3.0,180.0,0.0,9.0,0.0,0.0,0.0,5.0,4.0,1.0,0.0,0.0,0.0,1,1.0,0.0,0.0,1.0
6228,64.0,262.0,1.0,21.0,0.0,1.0,0.0,11.0,11.0,3.0,3.0,2.0,2.0,7,1.0,0.0,0.0,0.0
5415,53.0,285.0,11.0,74.0,0.0,0.0,1.0,73.0,73.0,27.0,27.0,2.0,2.0,7,11.0,0.0,0.0,0.0
3464,3.0,180.0,0.0,8.0,0.0,0.0,0.0,37.0,37.0,8.0,8.0,1.0,1.0,2,1.0,0.0,0.0,0.0
9592,23.0,229.0,15.0,59.0,0.0,0.0,1.0,64.0,64.0,17.0,17.0,1.0,1.0,2,16.0,0.0,0.0,0.0
3772,-1.0,-1.0,-1.0,-1.0,-1.0,-1.0,2.0,47.0,47.0,6.0,6.0,0.0,0.0,2,1.0,0.0,0.0,0.0
460,14.0,256.0,1.0,16.0,0.0,0.0,0.0,13.0,13.0,3.0,3.0,1.0,1.0,2,2.0,1.0,2.0,1.0
6080,76.0,262.0,1.0,21.0,0.0,1.0,0.0,11.0,11.0,3.0,3.0,2.0,2.0,7,1.0,0.0,0.0,0.0
2007,15.0,224.0,0.0,20.0,7.0,0.0,0.0,5.0,5.0,1.0,1.0,1.0,1.0,1,1.0,1.0,1.0,0.0
9603,43.0,307.0,1.0,306.0,14.0,0.0,1.0,40.0,40.0,14.0,14.0,2.0,2.0,7,3.0,0.0,0.0,0.0
8797,264.0,210.0,3.0,28.0,0.0,12.0,0.0,27.0,27.0,18.0,18.0,1.0,1.0,2,3.0,0.0,0.0,0.0
3183,16.0,180.0,1.0,10.0,0.0,0.0,0.0,9.0,8.0,3.0,2.0,0.0,0.0,1,1.0,1.0,1.0,1.0
267,8.0,180.0,1.0,11.0,0.0,0.0,0.0,15.0,15.0,7.0,7.0,1.0,1.0,2,1.0,3.0,4.0,0.0
5408,71.0,297.0,24.0,90.0,0.0,0.0,1.0,89.0,89.0,25.0,25.0,1.0,1.0,2,24.0,0.0,0.0,0.0
8791,19.0,285.0,2.0,34.0,0.0,1.0,1.0,18.0,18.0,14.0,14.0,0.0,0.0,7,2.0,0.0,0.0,0.0
2873,8.0,180.0,1.0,11.0,0.0,0.0,0.0,9.0,9.0,2.0,2.0,2.0,2.0,2,1.0,2.0,3.0,0.0
2971,46.0,335.0,2.0,19.0,15.0,2.0,1.0,69.0,69.0,14.0,14.0,12.0,12.0,5,1.0,0.0,0.0,0.0
1521,27.0,246.0,1.0,10.0,7.0,0.0,0.0,35.0,35.0,18.0,18.0,1.0,1.0,2,1.0,5.0,6.0,0.0
679,17.0,180.0,1.0,10.0,0.0,0.0,0.0,12.0,13.0,5.0,5.0,1.0,1.0,2,1.0,3.0,4.0,0.0
10539,187.41768116738743,386.34908583954956,4.0,1922.838416934955,32.14024525585582,0.0,1.0,273.12196204684653,273.12196204684653,55.25609810234233,55.25609810234233,2.092987737207209,2.092987737207209,7,3.721036788378373,1.092987737207209,2.092987737207209,0.0
817,30.0,302.0,5.0,18.0,14.0,0.0,1.0,14.0,15.0,1.0,1.0,1.0,1.0,1,1.0,2.0,3.0,0.0
6913,56.0,596.0,1.0,74.0,105.0,3.0,1.0,34.0,34.0,31.0,31.0,0.0,0.0,7,1.0,0.0,0.0,0.0
4838,80.0,180.0,1.0,9.0,0.0,0.0,0.0,19.0,19.0,9.0,9.0,1.0,1.0,2,1.0,0.0,0.0,0.0
8736,197.0,293.0,32.0,197.0,13.0,0.0,1.0,196.0,196.0,83.0,83.0,2.0,2.0,7,32.0,0.0,0.0,0.0
10613,171.10778296564362,271.74872466412177,1.0,78.63073901145212,0.0,13.512753358782497,1.0,36.5025506717565,36.5025506717565,20.364159645034878,20.364159645034878,1.2512753358782498,1.2512753358782498,7,2.876913003817375,0.0,0.0,0.0
5178,49.0,387.0,2.0,65.0,29.0,1.0,1.0,-1.0,-1.0,-1.0,-1.0,-1.0,-1.0,0,-1.0,-1.0,-1.0,-1.0
35,9.0,258.0,1.0,26.0,0.0,0.0,0.0,25.0,25.0,3.0,3.0,1.0,1.0,2,1.0,0.0,0.0,1.0
6378,83.0,265.0,1.0,21.0,0.0,1.0,0.0,40.0,40.0,28.0,28.0,2.0,2.0,7,1.0,0.0,0.0,0.0
5399,46.0,329.0,24.0,95.0,46.0,0.0,1.0,94.0,94.0,26.0,26.0,2.0,2.0,7,24.0,0.0,0.0,0.0
9010,30.0,260.0,1.0,12.0,0.0,1.0,0.0,11.0,11.0,3.0,3.0,2.0,2.0,7,1.0,0.0,0.0,0.0
1291,-1.0,-1.0,-1.0,-1.0,-1.0,-1.0,2.0,35.0,34.0,27.0,27.0,0.0,0.0,13,2.0,2.0,1.0,0.0
1,15.0,224.0,0.0,20.0,7.0,0.0,0.0,19.0,19.0,9.0,9.0,1.0,1.0,2,1.0,0.0,0.0,0.0
2399,9.0,294.0,1.0,10.0,13.0,0.0,1.0,9.0,9.0,1.0,1.0,1.0,1.0,2,1.0,1.0,2.0,1.0
4584,9.0,180.0,1.0,9.0,0.0,0.0,0.0,-1.0,0.0,1.0,1.0,0.0,2.0,2,0.0,0.0,1.0,0.0
1752,2.0,180.0,1.0,10.0,0.0,0.0,0.0,8.0,8.0,2.0,2.0,1.0,1.0,2,1.0,1.0,1.0,1.0
2697,12.0,180.0,2.0,24.0,0.0,0.0,0.0,8.0,8.0,2.0,2.0,1.0,1.0,2,1.0,1.0,1.0,1.0
2761,566.0,180.0,1.0,127.0,0.0,0.0,1.0,354.0,354.0,116.0,116.0,2.0,2.0,7,38.0,1.0,1.0,1.0
673,1.0,180.0,1.0,9.0,0.0,0.0,0.0,21.0,21.0,11.0,11.0,1.0,1.0,2,1.0,5.0,6.0,0.0
6354,84.0,283.0,1.0,29.0,0.0,11.0,0.0,6.0,6.0,2.0,2.0,1.0,1.0,2,1.0,0.0,0.0,0.0
2719,3.0,250.0,1.0,15.0,0.0,0.0,0.0,9.0,8.0,2.0,2.0,0.0,0.0,1,1.0,2.0,3.0,0.0
8293,22.0,396.0,1.0,233.0,30.0,0.0,1.0,217.0,217.0,27.0,27.0,2.0,2.0,7,1.0,1.0,2.0,0.0
9111,21.0,298.0,1.0,13.0,0.0,1.0,0.0,21.0,21.0,9.0,9.0,2.0,2.0,7,1.0,0.0,0.0,0.0
9486,30.0,284.0,14.0,60.0,6.0,0.0,1.0,77.0,77.0,14.0,14.0,2.0,2.0,7,3.0,0.0,0.0,1.0
6582,79.0,283.0,1.0,26.0,0.0,8.0,0.0,36.0,36.0,24.0,24.0,2.0,2.0,7,1.0,0.0,0.0,0.0
11101,354.55594349824776,349.8478667152155,1.4172256428929035,222.89374864139097,41.1655487142142,5.748323071321289,1.0,42.51006157207226,42.51006157207226,16.51006157207226,16.51006157207226,2.0,2.0,7,2.0,0.0,0.0,0.0
5199,9.0,249.0,1.0,10.0,9.0,0.0,0.0,-1.0,-1.0,-1.0,-1.0,-1.0,-1.0,0,-1.0,-1.0,-1.0,-1.0
4657,9.0,180.0,1.0,9.0,0.0,0.0,0.0,25.0,25.0,9.0,9.0,1.0,1.0,2,9.0,1.0,2.0,1.0
140,16.0,180.0,1.0,10.0,0.0,0.0,0.0,14.0,14.0,2.0,2.0,1.0,1.0,2,1.0,2.0,3.0,1.0
2014,11.0,180.0,1.0,9.0,0.0,0.0,0.0,43.0,43.0,8.0,8.0,4.0,4.0,12,2.0,4.0,6.0,1.0
3263,178.0,299.0,1.0,92.0,27.0,5.0,1.0,9.0,9.0,3.0,3.0,1.0,1.0,2,1.0,1.0,1.0,1.0
4976,7.0,230.0,5.0,21.0,30.0,0.0,1.0,-1.0,-1.0,-1.0,-1.0,-1.0,-1.0,0,-1.0,-1.0,-1.0,-1.0
7161,379.0,192.0,15.0,64.0,12.0,15.0,0.0,33.0,33.0,32.0,32.0,0.0,0.0,2,0.0,0.0,0.0,0.0
10095,108.15402286739425,282.0,4.0,39.845977132605746,0.0,4.0,1.0,40.898083847112254,40.898083847112254,11.409961887676248,11.409961887676248,2.0,2.0,7,4.28199237753525,0.0,0.0,0.0
1787,15.0,371.0,1.0,16.0,16.0,-1.0,2.0,8.0,7.0,2.0,2.0,1.0,1.0,2,1.0,1.0,1.0,1.0
10518,11.43034386070333,260.0,1.0,12.0,0.0,1.0,0.0,11.0,11.0,3.0,3.0,2.0,2.0,7,1.0,0.0,0.0,0.0
1008,34.0,316.0,3.0,22.0,9.0,3.0,1.0,19.0,19.0,9.0,9.0,1.0,1.0,2,1.0,0.0,0.0,0.0
7668,50.0,356.0,2.0,232.0,24.0,0.0,1.0,89.0,89.0,78.0,78.0,0.0,0.0,12,6.0,0.0,0.0,0.0
3307,4.0,229.0,1.0,10.0,0.0,0.0,0.0,9.0,9.0,2.0,2.0,0.0,1.0,1,1.0,1.0,2.0,0.0
9467,41.0,252.0,12.0,65.0,0.0,0.0,1.0,128.0,128.0,29.0,29.0,2.0,2.0,7,16.0,0.0,0.0,0.0
10827,75.52440990529547,262.0,1.0,21.0,0.0,1.0,0.0,34.82519669823484,34.82519669823484,22.825196698234844,22.825196698234844,2.0,2.0,7,1.0,0.0,0.0,0.0
10720,32.426123771586134,298.0,1.0,12.0,0.0,1.0,0.0,44.26231270473564,44.26231270473564,32.26231270473564,32.26231270473564,1.4753745905287114,1.4753745905287114,7,1.2623127047356442,0.0,0.0,0.0
1426,1.0,180.0,1.0,111714.0,0.0,0.0,0.0,9.0,9.0,3.0,3.0,1.0,1.0,2,1.0,1.0,1.0,1.0
1120,114.0,295.0,1.0,37.0,48.0,-1.0,2.0,19.0,19.0,9.0,9.0,1.0,1.0,2,1.0,0.0,0.0,0.0
2369,7.0,250.0,1.0,15.0,0.0,0.0,0.0,9.0,9.0,2.0,2.0,0.0,1.0,1,1.0,1.0,2.0,0.0
6529,77.0,283.0,1.0,31.0,0.0,13.0,0.0,6.0,6.0,2.0,2.0,1.0,1.0,2,1.0,0.0,0.0,0.0
6262,93.0,283.0,1.0,29.0,0.0,11.0,0.0,6.0,6.0,2.0,2.0,1.0,1.0,2,1.0,0.0,0.0,0.0
8146,337.0,343.0,24.0,677.0,21.0,0.0,1.0,52.0,52.0,21.0,21.0,2.0,2.0,7,3.0,0.0,0.0,0.0
7252,72.0,226.0,4.0,317.0,0.0,0.0,1.0,139.0,139.0,81.0,81.0,2.0,2.0,7,4.0,0.0,0.0,0.0
1195,9.0,180.0,31.0,70.0,0.0,0.0,0.0,14.0,14.0,2.0,2.0,1.0,1.0,2,1.0,2.0,3.0,1.0
9146,104.0,283.0,1.0,31.0,0.0,13.0,0.0,28.0,28.0,16.0,16.0,2.0,2.0,7,1.0,0.0,0.0,0.0
5487,79.0,449.0,16.0,103.0,13.0,0.0,1.0,69.0,69.0,50.0,50.0,0.0,0.0,10,16.0,0.0,0.0,0.0
6613,79.0,283.0,1.0,29.0,0.0,11.0,0.0,24.0,24.0,12.0,12.0,2.0,2.0,7,1.0,0.0,0.0,0.0
3349,76.0,364.0,1.0,16.0,16.0,-1.0,2.0,8.0,8.0,2.0,2.0,1.0,1.0,2,1.0,1.0,1.0,1.0
9555,43.0,229.0,23.0,97.0,0.0,0.0,1.0,36.0,36.0,10.0,10.0,1.0,1.0,2,10.0,0.0,0.0,0.0
5426,333.0,332.0,15.0,136.0,43.0,3.0,1.0,145.0,145.0,50.0,50.0,3.0,3.0,10,20.0,0.0,0.0,0.0
1861,12.0,367.0,6.0,23.0,9.0,0.0,1.0,9.0,9.0,2.0,2.0,0.0,1.0,1,1.0,1.0,2.0,0.0
5026,9.0,180.0,1.0,216.0,0.0,0.0,0.0,12.0,12.0,2.0,2.0,2.0,2.0,7,2.0,1.0,1.0,1.0
4027,9.0,180.0,1.0,9.0,0.0,0.0,0.0,-1.0,0.0,1.0,1.0,0.0,1.0,2,0.0,0.0,0.0,0.0
7141,91.0,262.0,1.0,21.0,0.0,1.0,0.0,38.0,38.0,5.0,5.0,2.0,2.0,7,1.0,0.0,0.0,0.0
10425,329.20048104731455,370.02227567192386,1.0,16.7772432807616,14.933172984228479,1.0,0.0,15.7772432807616,15.7772432807616,2.0,2.0,1.0,1.0,2,1.0,0.0,0.0,0.0
6987,87.0,262.0,1.0,21.0,0.0,1.0,0.0,124.0,124.0,56.0,56.0,2.0,2.0,7,4.0,0.0,0.0,0.0
3274,90.0,282.0,1.0,32.0,0.0,1.0,1.0,8.0,8.0,1.0,1.0,1.0,1.0,2,1.0,0.0,0.0,0.0
5618,35.0,299.0,2.0,25.0,8.0,0.0,1.0,24.0,24.0,5.0,5.0,1.0,1.0,2,2.0,0.0,0.0,0.0
2659,14.0,293.0,2.0,12.0,16.0,0.0,1.0,9.0,9.0,3.0,3.0,1.0,1.0,2,1.0,1.0,1.0,1.0
10603,58.91104865241435,520.6067983581186,3.5535410315986953,458.60679835811857,53.338809495046235,0.0,1.0,102.71388042131593,102.71388042131593,55.87535463134856,55.87535463134856,1.035694021065797,1.035694021065797,8,13.839093200125072,0.0,0.0,0.0
10696,89.86911672697723,283.0,1.9345583634886112,33.869116726977225,0.0,12.06544163651139,0.0,11.06544163651139,11.06544163651139,3.065441636511389,3.065441636511389,2.0,2.0,7,1.0,0.0,0.0,0.0
7487,68.0,433.0,2.0,339.0,30.0,0.0,1.0,698.0,698.0,391.0,391.0,3.0,3.0,10,4.0,71.0,72.0,0.0
6275,99.0,282.0,5.0,34.0,0.0,5.0,1.0,81.0,81.0,20.0,20.0,2.0,2.0,7,9.0,0.0,0.0,0.0
2218,2.0,180.0,0.0,9.0,0.0,0.0,0.0,8.0,8.0,1.0,1.0,1.0,1.0,2,1.0,0.0,0.0,0.0
11053,86.89015220950344,283.0,1.0,37.1830796508276,0.0,19.1830796508276,0.0,6.0,6.0,2.0,2.0,1.0,1.0,2,1.0,0.0,0.0,0.0
5817,64.0,226.0,1.0,57.0,0.0,0.0,1.0,-1.0,-1.0,-1.0,-1.0,-1.0,-1.0,0,-1.0,-1.0,-1.0,-1.0
2541,128.0,311.0,1.0,126.0,16.0,1.0,1.0,8.0,8.0,2.0,2.0,1.0,1.0,2,1.0,1.0,1.0,1.0
5327,-1.0,-1.0,-1.0,-1.0,-1.0,-1.0,2.0,21.0,21.0,11.0,11.0,1.0,1.0,2,1.0,5.0,6.0,0.0
7144,32.0,298.0,1.0,12.0,0.0,1.0,0.0,138.0,138.0,25.0,25.0,4.0,4.0,12,2.0,0.0,0.0,0.0
3267,769.0,267.0,1.0,22.0,0.0,1.0,0.0,9.0,9.0,3.0,3.0,1.0,1.0,2,1.0,1.0,1.0,1.0
9526,35.0,288.0,8.0,33.0,0.0,0.0,1.0,46.0,46.0,15.0,15.0,2.0,2.0,7,12.0,0.0,0.0,0.0
4492,80.0,275.0,1.0,50.0,3.0,1.0,0.0,-1.0,-1.0,-1.0,-1.0,-1.0,-1.0,0,-1.0,-1.0,-1.0,-1.0
11115,91.94385647651849,283.0,1.0,29.83308134707935,0.0,11.83308134707935,0.0,32.72230621764022,32.72230621764022,29.0,29.0,0.0,0.0,7,1.7223062176402162,0.0,0.0,0.0
11059,61.921134902919675,391.84226980583935,3.0,66.08832262141098,76.07886509708032,0.0,1.0,45.23659529124096,45.23659529124096,31.246052815571623,31.246052815571623,0.7192433980535473,0.7192433980535473,7,3.0,0.0,0.0,0.0
10466,44.99329450086462,335.0,1.2013410998270753,28.395976700518773,8.0,0.0,1.0,27.395976700518773,27.395976700518773,7.0,7.0,1.0,1.0,2,1.2013410998270753,0.0,0.0,0.0
10274,51.940451447289895,641.3359011241816,3.235112861822474,51.96030096485993,110.78473665574757,0.0,1.0,47.23511286182247,47.23511286182247,25.548083119416116,25.548083119416116,1.2549623793925087,1.2549623793925087,8,1.3725188103037458,0.0,0.0,0.6274811896962543
6683,35.0,300.0,1.0,82.0,0.0,0.0,1.0,111.0,111.0,18.0,18.0,2.0,2.0,7,1.0,0.0,0.0,0.0
3594,76.0,380.0,1.0,16.0,16.0,-1.0,2.0,35.0,35.0,8.0,8.0,1.0,1.0,2,1.0,0.0,0.0,0.0
8659,43.0,262.0,3.0,27.0,0.0,3.0,0.0,38.0,38.0,11.0,11.0,2.0,2.0,7,3.0,0.0,0.0,1.0
1535,2.0,180.0,1.0,8.0,0.0,0.0,0.0,9.0,9.0,3.0,3.0,1.0,1.0,2,1.0,1.0,1.0,1.0
9520,28.0,288.0,9.0,151.0,0.0,0.0,1.0,20.0,20.0,5.0,5.0,2.0,2.0,7,2.0,0.0,0.0,0.0
9683,39.0,288.0,7.0,40.0,0.0,0.0,1.0,39.0,39.0,10.0,10.0,2.0,2.0,7,8.0,0.0,0.0,0.0
7534,35.0,337.0,1.0,59.0,20.0,0.0,1.0,225.0,225.0,32.0,32.0,2.0,2.0,7,1.0,1.0,2.0,0.0
9562,36.0,229.0,10.0,41.0,0.0,0.0,1.0,31.0,31.0,7.0,7.0,1.0,1.0,2,7.0,0.0,0.0,0.0
7480,75.0,352.0,1.0,1091.0,27.0,0.0,1.0,88.0,88.0,34.0,34.0,2.0,2.0,2,1.0,2.0,3.0,0.0
4022,94.0,180.0,1.0,9.0,0.0,0.0,0.0,-1.0,-1.0,-1.0,-1.0,-1.0,-1.0,0,-1.0,-1.0,-1.0,-1.0
1959,15.0,180.0,1.0,10.0,0.0,0.0,0.0,7.0,6.0,2.0,2.0,1.0,1.0,2,1.0,1.0,1.0,1.0
4709,74.0,371.0,1.0,16.0,16.0,-1.0,2.0,10.0,10.0,3.0,3.0,1.0,1.0,2,1.0,1.0,1.0,1.0
290,38.0,256.0,1.0,28.0,0.0,4.0,0.0,28.0,28.0,10.0,10.0,1.0,1.0,2,9.0,1.0,2.0,1.0
4629,46.0,180.0,1.0,11.0,0.0,0.0,0.0,14.0,14.0,4.0,4.0,1.0,1.0,2,1.0,1.0,1.0,1.0
6330,71.0,272.0,1.0,21.0,0.0,1.0,0.0,6.0,6.0,2.0,2.0,1.0,1.0,2,1.0,0.0,0.0,0.0
990,1.0,180.0,1.0,111612.0,0.0,0.0,0.0,14.0,14.0,2.0,2.0,1.0,1.0,2,1.0,2.0,3.0,1.0
5474,48.0,345.0,3.0,106.0,48.0,0.0,1.0,105.0,105.0,15.0,15.0,2.0,2.0,7,3.0,0.0,0.0,1.0
2360,952.0,275.0,1.0,47.0,3.0,1.0,0.0,9.0,9.0,2.0,2.0,0.0,1.0,1,1.0,1.0,2.0,0.0
8793,20.0,285.0,2.0,39.0,0.0,1.0,1.0,20.0,20.0,16.0,16.0,0.0,0.0,7,2.0,0.0,0.0,0.0
2724,8.0,180.0,2.0,13.0,0.0,0.0,0.0,8.0,8.0,2.0,2.0,1.0,1.0,2,1.0,1.0,1.0,1.0
5634,44.0,299.0,3.0,32.0,8.0,0.0,1.0,31.0,31.0,7.0,7.0,1.0,1.0,2,3.0,0.0,0.0,0.0
7557,55.0,379.0,1.0,272.0,24.0,0.0,1.0,104.0,104.0,98.0,98.0,0.0,0.0,10,2.0,0.0,0.0,0.0
5149,32.0,437.0,4.0,69.0,95.0,0.0,1.0,-1.0,-1.0,-1.0,-1.0,-1.0,-1.0,0,-1.0,-1.0,-1.0,-1.0
3507,76.0,374.0,1.0,16.0,16.0,-1.0,2.0,8.0,8.0,2.0,2.0,1.0,1.0,2,1.0,1.0,1.0,1.0
2665,45.0,180.0,1.0,25.0,0.0,0.0,0.0,9.0,9.0,3.0,3.0,1.0,1.0,2,1.0,1.0,1.0,1.0
2287,9.0,180.0,1.0,9.0,0.0,0.0,0.0,68.0,68.0,54.0,53.0,0.0,0.0,3,3.0,4.0,2.0,0.0
3400,46.0,180.0,1.0,11.0,0.0,0.0,0.0,5.0,4.0,1.0,0.0,0.0,0.0,1,1.0,0.0,0.0,1.0
4746,77.0,376.0,1.0,16.0,16.0,-1.0,2.0,-1.0,0.0,1.0,1.0,0.0,1.0,2,0.0,0.0,0.0,0.0
8378,284.0,373.0,2.0,182.0,29.0,0.0,1.0,77.0,77.0,25.0,25.0,3.0,3.0,10,1.0,2.0,3.0,0.0
1559,11.0,180.0,22.0,36.0,0.0,0.0,0.0,9.0,9.0,2.0,2.0,0.0,1.0,1,1.0,1.0,2.0,0.0
3379,296.0,273.0,1.0,26.0,0.0,2.0,1.0,74.0,74.0,26.0,26.0,3.0,3.0,13,5.0,1.0,2.0,1.0
2970,130.0,276.0,1.0,27.0,7.0,4.0,0.0,9.0,9.0,2.0,2.0,2.0,2.0,2,1.0,2.0,3.0,0.0
4583,72.0,238.0,1.0,59.0,0.0,2.0,1.0,-1.0,0.0,1.0,1.0,0.0,2.0,2,0.0,0.0,0.0,0.0
6669,80.0,283.0,1.0,31.0,0.0,13.0,0.0,92.0,92.0,19.0,19.0,2.0,2.0,7,1.0,0.0,0.0,0.0
8812,25.0,283.0,1.0,24.0,7.0,0.0,1.0,23.0,23.0,4.0,4.0,1.0,1.0,2,1.0,0.0,0.0,0.0
5583,88.0,257.0,6.0,1173.0,0.0,0.0,1.0,356.0,356.0,29.0,29.0,4.0,4.0,12,12.0,0.0,0.0,0.0
1772,15.0,371.0,1.0,16.0,16.0,-1.0,2.0,4.0,4.0,1.0,1.0,0.0,1.0,1,1.0,1.0,1.0,1.0
8456,105.0,283.0,2.0,68.0,0.0,47.0,0.0,30.0,30.0,5.0,4.0,1.0,1.0,2,1.0,0.0,0.0,0.0
2290,8.0,180.0,1.0,10.0,0.0,0.0,0.0,9.0,9.0,2.0,2.0,0.0,1.0,1,1.0,2.0,3.0,0.0
1678,1600.0,277.0,4.0,54.0,6.0,7.0,0.0,37.0,37.0,9.0,9.0,1.0,1.0,2,1.0,4.0,5.0,0.0
3398,4.0,221.0,1.0,10.0,3.0,0.0,0.0,8.0,8.0,2.0,2.0,1.0,1.0,2,1.0,1.0,1.0,1.0
4441,75.0,256.0,1.0,36.0,0.0,12.0,0.0,-1.0,-1.0,-1.0,-1.0,-1.0,-1.0,0,-1.0,-1.0,-1.0,-1.0
1313,3.0,218.0,1.0,12.0,0.0,0.0,0.0,14.0,14.0,4.0,4.0,1.0,1.0,2,12.0,1.0,0.0,2.0
4495,77.0,350.0,1.0,16.0,13.0,-1.0,2.0,-1.0,-1.0,-1.0,-1.0,-1.0,-1.0,0,-1.0,-1.0,-1.0,-1.0
6556,87.0,283.0,1.0,38.0,0.0,20.0,0.0,21.0,21.0,9.0,9.0,2.0,2.0,7,1.0,0.0,0.0,0.0
1581,3.0,180.0,1.0,8.0,0.0,0.0,0.0,8.0,8.0,2.0,2.0,1.0,1.0,2,1.0,1.0,1.0,1.0
852,6.0,180.0,1.0,16.0,0.0,0.0,0.0,10.0,10.0,3.0,3.0,1.0,1.0,2,1.0,1.0,1.0,1.0
7310,93.0,311.0,21.0,838.0,17.0,41.0,1.0,201.0,201.0,57.0,57.0,1.0,1.0,2,46.0,0.0,0.0,0.0
8493,118.0,283.0,1.0,46.0,0.0,28.0,0.0,6.0,6.0,2.0,2.0,1.0,1.0,2,1.0,0.0,0.0,0.0
6758,86.0,283.0,1.0,32.0,0.0,14.0,0.0,6.0,6.0,2.0,2.0,1.0,1.0,2,1.0,0.0,0.0,0.0
92,14.0,256.0,1.0,16.0,0.0,0.0,0.0,19.0,19.0,1.0,1.0,1.0,1.0,2,15.0,1.0,1.0,1.0
3381,190.0,277.0,1.0,34.0,0.0,2.0,0.0,9.0,9.0,3.0,3.0,1.0,1.0,2,1.0,1.0,1.0,1.0
8427,231.0,281.0,3.0,40.0,0.0,3.0,1.0,27.0,27.0,7.0,7.0,1.0,1.0,2,3.0,0.0,0.0,0.0
10980,61.23847464122347,551.405892970049,6.941421126247959,626.0083182924307,82.35147324251224,0.0,1.0,55.895319691141836,55.895319691141836,26.476949282446938,26.476949282446938,1.9414211262479593,1.9414211262479593,6,6.648526757487755,0.0,0.0,0.0
1450,16.0,180.0,1.0,10.0,0.0,0.0,0.0,8.0,7.0,2.0,2.0,1.0,1.0,2,1.0,1.0,1.0,1.0
9087,22.0,298.0,1.0,13.0,0.0,1.0,0.0,29.0,29.0,17.0,17.0,2.0,2.0,7,1.0,0.0,0.0,0.0
7057,75.0,262.0,1.0,21.0,0.0,1.0,0.0,29.0,29.0,26.0,26.0,0.0,0.0,7,1.0,0.0,0.0,0.0
7220,76.0,305.0,2.0,432.0,6.0,27.0,1.0,99.0,99.0,62.0,62.0,2.0,2.0,7,3.0,0.0,0.0,0.0
10752,283.5555674749611,378.66668709993326,3.38889953121524,534.1666602812709,24.555559812486095,0.0,1.0,129.22222392499444,129.22222392499444,46.77776841253059,46.77776841253059,2.0,2.0,2,2.111111962497219,1.8888880375027808,2.833332056254171,0.0
7104,96.0,283.0,1.0,45.0,0.0,27.0,0.0,6.0,6.0,2.0,2.0,1.0,1.0,2,1.0,0.0,0.0,0.0
9829,100.0,308.0,13.0,789.0,1.0,0.0,1.0,91.0,91.0,83.0,83.0,0.0,0.0,2,6.0,0.0,0.0,0.0
2440,7.0,296.0,1.0,16.0,2.0,-1.0,2.0,9.0,9.0,2.0,2.0,0.0,1.0,2,0.0,1.0,2.0,0.0
5296,1.0,180.0,1.0,111714.0,0.0,0.0,0.0,12.0,12.0,3.0,3.0,1.0,1.0,2,0.0,2.0,3.0,0.0
6412,79.0,265.0,1.0,21.0,0.0,1.0,0.0,131.0,131.0,26.0,26.0,2.0,2.0,7,1.0,0.0,0.0,0.0
1490,2.0,180.0,1.0,111714.0,0.0,0.0,0.0,9.0,9.0,2.0,2.0,0.0,1.0,1,1.0,1.0,2.0,0.0
2390,7.0,180.0,1.0,11.0,0.0,0.0,0.0,9.0,9.0,2.0,2.0,0.0,1.0,1,1.0,2.0,3.0,0.0
7885,67.0,340.0,2.0,344.0,15.0,0.0,1.0,54.0,54.0,46.0,46.0,0.0,0.0,12,4.0,0.0,0.0,0.0
378,7.0,180.0,2.0,9.0,0.0,0.0,0.0,21.0,21.0,6.0,6.0,1.0,1.0,2,1.0,3.0,4.0,0.0
4677,62.0,267.0,1.0,33.0,0.0,1.0,1.0,11.0,11.0,2.0,2.0,2.0,2.0,2,1.0,2.0,3.0,0.0
7484,79.0,411.0,4.0,476.0,30.0,0.0,1.0,80.0,80.0,72.0,72.0,0.0,0.0,10,4.0,0.0,0.0,0.0
7543,45.0,349.0,1.0,98.0,19.0,0.0,1.0,61.0,61.0,21.0,21.0,4.0,4.0,10,1.0,0.0,0.0,0.0
4798,7.0,250.0,1.0,15.0,0.0,0.0,0.0,18.0,12.0,4.0,4.0,1.0,1.0,2,2.0,1.0,1.0,0.0
1774,12.0,405.0,6.0,23.0,17.0,0.0,1.0,8.0,8.0,2.0,2.0,1.0,1.0,2,1.0,1.0,1.0,1.0
2469,4.0,256.0,1.0,16.0,0.0,1.0,0.0,9.0,9.0,2.0,2.0,0.0,1.0,1,1.0,2.0,3.0,0.0
8156,80.0,354.0,8.0,104.0,37.0,0.0,1.0,211.0,211.0,28.0,28.0,2.0,2.0,7,8.0,0.0,0.0,0.0
8660,42.0,262.0,3.0,27.0,0.0,3.0,0.0,49.0,49.0,19.0,19.0,2.0,2.0,7,6.0,0.0,0.0,0.0
9378,120.0,297.0,2.0,168.0,1.0,2.0,1.0,50.0,50.0,26.0,26.0,2.0,2.0,7,2.0,0.0,0.0,0.0
10077,107.14952880220183,262.0,2.0,24.0,0.0,2.0,0.0,17.348900538470936,17.348900538470936,6.29905760440366,6.29905760440366,2.0,2.0,7,1.9501570659327232,0.0,0.0,0.0
7037,61.0,283.0,1.0,25.0,0.0,7.0,0.0,28.0,28.0,16.0,16.0,2.0,2.0,7,1.0,0.0,0.0,0.0
2743,158.0,287.0,1.0,33.0,23.0,0.0,1.0,9.0,9.0,2.0,2.0,0.0,1.0,1,1.0,2.0,3.0,0.0
4469,9.0,296.0,1.0,10.0,21.0,0.0,1.0,-1.0,-1.0,-1.0,-1.0,-1.0,-1.0,0,-1.0,-1.0,-1.0,-1.0
9372,109.0,296.0,2.0,169.0,1.0,1.0,1.0,57.0,57.0,26.0,26.0,2.0,2.0,7,2.0,0.0,0.0,0.0
4921,36.0,180.0,1.0,12.0,0.0,0.0,0.0,22.0,22.0,7.0,7.0,1.0,1.0,2,6.0,1.0,2.0,1.0
9017,21.0,298.0,1.0,13.0,0.0,1.0,0.0,11.0,11.0,3.0,3.0,2.0,2.0,7,1.0,0.0,0.0,0.0
9458,81.0,294.0,2.0,99.0,0.0,2.0,1.0,33.0,33.0,11.0,11.0,2.0,2.0,7,4.0,0.0,0.0,0.0
9072,170.0,272.0,2.0,24.0,0.0,2.0,0.0,11.0,11.0,3.0,3.0,2.0,2.0,7,1.0,0.0,0.0,0.0
9195,19.0,298.0,1.0,12.0,0.0,1.0,0.0,11.0,11.0,3.0,3.0,2.0,2.0,7,1.0,0.0,0.0,0.0
9851,25.0,314.0,1.0,242.0,10.0,0.0,1.0,1033.0,1033.0,40.0,40.0,1.0,1.0,2,33.0,0.0,0.0,0.0
5621,45.0,307.0,3.0,49.0,8.0,0.0,1.0,48.0,48.0,16.0,16.0,2.0,2.0,7,3.0,0.0,0.0,0.0
6587,77.0,283.0,1.0,30.0,0.0,12.0,0.0,33.0,33.0,30.0,30.0,0.0,0.0,7,1.0,0.0,0.0,0.0
3698,-1.0,-1.0,-1.0,-1.0,-1.0,-1.0,2.0,94.0,94.0,8.0,8.0,1.0,1.0,2,1.0,0.0,0.0,0.0
7626,70.0,389.0,2.0,283.0,33.0,0.0,1.0,53.0,53.0,47.0,47.0,0.0,0.0,10,2.0,0.0,0.0,0.0
1036,1.0,180.0,1.0,111612.0,0.0,0.0,0.0,17.0,17.0,1.0,1.0,1.0,1.0,2,1.0,1.0,2.0,1.0
8837,170.0,304.0,1.0,67.0,0.0,0.0,1.0,67.0,67.0,16.0,16.0,2.0,2.0,7,2.0,0.0,0.0,0.0
5377,-1.0,-1.0,-1.0,-1.0,-1.0,-1.0,2.0,131.0,125.0,18.0,18.0,2.0,2.0,7,3.0,2.0,3.0,2.0
5455,387.0,273.0,6.0,98.0,0.0,0.0,1.0,97.0,97.0,46.0,46.0,2.0,2.0,7,6.0,0.0,0.0,0.0
3055,5.0,218.0,1.0,10.0,0.0,0.0,0.0,8.0,8.0,2.0,2.0,1.0,1.0,2,1.0,1.0,1.0,1.0
3513,45.0,45080.0,0.0,5.0,44900.0,0.0,0.0,8.0,8.0,2.0,2.0,1.0,1.0,2,1.0,1.0,1.0,1.0
4974,5.0,223.0,1.0,15.0,0.0,0.0,0.0,-1.0,-1.0,-1.0,-1.0,-1.0,-1.0,0,-1.0,-1.0,-1.0,-1.0
430,4.0,247.0,1.0,16.0,0.0,0.0,0.0,21.0,21.0,10.0,10.0,1.0,1.0,2,2.0,0.0,0.0,0.0
9345,28.0,283.0,1.0,10.0,0.0,1.0,0.0,11.0,11.0,3.0,3.0,2.0,2.0,7,1.0,0.0,0.0,0.0
3243,8.0,232.0,4.0,18.0,36.0,0.0,1.0,9.0,9.0,3.0,3.0,1.0,1.0,2,1.0,1.0,1.0,1.0
10926,82.15814728036734,262.0,1.0,21.0,0.0,1.0,0.0,32.28061757321088,32.28061757321088,20.280617573210886,20.280617573210886,2.0,2.0,7,1.0,0.0,0.0,0.0
9423,392.0,268.0,4.0,178.0,0.0,0.0,1.0,35.0,35.0,12.0,12.0,2.0,2.0,7,3.0,0.0,0.0,0.0
2543,149.0,180.0,2.0,62.0,0.0,0.0,1.0,4.0,4.0,1.0,1.0,1.0,1.0,2,0.0,1.0,1.0,1.0
5298,1.0,180.0,1.0,111113.0,0.0,0.0,0.0,29.0,29.0,10.0,10.0,1.0,1.0,2,7.0,2.0,3.0,1.0
8554,171.0,305.0,5.0,1025.0,6.0,71.0,1.0,144.0,144.0,90.0,90.0,2.0,2.0,7,2.0,0.0,0.0,0.0
6345,55.0,279.0,3.0,35.0,0.0,3.0,1.0,111.0,111.0,82.0,82.0,0.0,0.0,7,27.0,0.0,0.0,0.0
8439,140.0,283.0,1.0,49.0,0.0,31.0,0.0,48.0,48.0,36.0,36.0,2.0,2.0,7,1.0,0.0,0.0,0.0
3996,37.0,180.0,1.0,11.0,0.0,0.0,0.0,13.0,13.0,2.0,2.0,1.0,1.0,2,3.0,0.0,0.0,0.0
5457,50.0,285.0,14.0,83.0,0.0,0.0,1.0,82.0,82.0,33.0,33.0,2.0,2.0,7,14.0,0.0,0.0,0.0
1015,18.0,180.0,1.0,10.0,0.0,0.0,0.0,19.0,19.0,9.0,9.0,1.0,1.0,2,1.0,0.0,0.0,0.0
7446,96.0,391.0,2.0,1339.0,29.0,0.0,1.0,844.0,844.0,285.0,285.0,0.0,0.0,7,1.0,0.0,0.0,0.0
3939,16.0,203.0,1.0,159.0,0.0,0.0,0.0,9.0,9.0,4.0,4.0,0.0,0.0,2,0.0,1.0,2.0,0.0
1757,2.0,180.0,1.0,111714.0,0.0,0.0,0.0,8.0,8.0,2.0,2.0,1.0,1.0,2,1.0,1.0,1.0,1.0
3316,9.0,180.0,31.0,70.0,0.0,0.0,0.0,82.0,82.0,14.0,14.0,0.0,0.0,2,1.0,0.0,0.0,0.0
9927,77.0,358.0,1.0,16.0,10.0,-1.0,2.0,9.0,9.0,3.0,3.0,1.0,1.0,2,1.0,1.0,1.0,1.0
4933,4.0,180.0,1.0,14.0,0.0,0.0,0.0,11.0,11.0,3.0,3.0,0.0,1.0,1,1.0,3.0,4.0,0.0
5835,60.0,520.0,7.0,606.0,74.0,0.0,1.0,52.0,52.0,21.0,21.0,2.0,2.0,7,7.0,0.0,0.0,0.0
5224,191.0,288.0,1.0,237.0,0.0,0.0,1.0,13.0,13.0,2.0,2.0,1.0,1.0,2,1.0,2.0,3.0,1.0
2102,18.0,180.0,1.0,10.0,0.0,0.0,0.0,8.0,8.0,2.0,2.0,1.0,1.0,2,1.0,1.0,1.0,1.0
8387,170.0,461.0,6.0,1428.0,33.0,0.0,1.0,288.0,288.0,98.0,98.0,4.0,4.0,7,5.0,38.0,39.0,0.0
320,4.0,180.0,7.0,18.0,0.0,0.0,0.0,19.0,19.0,9.0,9.0,1.0,1.0,2,1.0,0.0,0.0,0.0
9586,16.0,229.0,10.0,39.0,0.0,0.0,1.0,52.0,52.0,14.0,14.0,1.0,1.0,2,14.0,0.0,0.0,0.0
2117,11.0,180.0,15.0,45.0,0.0,0.0,0.0,8.0,8.0,2.0,2.0,1.0,1.0,2,1.0,1.0,1.0,1.0
3765,-1.0,-1.0,-1.0,-1.0,-1.0,-1.0,2.0,7.0,7.0,1.0,1.0,1.0,1.0,2,1.0,0.0,0.0,1.0
8979,30.0,298.0,1.0,12.0,0.0,1.0,0.0,6.0,6.0,2.0,2.0,1.0,1.0,2,1.0,0.0,0.0,0.0
2342,8.0,275.0,4.0,18.0,18.0,0.0,1.0,9.0,9.0,2.0,2.0,0.0,1.0,1,1.0,1.0,2.0,0.0
4637,4.0,396.0,2.0,14.0,11.0,0.0,1.0,19.0,19.0,9.0,9.0,1.0,1.0,2,1.0,0.0,0.0,0.0
4728,48.0,287.0,1.0,40.0,0.0,1.0,0.0,19.0,19.0,9.0,9.0,1.0,1.0,2,1.0,0.0,0.0,0.0
577,95.0,180.0,1.0,9.0,0.0,0.0,0.0,14.0,14.0,2.0,2.0,1.0,1.0,2,1.0,2.0,3.0,1.0
4769,8.0,289.0,1.0,10.0,17.0,0.0,1.0,-1.0,-1.0,-1.0,-1.0,-1.0,-1.0,0,-1.0,-1.0,-1.0,-1.0
3318,4.0,246.0,1.0,16.0,0.0,0.0,0.0,9.0,9.0,2.0,2.0,2.0,2.0,2,1.0,2.0,3.0,0.0
7021,97.0,460.0,1.0,132.0,14.0,1.0,1.0,11.0,11.0,3.0,3.0,2.0,2.0,7,1.0,0.0,0.0,0.0
6931,70.0,555.0,1.0,413.0,13.0,1.0,1.0,156.0,156.0,21.0,21.0,2.0,2.0,7,4.0,0.0,0.0,0.0
1080,8.0,180.0,1.0,10.0,0.0,0.0,0.0,19.0,19.0,1.0,1.0,1.0,1.0,2,15.0,1.0,1.0,1.0
9118,29.0,298.0,1.0,12.0,0.0,1.0,0.0,101.0,101.0,19.0,19.0,2.0,2.0,7,1.0,0.0,0.0,0.0
8794,24.0,285.0,2.0,41.0,0.0,1.0,1.0,25.0,25.0,21.0,21.0,0.0,0.0,7,2.0,0.0,0.0,0.0
8249,1.0,352.0,1.0,7.0,15.0,0.0,1.0,6.0,6.0,1.0,1.0,1.0,1.0,2,1.0,0.0,0.0,0.0
8630,131.0,388.0,36.0,451.0,23.0,36.0,1.0,35.0,35.0,11.0,11.0,2.0,2.0,7,2.0,0.0,0.0,0.0
6296,70.0,262.0,1.0,21.0,0.0,1.0,0.0,21.0,21.0,8.0,8.0,2.0,2.0,7,2.0,0.0,0.0,0.0
1401,15.0,224.0,0.0,20.0,7.0,0.0,0.0,8.0,8.0,2.0,2.0,1.0,1.0,2,1.0,1.0,1.0,1.0
9734,22.0,279.0,10.0,45.0,0.0,0.0,1.0,90.0,90.0,27.0,27.0,2.0,2.0,7,26.0,0.0,0.0,0.0
7727,95.0,355.0,4.0,776.0,29.0,0.0,1.0,106.0,106.0,45.0,45.0,4.0,4.0,10,1.0,2.0,2.0,0.0
6522,81.0,283.0,1.0,31.0,0.0,11.0,0.0,30.0,30.0,4.0,4.0,1.0,1.0,2,1.0,0.0,0.0,0.0
6013,80.0,262.0,1.0,21.0,0.0,1.0,0.0,6.0,6.0,2.0,2.0,1.0,1.0,2,1.0,0.0,0.0,0.0
4965,77.0,376.0,1.0,16.0,16.0,-1.0,2.0,22.0,22.0,8.0,8.0,1.0,1.0,2,2.0,0.0,0.0,1.0
9093,27.0,260.0,1.0,12.0,0.0,1.0,0.0,206.0,206.0,24.0,24.0,2.0,2.0,7,1.0,0.0,0.0,0.0
6928,80.0,272.0,1.0,21.0,0.0,1.0,0.0,11.0,11.0,3.0,3.0,2.0,2.0,7,1.0,0.0,0.0,0.0
6426,71.0,262.0,1.0,21.0,0.0,1.0,0.0,11.0,11.0,3.0,3.0,2.0,2.0,7,1.0,0.0,0.0,0.0
983,7.0,180.0,1.0,10.0,0.0,0.0,0.0,19.0,19.0,1.0,1.0,1.0,1.0,2,15.0,1.0,1.0,1.0
9664,335.0,287.0,27.0,616.0,0.0,0.0,1.0,326.0,326.0,100.0,100.0,2.0,2.0,7,97.0,0.0,0.0,1.0
5771,57.0,350.0,2.0,38.0,40.0,0.0,1.0,37.0,37.0,16.0,16.0,2.0,2.0,7,2.0,0.0,0.0,0.0
785,8.0,243.0,1.0,16.0,0.0,0.0,0.0,10.0,10.0,3.0,3.0,1.0,1.0,2,1.0,1.0,1.0,1.0
10701,192.80343361212348,296.93183663061285,18.796830511886004,150.5976228839145,4.665786253301668,1.0668427493396664,1.0,47.13236487863183,47.13236487863183,11.399735875990501,11.399735875990501,3.066842749339666,3.066842749339666,7,6.665786253301668,0.0,0.0,0.4665786253301668
2572,5.0,180.0,1.0,72514.0,0.0,0.0,0.0,9.0,9.0,3.0,3.0,1.0,1.0,2,1.0,1.0,1.0,1.0
6858,80.0,283.0,1.0,30.0,0.0,12.0,0.0,38.0,38.0,15.0,15.0,2.0,2.0,7,5.0,0.0,0.0,0.0
1973,2.0,180.0,1.0,111614.0,0.0,0.0,0.0,9.0,9.0,1.0,1.0,1.0,1.0,2,1.0,1.0,2.0,1.0
3181,25.0,25241.0,0.0,5.0,25021.0,0.0,0.0,9.0,9.0,2.0,2.0,0.0,1.0,1,1.0,2.0,3.0,0.0
6830,77.0,283.0,1.0,27.0,0.0,9.0,0.0,19.0,19.0,6.0,6.0,2.0,2.0,7,1.0,0.0,0.0,0.0
10832,1.0,360.82424198924207,1.0,7.6351516021515895,10.63515160215159,0.0,0.0,6.6351516021515895,6.6351516021515895,1.6351516021515895,1.6351516021515895,1.0,1.0,2,1.0,0.0,0.0,0.0
8175,85.0,349.0,10.0,415.0,43.0,0.0,1.0,40.0,40.0,14.0,14.0,2.0,2.0,7,4.0,0.0,0.0,0.0
500,16.0,180.0,1.0,10.0,0.0,0.0,0.0,11.0,11.0,2.0,2.0,1.0,1.0,2,1.0,1.0,1.0,1.0
3652,-1.0,-1.0,-1.0,-1.0,-1.0,-1.0,2.0,4.0,4.0,1.0,1.0,1.0,1.0,2,0.0,1.0,1.0,1.0
1994,17.0,180.0,1.0,10.0,0.0,0.0,0.0,7.0,6.0,1.0,1.0,0.0,1.0,2,1.0,1.0,2.0,0.0
363,0.0,180.0,0.0,2.0,0.0,0.0,0.0,19.0,19.0,9.0,9.0,1.0,1.0,2,1.0,0.0,0.0,0.0
6213,83.0,272.0,1.0,21.0,0.0,1.0,0.0,11.0,11.0,3.0,3.0,2.0,2.0,7,1.0,0.0,0.0,0.0
2905,219.0,180.0,1.0,27.0,0.0,0.0,0.0,7.0,7.0,1.0,1.0,0.0,1.0,1,0.0,0.0,0.0,0.0
6397,43.0,472.0,6.0,390.0,58.0,0.0,1.0,24.0,24.0,12.0,12.0,2.0,2.0,7,1.0,0.0,0.0,0.0
1361,18.0,262.0,1.0,10.0,13.0,0.0,0.0,9.0,9.0,1.0,1.0,1.0,1.0,2,1.0,1.0,2.0,1.0
292,12.0,180.0,1.0,9.0,0.0,0.0,0.0,15.0,15.0,2.0,2.0,1.0,1.0,2,1.0,2.0,3.0,1.0
6679,92.0,262.0,1.0,21.0,0.0,1.0,0.0,9.0,9.0,4.0,4.0,1.0,1.0,2,1.0,0.0,0.0,0.0
9129,178.0,180.0,1.0,1068.0,0.0,1.0,1.0,6.0,6.0,2.0,2.0,1.0,1.0,2,1.0,0.0,0.0,0.0
8940,130.0,226.0,8.0,56.0,0.0,0.0,1.0,55.0,55.0,25.0,25.0,2.0,2.0,7,8.0,0.0,0.0,1.0
4391,8.0,180.0,1.0,10.0,0.0,0.0,0.0,-1.0,0.0,1.0,1.0,0.0,1.0,2,0.0,0.0,1.0,0.0
9917,74.0,374.0,1.0,16.0,16.0,-1.0,2.0,8.0,8.0,2.0,2.0,1.0,1.0,2,1.0,1.0,1.0,1.0
93,16.0,180.0,1.0,10.0,0.0,0.0,0.0,15.0,15.0,2.0,2.0,1.0,1.0,2,1.0,1.0,2.0,0.0
9291,22.0,260.0,1.0,12.0,0.0,1.0,0.0,11.0,11.0,3.0,3.0,2.0,2.0,7,1.0,0.0,0.0,0.0
3456,10.0,471.0,4.0,18.0,10.0,0.0,1.0,9.0,9.0,3.0,3.0,1.0,1.0,2,1.0,1.0,1.0,1.0
6805,83.0,262.0,1.0,21.0,0.0,1.0,0.0,6.0,6.0,2.0,2.0,1.0,1.0,2,1.0,0.0,0.0,0.0
4147,6.0,180.0,0.0,1991.0,0.0,0.0,0.0,-1.0,-1.0,-1.0,-1.0,-1.0,-1.0,0,-1.0,-1.0,-1.0,-1.0
7205,60.0,226.0,3.0,232.0,0.0,0.0,1.0,76.0,76.0,38.0,38.0,2.0,2.0,7,3.0,0.0,0.0,0.0
9428,275.0,252.0,46.0,191.0,0.0,2.0,1.0,37.0,37.0,12.0,12.0,2.0,2.0,7,2.0,0.0,0.0,0.0
1712,10.0,180.0,31.0,70.0,0.0,0.0,0.0,8.0,8.0,2.0,2.0,1.0,1.0,2,1.0,1.0,1.0,1.0
6174,78.0,262.0,1.0,21.0,0.0,1.0,0.0,29.0,29.0,17.0,17.0,2.0,2.0,7,1.0,0.0,0.0,0.0
9269,17.0,298.0,1.0,13.0,0.0,1.0,0.0,12.0,12.0,4.0,4.0,2.0,2.0,7,1.0,0.0,0.0,0.0
7561,83.0,390.0,2.0,354.0,30.0,0.0,1.0,306.0,306.0,299.0,299.0,0.0,0.0,13,1.0,0.0,0.0,0.0
5904,67.0,380.0,3.0,151.0,84.0,0.0,1.0,150.0,150.0,8.0,8.0,2.0,2.0,7,3.0,0.0,0.0,1.0
4375,4.0,256.0,1.0,15.0,0.0,0.0,0.0,-1.0,-1.0,-1.0,-1.0,-1.0,-1.0,0,-1.0,-1.0,-1.0,-1.0
567,10.0,180.0,1.0,9.0,0.0,0.0,0.0,14.0,15.0,1.0,1.0,1.0,1.0,1,1.0,2.0,3.0,0.0
3751,-1.0,-1.0,-1.0,-1.0,-1.0,-1.0,2.0,79.0,79.0,52.0,52.0,2.0,2.0,7,1.0,0.0,0.0,0.0
9587,29.0,229.0,12.0,53.0,0.0,0.0,1.0,33.0,33.0,8.0,8.0,1.0,1.0,2,8.0,0.0,0.0,0.0
2705,8.0,303.0,1.0,10.0,19.0,0.0,1.0,8.0,8.0,2.0,2.0,1.0,1.0,2,1.0,1.0,1.0,1.0
7582,96.0,377.0,8.0,595.0,14.0,0.0,1.0,60.0,60.0,53.0,53.0,0.0,0.0,10,3.0,0.0,0.0,0.0
7420,89.0,364.0,8.0,306.0,16.0,0.0,1.0,81.0,81.0,71.0,71.0,0.0,0.0,10,6.0,0.0,0.0,0.0
3351,16.0,180.0,1.0,10.0,0.0,0.0,0.0,8.0,7.0,2.0,1.0,0.0,0.0,1,1.0,1.0,1.0,1.0
10895,59.10591298432003,226.0,2.552956492160015,235.8115656019198,0.0,0.0,1.0,102.52956492160016,102.52956492160016,79.83495717247968,79.83495717247968,1.10591298432003,1.10591298432003,7,2.447043507839985,0.0,0.0,0.0
8878,127.0,273.0,14.0,121.0,0.0,0.0,1.0,73.0,73.0,57.0,57.0,0.0,0.0,7,14.0,0.0,0.0,0.0
10262,75.7530980059142,262.0,1.0,21.0,0.0,1.0,0.0,11.0,11.0,3.0,3.0,2.0,2.0,7,1.0,0.0,0.0,0.0
4733,4.0,196.0,1.0,28.0,0.0,0.0,0.0,-1.0,0.0,1.0,1.0,0.0,2.0,2,0.0,0.0,1.0,0.0
3934,-1.0,-1.0,-1.0,-1.0,-1.0,-1.0,2.0,55.0,55.0,9.0,9.0,2.0,2.0,7,3.0,0.0,0.0,0.0
6052,76.0,283.0,1.0,30.0,0.0,12.0,0.0,29.0,29.0,17.0,17.0,2.0,2.0,7,1.0,0.0,0.0,0.0
6590,80.0,262.0,1.0,21.0,0.0,1.0,0.0,31.0,31.0,19.0,19.0,2.0,2.0,7,1.0,0.0,0.0,0.0
3202,604.0,180.0,1.0,127.0,0.0,0.0,1.0,8.0,8.0,2.0,2.0,1.0,1.0,2,1.0,1.0,1.0,1.0
9404,11.0,300.0,3.0,22.0,22.0,0.0,1.0,49.0,49.0,17.0,17.0,4.0,4.0,10,10.0,0.0,0.0,0.0
8627,205.0,431.0,29.0,687.0,48.0,75.0,1.0,180.0,180.0,73.0,73.0,2.0,2.0,7,33.0,0.0,0.0,0.0
861,9.0,180.0,1.0,9.0,0.0,0.0,0.0,29.0,29.0,1.0,1.0,1.0,1.0,2,25.0,1.0,1.0,1.0
3499,306.0,351.0,3.0,32.0,54.0,0.0,1.0,8.0,8.0,2.0,2.0,1.0,1.0,2,1.0,1.0,1.0,1.0
3372,2.0,180.0,1.0,11.0,0.0,0.0,1.0,48.0,48.0,12.0,12.0,2.0,2.0,7,1.0,1.0,2.0,1.0
8926,21.0,298.0,1.0,13.0,0.0,1.0,0.0,12.0,12.0,4.0,4.0,2.0,2.0,7,1.0,0.0,0.0,0.0
938,30.0,256.0,1.0,16.0,0.0,0.0,0.0,14.0,14.0,2.0,2.0,1.0,1.0,2,1.0,2.0,3.0,1.0
2135,17.0,250.0,1.0,15.0,0.0,0.0,0.0,9.0,9.0,2.0,2.0,0.0,1.0,2,0.0,1.0,2.0,0.0
8692,238.0,348.0,2.0,99.0,30.0,5.0,1.0,54.0,54.0,22.0,22.0,3.0,3.0,10,2.0,0.0,0.0,0.0
6152,83.0,272.0,1.0,21.0,0.0,1.0,0.0,6.0,6.0,2.0,2.0,1.0,1.0,2,1.0,0.0,0.0,0.0
4102,34.0,332.0,2.0,20.0,9.0,2.0,1.0,-1.0,-1.0,-1.0,-1.0,-1.0,-1.0,0,-1.0,-1.0,-1.0,-1.0
10941,396.86671561075156,307.8237021555937,3.6784198562937527,96.83920992814687,0.0,0.5803950359265618,1.0,116.15303618557654,116.15303618557654,52.96474043111874,52.96474043111874,2.0,2.0,7,4.839209928146876,0.0,0.0,0.0
8195,0.0,180.0,1.0,4.0,0.0,0.0,0.0,3.0,3.0,0.0,0.0,1.0,1.0,2,1.0,0.0,0.0,1.0
10614,37.26072173150975,303.4926632803671,2.594243963469515,301.53611690228536,9.536116902285357,0.0,1.0,39.681151207306094,39.681151207306094,13.681151207306097,13.681151207306097,2.318848792693903,2.318848792693903,7,3.956546378081709,0.0,0.0,0.0
2530,2.0,180.0,0.0,8.0,0.0,0.0,0.0,42.0,42.0,11.0,11.0,2.0,2.0,7,1.0,0.0,0.0,0.0
5759,64.0,353.0,2.0,42.0,43.0,0.0,1.0,41.0,41.0,17.0,17.0,2.0,2.0,7,2.0,0.0,0.0,0.0
7247,52.0,226.0,2.0,50.0,0.0,2.0,1.0,24.0,24.0,7.0,7.0,2.0,2.0,7,1.0,0.0,0.0,0.0
224,7.0,180.0,1.0,11.0,0.0,0.0,0.0,15.0,15.0,2.0,2.0,1.0,1.0,2,1.0,2.0,3.0,1.0
7103,91.0,283.0,1.0,28.0,0.0,10.0,0.0,9.0,9.0,4.0,4.0,1.0,1.0,2,1.0,0.0,0.0,0.0
1523,17.0,383.0,9.0,29.0,19.0,0.0,1.0,9.0,9.0,3.0,3.0,1.0,1.0,2,1.0,1.0,1.0,1.0
2388,44.0,180.0,1.0,12.0,0.0,0.0,0.0,9.0,9.0,2.0,2.0,0.0,1.0,1,1.0,1.0,2.0,0.0
3275,16.0,180.0,1.0,10.0,0.0,0.0,0.0,44.0,44.0,20.0,20.0,0.0,0.0,10,1.0,0.0,0.0,0.0
436,7.0,180.0,1.0,11.0,0.0,0.0,0.0,20.0,20.0,4.0,4.0,1.0,1.0,2,3.0,3.0,4.0,1.0
8101,89.0,390.0,1.0,505.0,28.0,0.0,1.0,117.0,117.0,111.0,111.0,0.0,0.0,12,1.0,0.0,0.0,0.0
10329,66.73352900520806,265.0,1.0,21.0,0.0,1.0,0.0,6.0,6.0,2.0,2.0,1.0,1.0,2,1.0,0.0,0.0,0.0
3309,60.0,365.0,1.0,24.0,18.0,0.0,0.0,9.0,9.0,2.0,2.0,0.0,1.0,1,1.0,1.0,2.0,0.0
1043,76.0,313.0,1.0,16.0,13.0,-1.0,2.0,14.0,14.0,2.0,2.0,1.0,1.0,2,1.0,2.0,3.0,1.0
9792,26.0,285.0,11.0,54.0,0.0,0.0,1.0,39.0,39.0,11.0,11.0,2.0,2.0,7,8.0,0.0,0.0,0.0
3609,14.0,224.0,0.0,20.0,7.0,0.0,0.0,89.0,89.0,31.0,31.0,1.0,1.0,7,11.0,4.0,5.0,0.0
9024,24.0,298.0,1.0,12.0,0.0,1.0,0.0,155.0,155.0,22.0,22.0,4.0,4.0,10,21.0,0.0,0.0,0.0
3105,13.0,224.0,0.0,20.0,7.0,0.0,0.0,9.0,9.0,2.0,1.0,0.0,0.0,1,1.0,0.0,0.0,0.0
9720,29.0,252.0,8.0,40.0,0.0,0.0,1.0,52.0,52.0,13.0,13.0,1.0,1.0,2,13.0,0.0,0.0,0.0
4698,806.0,203.0,1.0,10.0,0.0,0.0,0.0,19.0,19.0,-1.0,9.0,11.0,-1.0,19,1.0,-1.0,-1.0,-1.0
5557,48.0,344.0,3.0,34.0,58.0,0.0,1.0,33.0,33.0,7.0,7.0,1.0,1.0,2,3.0,0.0,0.0,0.0
3749,-1.0,-1.0,-1.0,-1.0,-1.0,-1.0,2.0,9.0,9.0,2.0,2.0,1.0,1.0,2,1.0,1.0,1.0,1.0
4973,9.0,180.0,1.0,152.0,0.0,0.0,0.0,-1.0,-1.0,-1.0,-1.0,-1.0,-1.0,0,-1.0,-1.0,-1.0,-1.0
6607,31.0,285.0,9.0,44.0,14.0,0.0,1.0,144.0,144.0,24.0,24.0,2.0,2.0,7,1.0,0.0,0.0,0.0
10762,30.642758539555402,260.0,1.0,12.0,0.0,1.0,0.0,24.928275618666206,24.928275618666206,12.928275618666207,12.928275618666207,2.0,2.0,7,1.0,0.0,0.0,0.0
5434,31.0,285.0,6.0,61.0,0.0,0.0,1.0,60.0,60.0,27.0,27.0,2.0,2.0,7,6.0,0.0,0.0,0.0
6266,93.0,272.0,2.0,24.0,0.0,2.0,0.0,24.0,24.0,12.0,12.0,2.0,2.0,7,1.0,0.0,0.0,0.0
5954,31.0,298.0,1.0,12.0,0.0,1.0,0.0,11.0,11.0,3.0,3.0,2.0,2.0,7,1.0,0.0,0.0,0.0
7072,77.0,283.0,1.0,32.0,0.0,14.0,0.0,27.0,27.0,15.0,15.0,2.0,2.0,7,1.0,0.0,0.0,0.0
5949,67.0,262.0,1.0,21.0,0.0,1.0,0.0,6.0,6.0,2.0,2.0,1.0,1.0,2,1.0,0.0,0.0,0.0
8413,164.0,336.0,8.0,87.0,47.0,3.0,1.0,86.0,86.0,30.0,30.0,2.0,2.0,7,8.0,0.0,0.0,0.0
768,6.0,218.0,1.0,10.0,0.0,0.0,0.0,19.0,19.0,9.0,9.0,1.0,1.0,2,1.0,0.0,0.0,0.0
11072,47.24324978737987,330.1297009355286,6.8972999149519465,164.95684706584217,21.69189974485584,0.0,1.0,228.0756992345675,228.0756992345675,24.410800340192214,24.410800340192214,2.0,2.0,7,5.1027000850480535,0.0,0.0,0.0
6175,85.0,272.0,1.0,21.0,0.0,1.0,0.0,6.0,6.0,2.0,2.0,1.0,1.0,2,1.0,0.0,0.0,0.0
7602,79.0,416.0,2.0,320.0,27.0,0.0,1.0,318.0,318.0,123.0,123.0,3.0,3.0,10,2.0,4.0,5.0,0.0
2596,15.0,256.0,1.0,16.0,0.0,0.0,0.0,8.0,7.0,2.0,2.0,1.0,1.0,2,1.0,1.0,1.0,1.0
5319,-1.0,-1.0,-1.0,-1.0,-1.0,-1.0,2.0,14.0,14.0,2.0,2.0,1.0,1.0,2,1.0,2.0,3.0,1.0
7114,56.0,442.0,1.0,205.0,21.0,1.0,1.0,9.0,9.0,4.0,4.0,1.0,1.0,2,1.0,0.0,0.0,0.0
844,198.0,339.0,2.0,26.0,41.0,1.0,1.0,16.0,16.0,4.0,4.0,1.0,1.0,2,3.0,1.0,2.0,1.0
1336,-1.0,-1.0,-1.0,-1.0,-1.0,-1.0,2.0,21.0,21.0,6.0,6.0,1.0,1.0,2,1.0,1.0,1.0,1.0
6934,51.0,327.0,1.0,41.0,40.0,0.0,1.0,6.0,6.0,2.0,2.0,1.0,1.0,2,1.0,0.0,0.0,0.0
7867,70.0,360.0,2.0,327.0,31.0,0.0,1.0,61.0,61.0,55.0,55.0,0.0,0.0,10,2.0,0.0,0.0,0.0
2104,186.0,180.0,1.0,138.0,0.0,1.0,0.0,8.0,8.0,2.0,2.0,1.0,1.0,2,1.0,1.0,1.0,1.0
3043,9.0,180.0,1.0,10.0,0.0,0.0,0.0,8.0,8.0,2.0,2.0,1.0,1.0,2,1.0,1.0,1.0,1.0
2880,30.0,8503.0,12.0,40.0,8260.0,0.0,1.0,9.0,9.0,2.0,2.0,2.0,2.0,2,1.0,2.0,3.0,0.0
1931,10.0,256.0,1.0,16.0,0.0,0.0,0.0,9.0,9.0,2.0,2.0,0.0,1.0,2,0.0,1.0,2.0,0.0
7726,34.0,406.0,1.0,44.0,24.0,0.0,1.0,779.0,779.0,380.0,380.0,5.0,5.0,13,7.0,0.0,0.0,0.0
10748,30.51134808107017,252.0,13.954607675719314,55.909215351438625,0.0,0.0,1.0,45.13617697284206,45.13617697284206,12.534044243210515,12.534044243210515,2.0,2.0,7,10.045392324280686,0.0,0.0,0.0
7012,87.0,272.0,1.0,21.0,0.0,1.0,0.0,9.0,9.0,4.0,4.0,1.0,1.0,2,2.0,0.0,0.0,0.0
6131,82.0,283.0,1.0,28.0,0.0,10.0,0.0,191.0,191.0,24.0,24.0,2.0,2.0,7,1.0,0.0,0.0,0.0
7093,90.0,283.0,1.0,29.0,0.0,11.0,0.0,6.0,6.0,2.0,2.0,1.0,1.0,2,1.0,0.0,0.0,0.0
464,10.0,180.0,22.0,36.0,0.0,0.0,0.0,19.0,19.0,9.0,9.0,1.0,1.0,2,1.0,0.0,0.0,0.0
7020,33.0,298.0,1.0,12.0,0.0,1.0,0.0,11.0,11.0,3.0,3.0,2.0,2.0,7,1.0,0.0,0.0,0.0
568,15.0,180.0,1.0,10.0,0.0,0.0,0.0,24.0,24.0,8.0,8.0,1.0,1.0,2,7.0,1.0,2.0,1.0
4821,8.0,180.0,1.0,10.0,0.0,0.0,0.0,-1.0,0.0,1.0,1.0,0.0,1.0,2,0.0,0.0,0.0,0.0
8636,381.0,350.0,36.0,370.0,37.0,3.0,1.0,769.0,769.0,50.0,50.0,1.0,1.0,2,31.0,0.0,0.0,0.0
1818,17.0,250.0,1.0,15.0,0.0,0.0,0.0,8.0,8.0,2.0,2.0,1.0,1.0,2,1.0,1.0,1.0,1.0
1526,10.0,180.0,1.0,9.0,0.0,0.0,0.0,8.0,7.0,2.0,2.0,1.0,1.0,2,1.0,1.0,1.0,1.0
2988,77.0,343.0,1.0,16.0,16.0,-1.0,2.0,8.0,8.0,2.0,2.0,1.0,1.0,2,1.0,1.0,1.0,1.0
1964,10.0,258.0,1.0,31.0,0.0,0.0,0.0,8.0,7.0,2.0,2.0,1.0,1.0,2,1.0,1.0,1.0,1.0
10086,90.89466658908033,283.0,1.0,33.0,0.0,15.0,0.0,6.0,6.0,2.0,2.0,1.0,1.0,2,1.0,0.0,0.0,0.0
2279,7.0,239.0,1.0,10.0,8.0,0.0,1.0,7.0,6.0,1.0,1.0,0.0,1.0,2,1.0,1.0,2.0,0.0
6467,73.0,283.0,1.0,28.0,0.0,10.0,0.0,11.0,11.0,3.0,3.0,2.0,2.0,7,1.0,0.0,0.0,0.0
7685,70.0,355.0,6.0,488.0,18.0,0.0,1.0,460.0,460.0,38.0,38.0,2.0,2.0,7,2.0,1.0,2.0,0.0
9145,29.0,298.0,1.0,12.0,0.0,1.0,0.0,34.0,34.0,31.0,31.0,0.0,0.0,7,1.0,0.0,0.0,0.0
4909,41.0,180.0,1.0,11.0,0.0,0.0,0.0,20.0,20.0,7.0,7.0,1.0,1.0,2,1.0,0.0,0.0,1.0
2101,2.0,180.0,1.0,111614.0,0.0,0.0,0.0,35.0,35.0,18.0,18.0,1.0,1.0,2,1.0,5.0,6.0,0.0
1143,77.0,362.0,1.0,16.0,16.0,-1.0,2.0,14.0,14.0,2.0,2.0,1.0,1.0,2,1.0,2.0,3.0,1.0
1035,79.0,256.0,1.0,96.0,0.0,0.0,1.0,19.0,19.0,9.0,9.0,1.0,1.0,2,1.0,0.0,0.0,0.0
9652,37.0,284.0,14.0,55.0,6.0,0.0,1.0,64.0,64.0,17.0,17.0,2.0,2.0,7,16.0,0.0,0.0,1.0
10788,60.61444343517509,351.2048144783917,2.2048144783916968,46.2048144783917,41.2048144783917,0.0,1.0,45.2048144783917,45.2048144783917,18.204814478391697,18.204814478391697,2.0,2.0,7,2.2048144783916968,0.0,0.0,0.795185521608303
4121,74.0,324.0,1.0,16.0,16.0,-1.0,2.0,-1.0,-1.0,-1.0,-1.0,-1.0,-1.0,0,-1.0,-1.0,-1.0,-1.0
1823,12.0,180.0,1.0,9.0,0.0,0.0,0.0,6.0,6.0,1.0,1.0,1.0,1.0,2,1.0,1.0,1.0,1.0
302,76.0,364.0,1.0,16.0,16.0,-1.0,2.0,10.0,10.0,3.0,3.0,1.0,1.0,2,1.0,1.0,1.0,1.0
6553,88.0,262.0,1.0,21.0,0.0,1.0,0.0,23.0,23.0,11.0,11.0,2.0,2.0,7,1.0,0.0,0.0,0.0
1303,6.0,180.0,3.0,16.0,0.0,0.0,0.0,11.0,11.0,2.0,2.0,1.0,1.0,2,2.0,1.0,2.0,0.0
10523,70.0916519763381,371.90017628394287,2.0,307.0,31.091651976338092,0.0,1.0,116.44191640225242,116.44191640225242,40.541740118309534,40.541740118309534,5.633392094647627,5.633392094647627,11,2.0,0.18330395267618615,0.27495592901427923,0.0
7877,83.0,411.0,3.0,178.0,28.0,0.0,1.0,121.0,121.0,110.0,110.0,0.0,0.0,10,7.0,0.0,0.0,0.0
1815,15.0,224.0,0.0,20.0,7.0,0.0,0.0,7.0,6.0,2.0,1.0,0.0,0.0,1,1.0,1.0,1.0,1.0
8102,97.0,423.0,2.0,271.0,33.0,0.0,1.0,107.0,107.0,102.0,102.0,0.0,0.0,10,1.0,0.0,0.0,0.0
8440,102.0,283.0,1.0,26.0,0.0,8.0,0.0,25.0,25.0,13.0,13.0,2.0,2.0,7,1.0,0.0,0.0,0.0
2447,7.0,180.0,1.0,11.0,0.0,0.0,0.0,9.0,9.0,1.0,1.0,1.0,1.0,2,1.0,1.0,2.0,1.0
1962,3.0,222.0,1.0,11.0,0.0,0.0,0.0,8.0,8.0,2.0,2.0,1.0,1.0,2,1.0,1.0,1.0,1.0
5861,68.0,338.0,3.0,91.0,35.0,0.0,1.0,90.0,90.0,10.0,10.0,2.0,2.0,7,3.0,0.0,0.0,1.0
773,4.0,402.0,2.0,14.0,11.0,0.0,1.0,14.0,14.0,2.0,2.0,1.0,1.0,2,1.0,2.0,3.0,1.0
8751,253.0,273.0,1.0,91.0,0.0,1.0,1.0,90.0,90.0,32.0,32.0,2.0,2.0,7,1.0,0.0,0.0,0.0
1087,7.0,294.0,1.0,16.0,2.0,-1.0,2.0,10.0,10.0,3.0,3.0,1.0,1.0,2,1.0,1.0,1.0,1.0
5639,42.0,307.0,2.0,43.0,8.0,0.0,1.0,42.0,42.0,14.0,14.0,2.0,2.0,7,2.0,0.0,0.0,0.0
10013,9.0,408.0,5.0,21.0,93.0,0.0,1.0,8.0,8.0,2.0,2.0,1.0,1.0,2,1.0,1.0,1.0,1.0
5153,34.0,489.0,3.0,70.0,102.0,0.0,1.0,-1.0,-1.0,-1.0,-1.0,-1.0,-1.0,0,-1.0,-1.0,-1.0,-1.0
8987,20.0,283.0,1.0,10.0,0.0,1.0,0.0,11.0,11.0,3.0,3.0,2.0,2.0,7,1.0,0.0,0.0,0.0
4297,7.0,180.0,1.0,11.0,0.0,0.0,0.0,18.0,18.0,3.0,3.0,1.0,1.0,2,2.0,2.0,3.0,1.0
5250,1.0,180.0,1.0,111612.0,0.0,0.0,0.0,10.0,9.0,2.0,2.0,0.0,0.0,1,1.0,2.0,3.0,0.0
6166,98.0,516.0,1.0,167.0,65.0,1.0,1.0,41.0,41.0,31.0,31.0,0.0,0.0,7,8.0,0.0,0.0,0.0
6082,82.0,283.0,1.0,34.0,0.0,16.0,0.0,12.0,12.0,4.0,4.0,2.0,2.0,7,1.0,0.0,0.0,0.0
9556,23.0,229.0,13.0,56.0,0.0,0.0,1.0,50.0,50.0,13.0,13.0,1.0,1.0,2,13.0,0.0,0.0,0.0
5462,60.0,384.0,10.0,80.0,13.0,0.0,1.0,81.0,81.0,32.0,32.0,3.0,3.0,10,10.0,0.0,0.0,0.0
4727,4.0,201.0,1.0,79.0,0.0,0.0,0.0,3.0,3.0,0.0,0.0,1.0,1.0,2,0.0,1.0,2.0,0.0
1466,15.0,180.0,1.0,10.0,0.0,0.0,0.0,9.0,9.0,2.0,2.0,0.0,1.0,2,0.0,1.0,2.0,0.0
6560,75.0,262.0,1.0,21.0,0.0,1.0,0.0,33.0,33.0,30.0,30.0,0.0,0.0,7,1.0,0.0,0.0,0.0
8769,299.0,286.0,1.0,387.0,20.0,2.0,1.0,60.0,60.0,15.0,15.0,1.0,1.0,2,1.0,0.0,0.0,0.0
9550,11.0,229.0,7.0,34.0,0.0,0.0,1.0,74.0,74.0,20.0,20.0,1.0,1.0,2,18.0,0.0,0.0,0.0
5916,52.0,314.0,7.0,244.0,28.0,0.0,1.0,53.0,53.0,16.0,16.0,2.0,2.0,7,7.0,0.0,0.0,0.0
3540,10.0,258.0,1.0,31.0,0.0,0.0,0.0,9.0,9.0,3.0,3.0,1.0,1.0,2,1.0,1.0,2.0,0.0
9705,42.0,229.0,21.0,78.0,0.0,0.0,1.0,21.0,21.0,4.0,4.0,1.0,1.0,2,4.0,0.0,0.0,0.0
4886,78.0,321.0,1.0,16.0,16.0,-1.0,2.0,12.0,12.0,4.0,4.0,2.0,2.0,7,1.0,0.0,0.0,0.0
2346,8.0,180.0,1.0,11.0,0.0,0.0,0.0,95.0,95.0,52.0,52.0,1.0,1.0,2,1.0,4.0,5.0,0.0
139,15.0,224.0,0.0,20.0,7.0,0.0,0.0,15.0,15.0,2.0,2.0,1.0,1.0,2,1.0,2.0,3.0,1.0
1886,12.0,268.0,1.0,19.0,8.0,0.0,1.0,8.0,8.0,2.0,2.0,1.0,1.0,2,1.0,1.0,1.0,1.0
7664,47.0,358.0,2.0,202.0,27.0,0.0,1.0,86.0,86.0,33.0,33.0,3.0,3.0,10,2.0,0.0,0.0,0.0
338,15.0,224.0,0.0,20.0,7.0,0.0,0.0,15.0,15.0,2.0,2.0,1.0,1.0,2,1.0,1.0,2.0,0.0
4356,74.0,315.0,1.0,16.0,16.0,-1.0,2.0,-1.0,-1.0,-1.0,-1.0,-1.0,-1.0,0,-1.0,-1.0,-1.0,-1.0
9318,22.0,298.0,1.0,12.0,0.0,1.0,0.0,26.0,26.0,14.0,14.0,2.0,2.0,7,1.0,0.0,0.0,0.0
4815,35.0,561.0,1.0,107.0,276.0,1.0,1.0,-1.0,-1.0,-1.0,-1.0,-1.0,-1.0,0,-1.0,-1.0,-1.0,-1.0
10207,63.5185713254924,406.6220004329319,1.0,211.94828544628024,31.074285301969613,0.0,1.0,47.0,47.0,40.0,40.0,0.0,0.0,12,2.3037142650984808,0.0,0.0,0.0
2616,8.0,180.0,1.0,10.0,0.0,0.0,0.0,35.0,35.0,1.0,1.0,1.0,1.0,2,31.0,1.0,1.0,1.0
253,15.0,371.0,1.0,16.0,16.0,-1.0,2.0,19.0,19.0,9.0,9.0,1.0,1.0,2,1.0,0.0,0.0,0.0
10694,80.96286708307686,283.0,1.0,30.037132916923134,0.0,13.0,0.0,6.111398750769405,6.111398750769405,2.0742658338462703,2.0742658338462703,1.0,1.0,2,1.0371329169231351,0.0,0.0,0.0
3892,42.0,413.0,2.0,52.0,34.0,1.0,1.0,63.0,63.0,11.0,11.0,2.0,2.0,7,3.0,0.0,0.0,0.0
10839,74.03917216991695,347.96866226406644,5.9921655660166095,45.988248349024914,58.99216556601661,0.9960827830083046,1.0,44.988248349024914,44.988248349024914,11.988248349024914,11.988248349024914,1.9960827830083046,1.9960827830083046,6,5.9921655660166095,0.0,0.0,0.0
2525,7.0,180.0,1.0,17.0,0.0,0.0,0.0,8.0,8.0,2.0,2.0,1.0,1.0,2,1.0,1.0,1.0,1.0
8474,274.0,282.0,7.0,73.0,0.0,7.0,1.0,57.0,57.0,12.0,12.0,2.0,2.0,7,5.0,0.0,0.0,0.0
9468,31.0,252.0,12.0,52.0,0.0,0.0,1.0,202.0,202.0,61.0,61.0,3.0,3.0,10,54.0,0.0,0.0,0.0
6749,84.0,283.0,1.0,25.0,0.0,7.0,0.0,205.0,205.0,19.0,19.0,2.0,2.0,7,1.0,0.0,0.0,0.0
7243,85.0,305.0,4.0,750.0,6.0,31.0,1.0,87.0,87.0,81.0,81.0,0.0,0.0,7,4.0,0.0,0.0,0.0
2703,5.0,218.0,1.0,10.0,0.0,0.0,0.0,51.0,51.0,38.0,38.0,1.0,1.0,13,3.0,0.0,0.0,0.0
10079,197.2893254271536,342.34711073462637,3.3471107346263627,137.7768858770109,48.34711073462636,79.63643616177998,1.0,99.69422146925272,99.69422146925272,94.34711073462637,94.34711073462637,0.0,0.0,7,3.3471107346263627,0.0,0.0,0.0
4007,48.0,318.0,1.0,77.0,28.0,0.0,0.0,-1.0,-1.0,-1.0,-1.0,-1.0,-1.0,0,-1.0,-1.0,-1.0,-1.0
6714,91.0,272.0,1.0,21.0,0.0,1.0,0.0,6.0,6.0,2.0,2.0,1.0,1.0,2,1.0,0.0,0.0,0.0
4398,78.0,285.0,1.0,16.0,16.0,-1.0,2.0,-1.0,-1.0,-1.0,-1.0,-1.0,-1.0,0,-1.0,-1.0,-1.0,-1.0
10862,49.17903085684499,245.01961828457246,17.089515428422494,69.26854628526748,0.0,0.0,1.0,68.26854628526748,68.26854628526748,18.78602057122999,18.78602057122999,1.696505142807498,1.696505142807498,5,17.089515428422494,0.0,0.0,0.0
4817,83.0,256.0,1.0,22.0,0.0,1.0,0.0,-1.0,-1.0,-1.0,-1.0,-1.0,-1.0,0,-1.0,-1.0,-1.0,-1.0
5801,64.0,331.0,5.0,56.0,22.0,0.0,1.0,55.0,55.0,21.0,21.0,2.0,2.0,7,5.0,0.0,0.0,0.0
9366,106.0,283.0,1.0,31.0,0.0,13.0,0.0,39.0,39.0,31.0,31.0,0.0,0.0,7,6.0,0.0,0.0,0.0
3158,75.0,256.0,1.0,36.0,0.0,12.0,0.0,8.0,8.0,2.0,2.0,1.0,1.0,2,1.0,1.0,1.0,1.0
709,9.0,292.0,1.0,10.0,13.0,0.0,1.0,11.0,11.0,3.0,3.0,0.0,1.0,1,1.0,3.0,4.0,0.0
4458,8.0,180.0,1.0,11.0,0.0,0.0,0.0,0.0,0.0,1.0,0.0,1.0,1.0,2,0.0,0.0,0.0,0.0
6239,32.0,374.0,2.0,82.0,11.0,0.0,1.0,21.0,21.0,16.0,16.0,0.0,0.0,10,2.0,0.0,0.0,0.0
1565,1.0,180.0,1.0,111612.0,0.0,0.0,0.0,8.0,7.0,2.0,2.0,1.0,1.0,2,1.0,1.0,1.0,1.0
764,5.0,209.0,1.0,15.0,0.0,0.0,0.0,29.0,29.0,1.0,1.0,1.0,1.0,2,25.0,1.0,1.0,1.0
8454,132.0,283.0,1.0,56.0,0.0,38.0,0.0,11.0,11.0,3.0,3.0,2.0,2.0,7,1.0,0.0,0.0,0.0
3589,8.0,180.0,1.0,11.0,0.0,0.0,0.0,8.0,8.0,2.0,2.0,1.0,1.0,2,1.0,1.0,1.0,1.0
733,40.0,340.0,7.0,27.0,12.0,7.0,1.0,10.0,10.0,3.0,3.0,1.0,1.0,2,1.0,1.0,1.0,1.0
953,17.0,377.0,9.0,29.0,19.0,0.0,1.0,10.0,10.0,3.0,3.0,1.0,1.0,2,1.0,1.0,1.0,1.0
4577,35.0,339.0,4.0,24.0,14.0,4.0,1.0,10.0,10.0,8.0,8.0,0.0,0.0,2,0.0,0.0,0.0,0.0
6765,94.0,283.0,1.0,25.0,0.0,7.0,0.0,6.0,6.0,2.0,2.0,1.0,1.0,2,1.0,0.0,0.0,0.0
2474,7.0,250.0,1.0,15.0,0.0,0.0,0.0,9.0,9.0,3.0,3.0,1.0,1.0,2,1.0,1.0,2.0,0.0
272,12.0,180.0,1.0,9.0,0.0,0.0,0.0,15.0,15.0,12.0,12.0,0.0,0.0,7,1.0,0.0,0.0,0.0
2758,2.0,195.0,1.0,15.0,0.0,0.0,0.0,9.0,9.0,3.0,3.0,1.0,1.0,2,1.0,1.0,1.0,1.0
11026,290.7569423823542,425.5046282549028,2.0,392.59814869803887,29.29907434901944,0.0,1.0,103.89722304705832,103.89722304705832,40.35509108039308,40.35509108039308,2.0,2.0,6,2.0,2.0,3.0,0.0
3512,16.0,248.0,1.0,10.0,7.0,0.0,0.0,7.0,7.0,1.0,1.0,1.0,1.0,2,1.0,1.0,1.0,1.0
2881,1.0,180.0,1.0,6.0,0.0,0.0,0.0,9.0,9.0,3.0,3.0,1.0,1.0,2,1.0,1.0,1.0,1.0
7673,310.0,371.0,6.0,785.0,26.0,0.0,1.0,61.0,61.0,54.0,54.0,0.0,0.0,10,3.0,0.0,0.0,0.0
5796,46.0,334.0,2.0,31.0,8.0,0.0,1.0,30.0,30.0,9.0,9.0,1.0,1.0,2,2.0,0.0,0.0,0.0
586,15.0,224.0,0.0,20.0,7.0,0.0,0.0,14.0,14.0,11.0,11.0,0.0,0.0,2,1.0,0.0,1.0,0.0
1647,2.0,256.0,1.0,15.0,0.0,0.0,0.0,35.0,35.0,1.0,1.0,1.0,1.0,2,31.0,1.0,1.0,1.0
5464,37.0,436.0,5.0,47.0,13.0,0.0,1.0,47.0,47.0,19.0,19.0,3.0,3.0,10,5.0,0.0,0.0,0.0
4805,34.0,316.0,3.0,22.0,9.0,3.0,1.0,-1.0,0.0,1.0,1.0,0.0,2.0,2,0.0,0.0,0.0,0.0
1985,15.0,363.0,7.0,25.0,14.0,0.0,1.0,8.0,8.0,2.0,2.0,1.0,1.0,2,1.0,1.0,1.0,1.0
9605,170.0,298.0,24.0,234.0,18.0,107.0,1.0,57.0,57.0,21.0,21.0,6.0,6.0,12,2.0,0.0,0.0,0.0
1283,77.0,331.0,1.0,16.0,4.0,-1.0,2.0,14.0,14.0,2.0,2.0,1.0,1.0,2,1.0,2.0,3.0,1.0
2849,39.0,352.0,4.0,18.0,11.0,0.0,1.0,9.0,9.0,3.0,3.0,1.0,1.0,2,1.0,1.0,1.0,1.0
1193,8.0,215.0,1.0,10.0,12.0,0.0,1.0,19.0,19.0,9.0,9.0,1.0,1.0,2,1.0,0.0,0.0,0.0
3853,35.0,474.0,4.0,75.0,112.0,0.0,1.0,71.0,71.0,4.0,4.0,1.0,1.0,2,3.0,0.0,0.0,1.0
6957,84.0,262.0,1.0,21.0,0.0,1.0,0.0,12.0,12.0,4.0,4.0,2.0,2.0,7,1.0,0.0,0.0,0.0
4226,8.0,180.0,1.0,11.0,0.0,0.0,0.0,0.0,0.0,0.0,0.0,0.0,0.0,1,1.0,2.0,1.0,1.0
6729,52.0,298.0,2.0,17.0,0.0,2.0,0.0,6.0,6.0,2.0,2.0,1.0,1.0,2,1.0,0.0,0.0,0.0
7046,92.0,283.0,1.0,30.0,0.0,12.0,0.0,120.0,120.0,20.0,20.0,2.0,2.0,7,1.0,0.0,0.0,0.0
10870,78.27021048535649,354.5957902928702,4.431894368208395,568.8383161171481,31.62126291213893,0.0,1.0,116.64894757321755,116.64894757321755,33.9745273807313,33.9745273807313,2.540420970712977,2.540420970712977,4,3.972315338921373,1.4595790292870232,2.189368543930535,0.0
2208,3.0,180.0,0.0,10.0,0.0,0.0,0.0,9.0,9.0,3.0,3.0,1.0,1.0,2,1.0,1.0,2.0,0.0
6090,78.0,262.0,1.0,21.0,0.0,1.0,0.0,79.0,79.0,19.0,19.0,2.0,2.0,7,1.0,0.0,0.0,0.0
1365,12.0,180.0,1.0,9.0,0.0,0.0,0.0,8.0,8.0,2.0,2.0,1.0,1.0,2,1.0,1.0,1.0,1.0
490,15.0,180.0,1.0,10.0,0.0,0.0,0.0,30.0,30.0,4.0,4.0,1.0,1.0,2,1.0,1.0,2.0,1.0
7056,77.0,283.0,1.0,25.0,0.0,7.0,0.0,6.0,6.0,2.0,2.0,1.0,1.0,2,1.0,0.0,0.0,0.0
4185,6.0,180.0,1.0,5.0,0.0,0.0,0.0,-1.0,-1.0,-1.0,-1.0,-1.0,-1.0,0,-1.0,-1.0,-1.0,-1.0
3574,15.0,180.0,1.0,10.0,0.0,0.0,0.0,9.0,9.0,2.0,2.0,2.0,2.0,2,1.0,2.0,3.0,0.0
10919,45.029582455422755,435.2643076040136,4.646945029718166,57.47073996037578,63.11768499009394,0.8823150099060553,1.0,56.47073996037578,56.47073996037578,15.117684990093945,15.117684990093945,2.0,2.0,7,4.646945029718166,0.0,0.0,0.5588424950469724
6088,89.0,460.0,1.0,80.0,22.0,1.0,1.0,6.0,6.0,2.0,2.0,1.0,1.0,2,1.0,0.0,0.0,0.0
10296,97.8802646789299,283.0,1.3133774464883174,33.56688723244159,0.0,14.626754892976635,0.0,29.059867660535048,29.059867660535048,17.059867660535048,17.059867660535048,2.0,2.0,7,1.0,0.0,0.0,0.0
4447,51.0,330.0,6.0,27.0,13.0,6.0,1.0,-1.0,-1.0,-1.0,-1.0,-1.0,-1.0,0,-1.0,-1.0,-1.0,-1.0
2234,3.0,218.0,1.0,12.0,0.0,0.0,0.0,8.0,8.0,2.0,2.0,1.0,1.0,2,1.0,1.0,1.0,1.0
3075,9.0,180.0,1.0,9.0,0.0,0.0,0.0,6.0,6.0,1.0,1.0,1.0,1.0,2,1.0,1.0,1.0,1.0
1218,6.0,250.0,1.0,15.0,0.0,0.0,0.0,10.0,10.0,2.0,2.0,1.0,1.0,2,1.0,1.0,2.0,0.0
8211,1.0,347.0,1.0,7.0,10.0,0.0,0.0,6.0,6.0,1.0,1.0,1.0,1.0,2,1.0,0.0,0.0,0.0
1700,13.0,409.0,6.0,23.0,15.0,0.0,1.0,9.0,9.0,1.0,1.0,1.0,1.0,2,1.0,1.0,2.0,1.0
8297,180.0,355.0,2.0,717.0,17.0,0.0,1.0,597.0,597.0,81.0,81.0,1.0,1.0,2,3.0,2.0,3.0,0.0
10744,189.77953212779306,286.24772829786207,1.8670490425172543,458.7431848935862,17.522717021379272,1.7522717021379273,1.0,47.187471808793,47.187471808793,12.142037766034454,12.142037766034454,0.7522717021379273,0.7522717021379273,1,0.7522717021379273,-0.12386414893103637,-0.12386414893103637,-0.12386414893103637
399,15.0,180.0,1.0,10.0,0.0,0.0,0.0,28.0,28.0,10.0,10.0,1.0,1.0,2,9.0,1.0,2.0,1.0
875,9.0,180.0,1.0,9.0,0.0,0.0,0.0,22.0,22.0,5.0,5.0,1.0,1.0,2,1.0,1.0,1.0,0.0
1189,5.0,180.0,1.0,10.0,0.0,0.0,0.0,25.0,25.0,4.0,4.0,1.0,1.0,2,5.0,1.0,1.0,1.0
5206,9.0,9.0,4.0,4.0,0.0,0.0,2.0,1.0,2.0,0.0,0.0,0.0,0.0,1,0.0,0.0,-1.0,-1.0
10960,124.86923015854003,283.0,1.0,53.86923015854004,0.0,35.86923015854004,0.0,11.0,11.0,3.0,3.0,2.0,2.0,7,1.0,0.0,0.0,0.0
5556,33.0,304.0,1.0,66.0,1.0,0.0,1.0,29.0,29.0,7.0,7.0,2.0,2.0,7,1.0,0.0,0.0,0.0
10241,87.47923902582356,371.2566308880979,1.0,37.3471739827843,34.40753604590854,0.8264130086078518,1.0,302.2566308880979,302.2566308880979,60.71318808033995,60.71318808033995,1.724528997130716,1.724528997130716,5,23.76220922667343,0.7245289971307161,1.4490579942614321,0.0
1100,9.0,180.0,1.0,9.0,0.0,0.0,0.0,19.0,19.0,5.0,5.0,1.0,1.0,2,2.0,2.0,3.0,1.0
341,15.0,224.0,0.0,20.0,7.0,0.0,0.0,29.0,29.0,1.0,1.0,1.0,1.0,2,25.0,1.0,1.0,1.0
10911,308.20700668487007,369.466939797317,6.453745819527935,3662.396722432196,19.370033443776524,0.0,1.0,149.13209029431138,149.13209029431138,92.61222406941746,92.61222406941746,1.4537458195279345,1.4537458195279345,4,3.092508360944131,1.4537458195279345,2.1806187292919015,0.0
2024,30.0,256.0,1.0,16.0,0.0,0.0,0.0,95.0,95.0,52.0,52.0,1.0,1.0,2,1.0,4.0,5.0,0.0
3060,246.0,316.0,2.0,23.0,19.0,0.0,1.0,8.0,7.0,2.0,2.0,1.0,1.0,2,1.0,1.0,1.0,1.0
3805,-1.0,-1.0,-1.0,-1.0,-1.0,-1.0,2.0,9.0,9.0,2.0,2.0,1.0,1.0,2,1.0,1.0,2.0,0.0
10893,95.62335776610509,277.47080279236866,2.188321116947459,36.564963350842376,13.587591622894056,1.282481675421189,1.0,48.90583944152627,48.90583944152627,18.340876090683892,18.340876090683892,2.0,2.0,7,5.90583944152627,0.0,0.0,0.0
4233,7.0,295.0,1.0,16.0,2.0,-1.0,2.0,-1.0,-1.0,-1.0,-1.0,-1.0,-1.0,0,-1.0,-1.0,-1.0,-1.0
3113,14.0,224.0,0.0,20.0,7.0,0.0,0.0,35.0,35.0,18.0,18.0,1.0,1.0,2,1.0,5.0,6.0,0.0
421,10.0,256.0,1.0,16.0,0.0,0.0,0.0,10.0,10.0,3.0,3.0,1.0,1.0,2,1.0,1.0,1.0,1.0
2546,217.0,376.0,1.0,26.0,0.0,2.0,1.0,9.0,9.0,2.0,2.0,2.0,2.0,2,1.0,2.0,3.0,0.0
5497,315.0,411.0,88.0,311.0,117.0,1.0,1.0,310.0,310.0,98.0,98.0,2.0,2.0,7,88.0,0.0,0.0,0.0
8276,1255.0,476.0,26.0,978.0,62.0,30.0,1.0,-1.0,-1.0,-1.0,-1.0,-1.0,-1.0,0,-1.0,-1.0,-1.0,-1.0
10854,29.61795506178538,298.6146134814644,10.614613481464385,47.53820449382146,6.45845392585754,0.0,1.0,46.53820449382146,46.53820449382146,11.614613481464385,11.614613481464385,1.0,1.0,2,10.614613481464385,0.0,0.0,0.0
10632,93.80840082226155,437.12773278515897,1.0,192.01537013644617,14.82377095870769,0.8480190867743591,1.0,45.0,45.0,19.64754191741538,19.64754191741538,1.6960381735487182,1.6960381735487182,7,4.392076347097436,0.0,0.0,0.0
6885,33.0,298.0,1.0,12.0,0.0,1.0,0.0,37.0,37.0,34.0,34.0,0.0,0.0,7,1.0,0.0,0.0,0.0
7307,45.0,489.0,5.0,551.0,65.0,0.0,1.0,27.0,27.0,9.0,9.0,6.0,6.0,12,2.0,0.0,0.0,2.0
1101,10.0,180.0,1.0,9.0,0.0,0.0,0.0,13.0,13.0,2.0,2.0,1.0,1.0,2,1.0,2.0,3.0,1.0
4361,77.0,353.0,1.0,16.0,5.0,-1.0,2.0,-1.0,0.0,0.0,1.0,0.0,2.0,2,0.0,0.0,0.0,0.0
5653,47.0,335.0,2.0,66.0,61.0,0.0,1.0,65.0,65.0,15.0,15.0,2.0,2.0,7,2.0,0.0,0.0,0.0
2515,3.0,180.0,0.0,8.0,0.0,0.0,0.0,9.0,9.0,2.0,2.0,0.0,1.0,1,1.0,2.0,3.0,0.0
1904,14.0,224.0,0.0,20.0,7.0,0.0,0.0,6.0,6.0,3.0,3.0,1.0,1.0,2,1.0,1.0,1.0,1.0
2535,77.0,344.0,1.0,16.0,3.0,-1.0,2.0,9.0,9.0,2.0,2.0,1.0,1.0,2,0.0,0.0,0.0,0.0
6834,84.0,258.0,35.0,126.0,9.0,0.0,1.0,128.0,128.0,21.0,21.0,2.0,2.0,7,1.0,0.0,0.0,0.0
9496,19.0,301.0,4.0,66.0,0.0,0.0,1.0,23.0,23.0,8.0,8.0,2.0,2.0,7,4.0,0.0,0.0,0.0
4531,9.0,295.0,1.0,10.0,19.0,0.0,1.0,-1.0,0.0,1.0,1.0,0.0,2.0,2,0.0,0.0,0.0,0.0
8034,67.0,401.0,2.0,450.0,29.0,0.0,1.0,278.0,278.0,148.0,148.0,3.0,3.0,10,4.0,2.0,3.0,0.0
2303,4.0,180.0,1.0,14.0,0.0,0.0,0.0,9.0,9.0,1.0,1.0,1.0,1.0,2,1.0,1.0,2.0,1.0
10643,21.44542464455456,253.0,4.510915071089087,23.532745213267262,9.0,0.0,1.0,22.532745213267262,22.532745213267262,4.510915071089087,4.510915071089087,1.0,1.0,2,4.510915071089087,0.0,0.0,0.0
829,8.0,180.0,1.0,10.0,0.0,0.0,0.0,23.0,23.0,8.0,8.0,1.0,1.0,2,8.0,1.0,2.0,1.0
4884,8.0,180.0,0.0,1991.0,0.0,0.0,0.0,-1.0,0.0,1.0,1.0,0.0,1.0,2,0.0,0.0,0.0,0.0
3973,3451.0,272.0,19.0,2038.0,0.0,32.0,1.0,27.0,27.0,9.0,9.0,1.0,1.0,2,6.0,2.0,3.0,1.0
2972,15.0,180.0,1.0,10.0,0.0,0.0,0.0,35.0,34.0,9.0,9.0,3.0,3.0,10,2.0,1.0,1.0,1.0
4768,37.0,335.0,7.0,30.0,14.0,7.0,1.0,-1.0,-1.0,-1.0,-1.0,-1.0,-1.0,0,-1.0,-1.0,-1.0,-1.0
9400,135.0,277.0,24.0,1748.0,0.0,0.0,1.0,387.0,387.0,23.0,23.0,1.0,1.0,2,15.0,0.0,0.0,0.0
8359,139.0,379.0,3.0,923.0,24.0,0.0,1.0,278.0,278.0,61.0,61.0,4.0,4.0,7,2.0,2.0,3.0,0.0
7999,91.0,419.0,3.0,516.0,30.0,0.0,1.0,98.0,98.0,89.0,89.0,0.0,0.0,13,4.0,0.0,0.0,0.0
3754,-1.0,-1.0,-1.0,-1.0,-1.0,-1.0,2.0,380.0,380.0,18.0,18.0,0.0,0.0,2,1.0,0.0,0.0,1.0
4552,7.0,180.0,1.0,10.0,0.0,0.0,0.0,25.0,25.0,15.0,15.0,0.0,0.0,2,0.0,0.0,0.0,0.0
1130,5.0,180.0,1.0,16.0,0.0,0.0,0.0,19.0,19.0,1.0,1.0,1.0,1.0,2,15.0,1.0,1.0,1.0
7577,87.0,447.0,3.0,565.0,28.0,0.0,1.0,69.0,69.0,62.0,62.0,0.0,0.0,10,3.0,0.0,0.0,0.0
2073,17.0,250.0,1.0,15.0,0.0,0.0,0.0,9.0,9.0,2.0,2.0,0.0,1.0,1,1.0,2.0,3.0,0.0
7156,70.0,262.0,1.0,21.0,0.0,1.0,0.0,7.0,7.0,3.0,3.0,1.0,1.0,2,1.0,0.0,0.0,0.0
3646,-1.0,-1.0,-1.0,-1.0,-1.0,-1.0,2.0,4.0,4.0,4.0,4.0,0.0,0.0,2,0.0,0.0,0.0,0.0
8992,180.0,229.0,139.0,453.0,0.0,0.0,1.0,6.0,6.0,2.0,2.0,1.0,1.0,2,1.0,0.0,0.0,0.0
1451,11.0,180.0,1.0,9.0,0.0,0.0,0.0,5.0,5.0,1.0,1.0,1.0,1.0,1,1.0,1.0,1.0,0.0
7272,72.0,226.0,3.0,576.0,0.0,24.0,1.0,110.0,110.0,75.0,75.0,2.0,2.0,7,4.0,0.0,0.0,0.0
2863,76.0,180.0,1.0,11.0,0.0,0.0,0.0,8.0,8.0,2.0,2.0,1.0,1.0,2,1.0,1.0,1.0,1.0
1105,17.0,256.0,1.0,10.0,12.0,0.0,0.0,19.0,19.0,9.0,9.0,1.0,1.0,2,1.0,0.0,0.0,0.0
5068,32.0,180.0,1.0,8.0,0.0,0.0,0.0,-1.0,-1.0,-1.0,-1.0,-1.0,-1.0,0,-1.0,-1.0,-1.0,-1.0
10977,373.4151924261322,400.7082440282949,2.8778591760305794,506.29002846442813,23.170910778193342,4.7561502288803945,1.0,764.9758309612977,764.9758309612977,125.07423462338397,125.07423462338397,2.9512300457760787,2.9512300457760787,9,5.731549313358816,0.0,0.0,0.04876995422392105
1770,14.0,256.0,2.0,22.0,15.0,-1.0,2.0,8.0,8.0,2.0,2.0,1.0,1.0,2,1.0,1.0,1.0,1.0
398,9.0,180.0,1.0,9.0,0.0,0.0,0.0,18.0,18.0,5.0,5.0,1.0,1.0,2,4.0,1.0,2.0,1.0
838,9.0,258.0,1.0,26.0,0.0,0.0,0.0,19.0,19.0,9.0,9.0,1.0,1.0,2,1.0,0.0,0.0,0.0
797,15.0,180.0,1.0,10.0,0.0,0.0,0.0,12.0,12.0,3.0,3.0,1.0,1.0,2,1.0,1.0,2.0,0.0
8092,90.0,371.0,2.0,781.0,14.0,0.0,1.0,174.0,174.0,50.0,50.0,6.0,6.0,12,4.0,0.0,0.0,0.0
2063,2.0,180.0,1.0,263987.0,0.0,0.0,0.0,4.0,4.0,1.0,1.0,0.0,1.0,1,1.0,1.0,1.0,1.0
2230,198.0,180.0,4.0,62.0,0.0,0.0,0.0,8.0,8.0,1.0,1.0,1.0,1.0,2,1.0,0.0,0.0,0.0
3220,12.0,180.0,1.0,9.0,0.0,0.0,0.0,53.0,53.0,13.0,13.0,2.0,2.0,7,24.0,0.0,0.0,0.0
5062,4.0,180.0,1.0,32.0,0.0,0.0,0.0,-1.0,0.0,1.0,1.0,0.0,2.0,2,0.0,0.0,1.0,0.0
4172,87.0,267.0,1.0,29.0,0.0,1.0,1.0,-1.0,-1.0,-1.0,-1.0,-1.0,-1.0,0,-1.0,-1.0,-1.0,-1.0
7589,333.0,374.0,8.0,3726.0,30.0,0.0,1.0,428.0,428.0,68.0,68.0,2.0,2.0,7,2.0,1.0,2.0,0.0
3409,25.0,256.0,1.0,29.0,0.0,0.0,0.0,9.0,9.0,3.0,3.0,1.0,1.0,2,1.0,1.0,1.0,1.0
5554,80.0,284.0,1.0,62.0,1.0,1.0,1.0,23.0,23.0,7.0,7.0,2.0,2.0,7,1.0,0.0,0.0,0.0
5760,64.0,335.0,4.0,36.0,8.0,0.0,1.0,35.0,35.0,9.0,9.0,1.0,1.0,2,4.0,0.0,0.0,0.0
1334,-1.0,-1.0,-1.0,-1.0,-1.0,-1.0,2.0,15.0,15.0,4.0,4.0,1.0,1.0,2,3.0,1.0,1.0,1.0
4851,9.0,283.0,4.0,19.0,56.0,0.0,1.0,12.0,12.0,3.0,3.0,1.0,1.0,2,1.0,0.0,0.0,1.0
65,23.0,277.0,1.0,26.0,0.0,0.0,0.0,25.0,25.0,8.0,8.0,1.0,1.0,2,5.0,2.0,3.0,1.0
4273,34.0,321.0,3.0,22.0,10.0,3.0,1.0,-1.0,0.0,1.0,1.0,0.0,1.0,2,0.0,0.0,0.0,0.0
1747,12.0,180.0,1.0,9.0,0.0,0.0,0.0,8.0,8.0,1.0,1.0,1.0,1.0,2,1.0,0.0,0.0,0.0
4214,62.0,213.0,2.0,30.0,3.0,-1.0,2.0,-1.0,-1.0,-1.0,-1.0,-1.0,-1.0,0,-1.0,-1.0,-1.0,-1.0
10338,58.24407378834516,226.0,4.0,284.8779631058274,0.0,0.0,1.0,52.12203689417258,52.12203689417258,30.07462720093385,30.07462720093385,1.755926211654841,1.755926211654841,6,1.6101844708628974,0.0,0.0,0.0
1158,11.0,256.0,1.0,16.0,0.0,0.0,0.0,14.0,14.0,2.0,2.0,1.0,1.0,2,1.0,2.0,3.0,1.0
4122,89.0,180.0,1.0,77.0,0.0,0.0,0.0,-1.0,0.0,1.0,1.0,0.0,2.0,2,0.0,0.0,0.0,0.0
3051,9.0,180.0,1.0,9.0,0.0,0.0,0.0,5.0,5.0,1.0,1.0,1.0,1.0,2,0.0,1.0,1.0,1.0
525,9.0,180.0,1.0,9.0,0.0,0.0,0.0,24.0,24.0,6.0,6.0,1.0,1.0,2,5.0,3.0,4.0,1.0
4628,8.0,251.0,1.0,10.0,6.0,0.0,0.0,19.0,19.0,9.0,9.0,1.0,1.0,2,1.0,0.0,0.0,0.0
7397,81.0,346.0,6.0,443.0,16.0,0.0,1.0,166.0,166.0,156.0,156.0,0.0,0.0,10,6.0,0.0,0.0,0.0
2741,3.0,180.0,1.0,7.0,0.0,0.0,0.0,4.0,4.0,1.0,1.0,0.0,1.0,1,1.0,1.0,1.0,1.0
3193,181.0,277.0,1.0,40.0,8.0,4.0,0.0,9.0,9.0,2.0,2.0,0.0,1.0,1,1.0,1.0,2.0,0.0
1109,17.0,250.0,1.0,10.0,5.0,0.0,0.0,10.0,10.0,3.0,3.0,1.0,1.0,2,1.0,1.0,1.0,1.0
6465,38.0,365.0,11.0,57.0,75.0,0.0,1.0,6.0,6.0,2.0,2.0,1.0,1.0,2,1.0,0.0,0.0,0.0
1674,14.0,180.0,1.0,10.0,0.0,0.0,0.0,4.0,4.0,1.0,1.0,0.0,1.0,1,1.0,1.0,1.0,1.0
8512,100.0,283.0,1.0,27.0,0.0,9.0,0.0,37.0,37.0,25.0,25.0,2.0,2.0,7,1.0,0.0,0.0,0.0
4760,7.0,239.0,1.0,10.0,8.0,0.0,1.0,15.0,15.0,4.0,4.0,1.0,1.0,2,3.0,1.0,1.0,1.0
9622,36.0,282.0,1.0,135.0,0.0,0.0,1.0,46.0,46.0,15.0,15.0,2.0,2.0,7,2.0,0.0,0.0,0.0
3229,12.0,180.0,1.0,77.0,0.0,0.0,0.0,9.0,9.0,2.0,2.0,2.0,2.0,2,1.0,2.0,3.0,0.0
8469,106.0,282.0,4.0,42.0,0.0,4.0,1.0,33.0,33.0,15.0,15.0,2.0,2.0,7,5.0,0.0,0.0,0.0
9472,20.0,253.0,7.0,35.0,0.0,0.0,1.0,27.0,27.0,7.0,7.0,2.0,2.0,7,6.0,0.0,0.0,0.0
6552,89.0,283.0,1.0,41.0,0.0,23.0,0.0,23.0,23.0,11.0,11.0,2.0,2.0,7,1.0,0.0,0.0,0.0
5317,10.0,256.0,1.0,16.0,0.0,0.0,0.0,19.0,19.0,5.0,5.0,1.0,1.0,2,2.0,2.0,3.0,1.0
1742,1.0,180.0,1.0,111714.0,0.0,0.0,0.0,7.0,6.0,1.0,1.0,0.0,1.0,2,1.0,1.0,2.0,0.0
6053,87.0,272.0,1.0,21.0,0.0,1.0,0.0,6.0,6.0,2.0,2.0,1.0,1.0,2,1.0,0.0,0.0,0.0
332,10.0,256.0,1.0,16.0,0.0,0.0,0.0,20.0,20.0,5.0,5.0,1.0,1.0,2,4.0,1.0,2.0,1.0
10569,98.40255803928775,261.37664087142764,1.155839782143084,23.72719618750397,0.0,0.922080108928458,0.07791989107154196,62.38959945535771,62.38959945535771,51.688320435713834,51.688320435713834,1.844160217856916,1.844160217856916,7,1.3116795642861678,0.0,0.0,0.0
6667,31.0,298.0,1.0,12.0,0.0,1.0,0.0,21.0,21.0,6.0,6.0,2.0,2.0,7,2.0,0.0,0.0,2.0
10662,50.660906875581595,270.7225601709304,21.753386818604795,83.39888037034919,0.0,0.0,1.0,298.6300802279072,298.6300802279072,91.8921067331396,91.8921067331396,2.0,2.0,7,89.8766934093024,0.0,0.0,0.9845866761627998
3101,31.0,294.0,7.0,22.0,17.0,0.0,1.0,9.0,9.0,2.0,2.0,2.0,2.0,2,1.0,2.0,3.0,0.0
598,2.0,196.0,1.0,15.0,0.0,0.0,0.0,11.0,11.0,3.0,3.0,0.0,1.0,1,1.0,3.0,4.0,0.0
1641,2.0,180.0,0.0,10.0,0.0,0.0,0.0,9.0,9.0,2.0,2.0,0.0,1.0,1,1.0,1.0,2.0,0.0
3579,10.0,256.0,1.0,16.0,0.0,0.0,0.0,9.0,9.0,1.0,1.0,1.0,1.0,2,1.0,1.0,2.0,1.0
4014,7.0,180.0,2.0,9.0,0.0,0.0,0.0,-1.0,-1.0,-1.0,-1.0,-1.0,-1.0,0,-1.0,-1.0,-1.0,-1.0
3154,31.0,255.0,1.0,10.0,6.0,0.0,0.0,9.0,9.0,2.0,2.0,0.0,1.0,1,1.0,2.0,3.0,0.0
6530,83.0,262.0,1.0,21.0,0.0,1.0,0.0,30.0,30.0,18.0,18.0,2.0,2.0,7,1.0,0.0,0.0,0.0
8972,194.0,262.0,2.0,24.0,0.0,2.0,0.0,21.0,21.0,9.0,9.0,2.0,2.0,7,1.0,0.0,0.0,0.0
7752,50.0,466.0,1.0,151.0,24.0,0.0,1.0,191.0,191.0,65.0,65.0,4.0,4.0,7,2.0,2.0,3.0,0.0
5555,46.0,307.0,8.0,194.0,16.0,0.0,1.0,65.0,65.0,14.0,14.0,2.0,2.0,7,8.0,0.0,0.0,0.0
10619,25.53328812893211,291.7067254323883,2.0133152515728443,31.013315251572845,17.293274567611746,0.0,1.0,9.733355935533945,9.733355935533945,2.746671187106789,2.746671187106789,1.7466711871067888,1.7466711871067888,5,1.0,0.0,0.0,0.0
1415,17.0,180.0,1.0,10.0,0.0,0.0,0.0,9.0,9.0,1.0,1.0,1.0,1.0,2,1.0,1.0,2.0,1.0
4835,9.0,180.0,1.0,216.0,0.0,0.0,0.0,15.0,15.0,2.0,2.0,1.0,1.0,2,1.0,1.0,2.0,0.0
4572,806.0,203.0,1.0,10.0,0.0,0.0,0.0,-1.0,-1.0,-1.0,-1.0,-1.0,-1.0,0,-1.0,-1.0,-1.0,-1.0
228,3.0,180.0,1.0,111612.0,0.0,0.0,0.0,19.0,19.0,9.0,9.0,1.0,1.0,2,1.0,0.0,0.0,0.0
7172,43.0,226.0,3.0,169.0,0.0,0.0,1.0,29.0,29.0,10.0,10.0,1.0,1.0,2,1.0,0.0,0.0,0.0
4722,83.0,288.0,1.0,26.0,0.0,1.0,1.0,-1.0,-1.0,-1.0,-1.0,-1.0,-1.0,0,-1.0,-1.0,-1.0,-1.0
498,4.0,220.0,1.0,12.0,0.0,0.0,0.0,11.0,11.0,3.0,3.0,0.0,1.0,1,1.0,3.0,4.0,0.0
4103,6.0,180.0,1.0,7.0,0.0,0.0,0.0,-1.0,0.0,1.0,1.0,0.0,2.0,2,0.0,0.0,1.0,0.0
7720,55.0,377.0,2.0,105.0,29.0,0.0,1.0,173.0,173.0,75.0,75.0,2.0,2.0,7,6.0,0.0,1.0,0.0
6073,35.0,344.0,4.0,40.0,87.0,0.0,1.0,28.0,28.0,16.0,16.0,2.0,2.0,7,1.0,0.0,0.0,0.0
902,3.0,256.0,1.0,16.0,0.0,0.0,0.0,19.0,19.0,9.0,9.0,1.0,1.0,2,1.0,0.0,0.0,0.0
6109,68.0,262.0,1.0,21.0,0.0,1.0,0.0,9.0,9.0,4.0,4.0,1.0,1.0,2,1.0,0.0,0.0,0.0
7475,63.0,374.0,1.0,540.0,30.0,0.0,1.0,50.0,50.0,44.0,44.0,0.0,0.0,10,2.0,0.0,0.0,0.0
2749,7.0,249.0,3.0,16.0,42.0,0.0,1.0,8.0,8.0,2.0,2.0,1.0,1.0,2,1.0,1.0,1.0,1.0
10481,77.772339695028,262.0,1.0,21.0,0.0,1.0,0.0,16.158509542541992,16.158509542541992,11.420745228729004,11.420745228729004,0.3861698475139974,0.3861698475139974,7,1.0,0.0,0.0,0.0
8788,21.0,285.0,2.0,32.0,0.0,1.0,1.0,18.0,18.0,14.0,14.0,0.0,0.0,7,2.0,0.0,0.0,0.0
7865,75.0,347.0,2.0,380.0,29.0,0.0,1.0,77.0,77.0,68.0,68.0,0.0,0.0,12,5.0,0.0,0.0,0.0
6384,79.0,265.0,1.0,21.0,0.0,1.0,0.0,6.0,6.0,2.0,2.0,1.0,1.0,2,1.0,0.0,0.0,0.0
2365,8.0,250.0,1.0,15.0,0.0,0.0,0.0,9.0,9.0,2.0,2.0,0.0,1.0,2,0.0,1.0,2.0,0.0
8568,151.0,297.0,1.0,161.0,1.0,3.0,1.0,48.0,48.0,23.0,23.0,2.0,2.0,7,1.0,0.0,0.0,0.0
5020,4.0,180.0,1.0,14.0,0.0,0.0,0.0,-1.0,0.0,1.0,1.0,0.0,2.0,2,0.0,0.0,0.0,0.0
1237,250.0,180.0,1.0,6.0,0.0,0.0,0.0,10.0,10.0,2.0,2.0,1.0,1.0,2,1.0,1.0,2.0,0.0
892,11.0,180.0,1.0,9.0,0.0,0.0,0.0,15.0,15.0,2.0,2.0,1.0,1.0,2,1.0,1.0,2.0,0.0
3286,8.0,227.0,4.0,18.0,31.0,0.0,1.0,9.0,9.0,3.0,3.0,1.0,1.0,2,1.0,1.0,1.0,1.0
9852,269.0,271.0,1.0,299.0,0.0,126.0,1.0,42.0,42.0,38.0,38.0,0.0,0.0,7,1.0,0.0,0.0,0.0
6477,75.0,262.0,1.0,21.0,0.0,1.0,0.0,27.0,27.0,24.0,24.0,0.0,0.0,7,1.0,0.0,0.0,0.0
1219,13.0,180.0,1.0,9.0,0.0,0.0,0.0,17.0,17.0,3.0,3.0,1.0,1.0,2,7.0,1.0,1.0,1.0
949,9.0,299.0,1.0,10.0,18.0,0.0,1.0,19.0,19.0,9.0,9.0,1.0,1.0,2,1.0,0.0,0.0,0.0
10973,59.184438041652044,262.0,1.0,21.0,0.0,1.0,0.0,31.262247833391832,31.262247833391832,20.922190208260208,20.922190208260208,1.6311239166959166,1.6311239166959166,7,1.0,0.0,0.0,0.0
6279,46.0,282.0,2.0,29.0,0.0,2.0,1.0,41.0,41.0,10.0,10.0,2.0,2.0,7,4.0,0.0,0.0,0.0
78,7.0,201.0,1.0,996.0,0.0,0.0,0.0,15.0,15.0,4.0,4.0,1.0,1.0,2,3.0,1.0,2.0,1.0
2576,8.0,180.0,1.0,10.0,0.0,0.0,0.0,8.0,8.0,1.0,1.0,1.0,1.0,2,1.0,0.0,0.0,0.0
9116,15.0,260.0,1.0,12.0,0.0,1.0,0.0,29.0,29.0,17.0,17.0,2.0,2.0,7,1.0,0.0,0.0,0.0
2682,178.0,281.0,1.0,29.0,0.0,1.0,0.0,8.0,8.0,2.0,2.0,1.0,1.0,2,1.0,1.0,1.0,1.0
5244,16.0,180.0,1.0,77.0,0.0,0.0,0.0,13.0,13.0,2.0,2.0,1.0,1.0,2,1.0,2.0,3.0,1.0
4234,7.0,180.0,1.0,11.0,0.0,0.0,0.0,-1.0,-1.0,-1.0,-1.0,-1.0,-1.0,0,-1.0,-1.0,-1.0,-1.0
9914,78.0,359.0,1.0,16.0,15.0,-1.0,2.0,9.0,9.0,3.0,3.0,1.0,1.0,2,1.0,1.0,1.0,1.0
6113,412.0,315.0,40.0,209.0,31.0,1.0,1.0,11.0,11.0,3.0,3.0,2.0,2.0,7,1.0,0.0,0.0,0.0
4347,4.0,243.0,2.0,16.0,0.0,0.0,1.0,-1.0,-1.0,-1.0,-1.0,-1.0,-1.0,0,-1.0,-1.0,-1.0,-1.0
9480,23.0,288.0,10.0,45.0,0.0,0.0,1.0,169.0,169.0,53.0,53.0,2.0,2.0,7,45.0,0.0,0.0,1.0
4217,78.0,367.0,1.0,16.0,16.0,-1.0,2.0,-1.0,-1.0,-1.0,-1.0,-1.0,-1.0,0,-1.0,-1.0,-1.0,-1.0
10685,39.46217997489025,287.84316011717885,8.075640050219505,243.62179974890248,0.8459400083699173,0.0,1.0,40.69465990793091,40.69465990793091,26.92158005858942,26.92158005858942,0.3081199832601653,0.3081199832601653,7,8.38376003347967,0.0,0.0,0.0
9949,74.0,365.0,1.0,16.0,16.0,-1.0,2.0,9.0,8.0,3.0,2.0,0.0,0.0,1,1.0,1.0,1.0,1.0
2016,1.0,180.0,0.0,10.0,0.0,0.0,0.0,9.0,9.0,3.0,3.0,1.0,1.0,2,1.0,1.0,1.0,1.0
9865,4.0,358.0,2.0,13.0,7.0,0.0,1.0,8.0,8.0,2.0,2.0,1.0,1.0,2,1.0,1.0,1.0,1.0
9216,26.0,260.0,1.0,12.0,0.0,1.0,0.0,6.0,6.0,2.0,2.0,1.0,1.0,2,1.0,0.0,0.0,0.0
8858,162.0,304.0,4.0,113.0,0.0,0.0,1.0,110.0,110.0,18.0,18.0,2.0,2.0,7,4.0,0.0,0.0,0.0
1270,6.0,256.0,1.0,16.0,0.0,0.0,0.0,10.0,10.0,3.0,3.0,1.0,1.0,2,1.0,1.0,1.0,1.0
10108,46.247381957488216,286.4564494854631,1.0,83.111494328854,0.0,1.0,1.0,15.86411237136578,15.86411237136578,8.320561856828895,8.320561856828895,1.1358876286342208,1.1358876286342208,7,1.0,0.0,0.0,0.0
912,22.0,258.0,1.0,10.0,7.0,0.0,0.0,14.0,14.0,2.0,2.0,1.0,1.0,2,1.0,2.0,3.0,1.0
10283,89.93451608482913,369.0,2.0,545.0271327098052,15.038351205365696,0.0,1.0,55.830680964292554,55.830680964292554,49.830680964292554,49.830680964292554,0.0,0.0,10,2.0,0.0,0.0,0.0
6511,91.0,283.0,1.0,27.0,0.0,9.0,0.0,6.0,6.0,2.0,2.0,1.0,1.0,2,1.0,0.0,0.0,0.0
8801,131.0,250.0,9.0,63.0,0.0,0.0,1.0,62.0,62.0,19.0,19.0,2.0,2.0,7,9.0,0.0,0.0,1.0
1281,4.0,326.0,2.0,13.0,16.0,0.0,1.0,10.0,10.0,3.0,3.0,1.0,1.0,2,1.0,1.0,1.0,1.0
3626,27.0,180.0,1.0,5.0,0.0,0.0,0.0,9.0,9.0,3.0,3.0,1.0,1.0,2,1.0,1.0,1.0,1.0
6778,96.0,262.0,1.0,21.0,0.0,1.0,0.0,272.0,272.0,24.0,24.0,2.0,2.0,7,1.0,0.0,0.0,0.0
4911,8.0,180.0,1.0,10.0,0.0,0.0,0.0,25.0,25.0,6.0,6.0,1.0,1.0,2,1.0,0.0,0.0,0.0
2307,8.0,180.0,1.0,11.0,0.0,0.0,0.0,9.0,9.0,2.0,2.0,0.0,1.0,2,0.0,1.0,2.0,0.0
2118,1.0,180.0,1.0,4.0,0.0,-1.0,2.0,5.0,5.0,1.0,1.0,1.0,1.0,1,1.0,1.0,1.0,0.0
5007,9.0,180.0,1.0,216.0,0.0,0.0,0.0,-1.0,0.0,1.0,1.0,0.0,1.0,2,0.0,0.0,0.0,0.0
4931,5.0,243.0,1.0,16.0,0.0,0.0,0.0,-1.0,-1.0,-1.0,-1.0,-1.0,-1.0,0,-1.0,-1.0,-1.0,-1.0
10761,19.496932940252375,264.024536477981,1.0,13.006134119495247,0.0,0.4969329402523761,0.5030670597476239,14.018402358485744,14.018402358485744,3.0,3.0,1.496932940252376,1.496932940252376,4,1.0,0.0,0.0,0.0
7629,92.0,398.0,2.0,580.0,30.0,0.0,1.0,237.0,237.0,231.0,231.0,0.0,0.0,10,2.0,0.0,0.0,0.0
6254,59.0,340.0,6.0,402.0,36.0,0.0,1.0,146.0,146.0,49.0,49.0,1.0,1.0,2,9.0,0.0,0.0,0.0
3584,11.0,224.0,0.0,20.0,7.0,0.0,0.0,9.0,9.0,3.0,3.0,1.0,1.0,2,1.0,1.0,2.0,0.0
3641,-1.0,-1.0,-1.0,-1.0,-1.0,-1.0,2.0,9.0,9.0,2.0,2.0,2.0,2.0,2,1.0,2.0,3.0,0.0
6766,77.0,273.0,1.0,59.0,0.0,0.0,1.0,12.0,12.0,4.0,4.0,2.0,2.0,7,1.0,0.0,0.0,0.0
7546,350.0,400.0,2.0,418.0,24.0,5.0,1.0,463.0,463.0,61.0,61.0,2.0,2.0,7,2.0,30.0,31.0,0.0
1241,1.0,180.0,1.0,111612.0,0.0,0.0,0.0,15.0,15.0,7.0,7.0,1.0,1.0,2,1.0,3.0,4.0,0.0
5185,59.0,401.0,3.0,57.0,32.0,1.0,1.0,-1.0,-1.0,-1.0,-1.0,-1.0,-1.0,0,-1.0,-1.0,-1.0,-1.0
2977,4.0,180.0,1.0,14.0,0.0,0.0,0.0,4.0,4.0,1.0,1.0,0.0,1.0,1,1.0,1.0,1.0,1.0
7482,91.0,413.0,4.0,486.0,16.0,0.0,1.0,52.0,52.0,46.0,46.0,0.0,0.0,13,2.0,0.0,0.0,0.0
158,10.0,180.0,6.0,122.0,0.0,0.0,0.0,15.0,15.0,2.0,2.0,1.0,1.0,2,1.0,1.0,2.0,0.0
1708,15.0,224.0,0.0,20.0,7.0,0.0,0.0,9.0,10.0,5.0,5.0,1.0,1.0,2,1.0,1.0,1.0,1.0
2425,9.0,180.0,31.0,70.0,0.0,0.0,0.0,9.0,9.0,2.0,2.0,0.0,1.0,1,1.0,1.0,2.0,0.0
5032,651.0,180.0,1.0,318.0,0.0,-1.0,2.0,-1.0,0.0,1.0,1.0,0.0,1.0,2,0.0,0.0,1.0,0.0
5208,9.0,9.0,2.0,2.0,1.0,1.0,2.0,1.0,1.0,0.0,1.0,0.0,0.0,1,0.0,0.0,-1.0,-1.0
9191,20.0,298.0,1.0,13.0,0.0,1.0,0.0,6.0,6.0,2.0,2.0,1.0,1.0,2,1.0,0.0,0.0,0.0
2862,26.0,25777.0,0.0,5.0,25557.0,0.0,0.0,9.0,9.0,3.0,3.0,1.0,1.0,2,1.0,1.0,1.0,1.0
6756,74.0,262.0,1.0,21.0,0.0,1.0,0.0,42.0,42.0,30.0,30.0,0.0,0.0,10,2.0,0.0,0.0,0.0
7898,99.0,410.0,2.0,705.0,30.0,0.0,1.0,289.0,289.0,133.0,133.0,4.0,4.0,12,2.0,0.0,0.0,0.0
1250,13.0,180.0,1.0,348.0,0.0,0.0,0.0,10.0,10.0,2.0,2.0,1.0,1.0,2,1.0,1.0,2.0,0.0
5643,46.0,304.0,2.0,35.0,30.0,0.0,1.0,36.0,36.0,7.0,7.0,2.0,2.0,7,2.0,0.0,0.0,0.0
1108,73.0,354.0,1.0,16.0,16.0,-1.0,2.0,10.0,10.0,3.0,3.0,1.0,1.0,2,1.0,1.0,1.0,1.0
10818,363.90652727897304,364.82970706723717,2.0,270.629330283252,30.21702929327628,3.782970706723719,1.0,52.055062615159,52.055062615159,36.5275313075795,36.5275313075795,0.0,0.0,8,4.131882826894875,0.0,0.0,0.0
9139,24.0,298.0,1.0,12.0,0.0,1.0,0.0,24.0,24.0,12.0,12.0,2.0,2.0,7,1.0,0.0,0.0,0.0
7700,72.0,398.0,2.0,622.0,43.0,0.0,1.0,269.0,269.0,257.0,257.0,0.0,0.0,12,6.0,0.0,0.0,0.0
9804,16.0,229.0,9.0,43.0,0.0,0.0,1.0,26.0,26.0,5.0,5.0,1.0,1.0,2,5.0,0.0,0.0,0.0
5050,9.0,299.0,1.0,10.0,20.0,0.0,1.0,-1.0,0.0,0.0,1.0,0.0,1.0,2,0.0,0.0,0.0,0.0
3155,20510.0,323.0,3.0,64.0,59.0,2.0,1.0,9.0,9.0,3.0,3.0,1.0,1.0,2,1.0,1.0,1.0,1.0
5856,35.0,302.0,9.0,65.0,23.0,0.0,1.0,64.0,64.0,17.0,17.0,2.0,2.0,7,9.0,0.0,0.0,1.0
283,305.0,180.0,1.0,9.0,0.0,0.0,0.0,10.0,10.0,3.0,3.0,1.0,1.0,2,1.0,1.0,1.0,1.0
9412,172.0,271.0,1.0,44.0,0.0,0.0,1.0,36.0,36.0,13.0,13.0,2.0,2.0,7,3.0,0.0,0.0,0.0
6849,38.0,523.0,5.0,326.0,75.0,0.0,1.0,11.0,11.0,3.0,3.0,2.0,2.0,7,1.0,0.0,0.0,0.0
3245,952.0,275.0,1.0,47.0,3.0,1.0,0.0,9.0,9.0,3.0,3.0,1.0,1.0,2,1.0,1.0,1.0,1.0
8949,22.0,298.0,1.0,13.0,0.0,1.0,0.0,6.0,6.0,2.0,2.0,1.0,1.0,2,1.0,0.0,0.0,0.0
1978,10.0,180.0,1.0,9.0,0.0,0.0,0.0,9.0,9.0,1.0,1.0,1.0,1.0,2,1.0,1.0,2.0,1.0
8237,1.0,366.0,1.0,6.0,10.0,0.0,0.0,5.0,5.0,1.0,1.0,1.0,1.0,2,1.0,0.0,0.0,0.0
1792,10.0,180.0,31.0,70.0,0.0,0.0,0.0,8.0,8.0,2.0,2.0,1.0,1.0,2,1.0,1.0,1.0,1.0
7938,77.0,366.0,2.0,345.0,17.0,0.0,1.0,59.0,59.0,53.0,53.0,0.0,0.0,10,2.0,0.0,0.0,0.0
2482,79.0,256.0,1.0,96.0,0.0,0.0,1.0,9.0,9.0,2.0,2.0,0.0,1.0,1,1.0,1.0,2.0,0.0
754,15.0,224.0,0.0,20.0,7.0,0.0,0.0,26.0,26.0,9.0,9.0,1.0,1.0,2,8.0,1.0,2.0,1.0
2094,17.0,250.0,1.0,15.0,0.0,0.0,0.0,4.0,4.0,1.0,1.0,0.0,1.0,1,1.0,1.0,1.0,1.0
7918,73.0,344.0,2.0,330.0,24.0,0.0,1.0,48.0,48.0,42.0,42.0,0.0,0.0,10,2.0,0.0,0.0,0.0
3779,-1.0,-1.0,-1.0,-1.0,-1.0,-1.0,2.0,7.0,7.0,1.0,1.0,1.0,1.0,2,1.0,1.0,1.0,1.0
6527,36.0,298.0,1.0,12.0,0.0,1.0,0.0,33.0,33.0,30.0,30.0,0.0,0.0,7,1.0,0.0,0.0,0.0
8100,93.0,419.0,1.0,516.0,33.0,0.0,1.0,117.0,117.0,111.0,111.0,0.0,0.0,10,2.0,0.0,0.0,0.0
7293,344.0,305.0,17.0,1321.0,23.0,2.0,1.0,126.0,126.0,30.0,30.0,2.0,2.0,7,16.0,0.0,0.0,0.0
9231,27.0,260.0,1.0,12.0,0.0,1.0,0.0,36.0,36.0,33.0,33.0,0.0,0.0,7,1.0,0.0,0.0,0.0
2005,13.0,180.0,1.0,9.0,0.0,0.0,0.0,9.0,9.0,3.0,3.0,1.0,1.0,2,1.0,1.0,2.0,0.0
9983,77.0,346.0,1.0,16.0,5.0,-1.0,2.0,8.0,8.0,2.0,2.0,1.0,1.0,2,1.0,1.0,1.0,1.0
6315,87.0,283.0,1.0,31.0,0.0,13.0,0.0,6.0,6.0,2.0,2.0,1.0,1.0,2,1.0,0.0,0.0,0.0
2475,34.0,230.0,1.0,10.0,17.0,0.0,1.0,9.0,9.0,3.0,3.0,1.0,1.0,2,1.0,1.0,2.0,0.0
2480,4.0,220.0,1.0,12.0,0.0,0.0,0.0,9.0,9.0,2.0,2.0,0.0,1.0,1,1.0,1.0,2.0,0.0
9590,10.0,229.0,6.0,27.0,0.0,0.0,1.0,38.0,38.0,10.0,10.0,1.0,1.0,2,10.0,0.0,0.0,0.0
8574,168.0,305.0,3.0,565.0,6.0,26.0,1.0,98.0,98.0,62.0,62.0,2.0,2.0,7,3.0,0.0,0.0,0.0
3982,8.0,180.0,1.0,10.0,0.0,0.0,0.0,29.0,29.0,11.0,11.0,1.0,1.0,2,1.0,0.0,0.0,0.0
9681,80.0,291.0,19.0,70.0,3.0,0.0,1.0,32.0,32.0,8.0,8.0,2.0,2.0,7,5.0,0.0,0.0,0.0
10191,74.40695027089035,265.0,1.0,21.0,0.0,1.0,0.0,29.0,29.0,17.0,17.0,2.0,2.0,7,1.0,0.0,0.0,0.0
10563,78.8811960338115,383.79229291291057,2.0,559.5444515604505,32.64358810143451,0.0,1.0,179.287176202869,179.287176202869,66.3564118985655,66.3564118985655,3.118803966188498,3.118803966188498,9,2.0,0.0,0.0,0.0
3888,40.0,401.0,2.0,51.0,32.0,1.0,1.0,51.0,51.0,8.0,8.0,2.0,2.0,7,2.0,0.0,0.0,0.0
2644,5.0,180.0,1.0,16.0,0.0,0.0,0.0,9.0,9.0,1.0,1.0,1.0,1.0,2,1.0,1.0,2.0,1.0
5668,50.0,336.0,2.0,86.0,23.0,0.0,1.0,85.0,85.0,17.0,17.0,2.0,2.0,7,2.0,0.0,0.0,0.0
904,13.0,224.0,0.0,20.0,7.0,0.0,0.0,15.0,15.0,2.0,2.0,1.0,1.0,2,1.0,1.0,2.0,0.0
3459,16.0,180.0,1.0,10.0,0.0,0.0,0.0,8.0,8.0,2.0,2.0,1.0,1.0,2,1.0,1.0,2.0,0.0
1670,111.0,256.0,1.0,73.0,0.0,1.0,0.0,8.0,8.0,2.0,2.0,1.0,1.0,2,1.0,1.0,1.0,1.0
1725,15.0,180.0,1.0,10.0,0.0,0.0,0.0,7.0,7.0,1.0,1.0,0.0,1.0,2,1.0,1.0,1.0,1.0
9463,60.0,257.0,17.0,76.0,18.0,0.0,1.0,112.0,112.0,31.0,31.0,4.0,4.0,10,21.0,0.0,0.0,0.0
6147,75.0,262.0,1.0,21.0,0.0,1.0,0.0,9.0,9.0,4.0,4.0,1.0,1.0,2,2.0,0.0,0.0,0.0
3814,16.0,180.0,1.0,53.0,0.0,0.0,0.0,63.0,63.0,22.0,22.0,3.0,3.0,13,3.0,1.0,2.0,1.0
3713,-1.0,-1.0,-1.0,-1.0,-1.0,-1.0,2.0,9.0,9.0,2.0,2.0,1.0,1.0,2,1.0,1.0,1.0,1.0
967,8.0,180.0,1.0,16.0,0.0,0.0,0.0,19.0,19.0,9.0,9.0,1.0,1.0,2,1.0,0.0,0.0,0.0
9213,17.0,298.0,1.0,13.0,0.0,1.0,0.0,11.0,11.0,3.0,3.0,2.0,2.0,7,1.0,0.0,0.0,0.0
9934,35.0,339.0,4.0,24.0,14.0,4.0,1.0,9.0,9.0,3.0,3.0,1.0,1.0,2,1.0,1.0,1.0,1.0
547,36.0,258.0,1.0,10.0,7.0,0.0,0.0,19.0,19.0,9.0,9.0,1.0,1.0,2,1.0,0.0,0.0,0.0
8248,1.0,353.0,1.0,7.0,16.0,0.0,1.0,6.0,6.0,1.0,1.0,1.0,1.0,2,1.0,0.0,0.0,0.0
2046,11.0,258.0,1.0,31.0,0.0,0.0,0.0,95.0,95.0,52.0,52.0,1.0,1.0,2,1.0,4.0,5.0,0.0
8819,26.0,245.0,1.0,9.0,0.0,1.0,0.0,8.0,8.0,3.0,3.0,1.0,1.0,2,1.0,0.0,0.0,0.0
4499,6.0,300.0,1.0,15.0,0.0,0.0,0.0,-1.0,-1.0,-1.0,-1.0,-1.0,-1.0,0,-1.0,-1.0,-1.0,-1.0
333,132.0,180.0,0.0,1991.0,0.0,0.0,0.0,30.0,30.0,4.0,4.0,1.0,1.0,2,1.0,1.0,2.0,1.0
50,9.0,180.0,1.0,9.0,0.0,0.0,0.0,17.0,17.0,3.0,3.0,1.0,1.0,2,1.0,2.0,3.0,0.0
8422,149.0,297.0,3.0,40.0,0.0,3.0,1.0,39.0,39.0,6.0,6.0,1.0,1.0,2,3.0,0.0,0.0,0.0
5770,56.0,407.0,2.0,49.0,97.0,0.0,1.0,48.0,48.0,17.0,17.0,2.0,2.0,7,2.0,0.0,0.0,0.0
7972,62.0,363.0,2.0,217.0,30.0,0.0,1.0,607.0,607.0,381.0,381.0,2.0,2.0,7,2.0,2.0,3.0,0.0
9143,132.0,283.0,1.0,37.0,0.0,19.0,0.0,63.0,63.0,51.0,51.0,2.0,2.0,7,1.0,0.0,0.0,0.0
8510,131.0,283.0,1.0,61.0,0.0,43.0,0.0,16.0,16.0,5.0,5.0,2.0,2.0,7,2.0,0.0,0.0,0.0
2552,2.0,180.0,1.0,11.0,0.0,0.0,1.0,8.0,8.0,2.0,2.0,1.0,1.0,2,1.0,1.0,1.0,1.0
4654,55.0,180.0,1.0,77.0,0.0,0.0,0.0,17.0,17.0,3.0,2.0,2.0,2.0,7,2.0,1.0,2.0,0.0
9613,118.0,254.0,4.0,59.0,0.0,0.0,1.0,55.0,55.0,18.0,18.0,2.0,2.0,7,3.0,0.0,0.0,0.0
2022,2.0,222.0,1.0,15.0,0.0,0.0,0.0,9.0,9.0,3.0,3.0,1.0,1.0,2,1.0,1.0,2.0,0.0
1208,38.0,338.0,1.0,200005.0,13.0,0.0,1.0,10.0,10.0,3.0,3.0,1.0,1.0,2,1.0,1.0,1.0,1.0
5359,-1.0,-1.0,-1.0,-1.0,-1.0,-1.0,2.0,119.0,119.0,45.0,45.0,22.0,22.0,5,15.0,19.0,19.0,0.0
1151,2.0,180.0,1.0,9.0,0.0,0.0,0.0,10.0,10.0,2.0,2.0,1.0,1.0,2,1.0,1.0,2.0,0.0
9,14.0,256.0,1.0,16.0,0.0,0.0,0.0,15.0,15.0,2.0,2.0,1.0,1.0,2,1.0,1.0,2.0,0.0
2814,739.0,591.0,19.0,329.0,32.0,7.0,1.0,9.0,9.0,1.0,1.0,1.0,1.0,2,1.0,1.0,2.0,1.0
1707,10.0,180.0,1.0,17.0,0.0,0.0,0.0,8.0,8.0,2.0,2.0,1.0,1.0,2,1.0,1.0,1.0,1.0
10985,49.67314456715435,292.153906281915,8.249902291888157,198.19238285239373,0.5192382852393725,1.5577148557181175,1.0,53.03847657047874,53.03847657047874,26.038476570478746,26.038476570478746,2.0,2.0,7,2.9615234295212547,0.0,0.0,0.0
3323,54.0,180.0,2.0,24.0,0.0,-1.0,2.0,9.0,9.0,2.0,2.0,0.0,1.0,1,1.0,1.0,2.0,0.0
4127,4.0,180.0,1.0,14.0,0.0,0.0,0.0,11.0,11.0,2.0,2.0,1.0,1.0,2,1.0,1.0,1.0,1.0
5710,51.0,335.0,2.0,28.0,8.0,0.0,1.0,27.0,27.0,7.0,7.0,1.0,1.0,2,2.0,0.0,0.0,0.0
5167,35.0,443.0,3.0,72.0,98.0,0.0,1.0,-1.0,-1.0,-1.0,-1.0,-1.0,-1.0,0,-1.0,-1.0,-1.0,-1.0
11023,31.67358427571127,318.7193398851203,6.663207862144366,38.607075839168424,36.22452809190376,0.0,1.0,37.77547190809624,37.77547190809624,8.887735954048122,8.887735954048122,2.0,2.0,7,6.719339885120305,0.0,0.0,0.0
5962,81.0,262.0,1.0,21.0,0.0,1.0,0.0,6.0,6.0,2.0,2.0,1.0,1.0,2,1.0,0.0,0.0,0.0
6092,82.0,283.0,1.0,26.0,0.0,8.0,0.0,11.0,11.0,3.0,3.0,2.0,2.0,7,1.0,0.0,0.0,0.0
4812,68.0,275.0,1.0,38.0,3.0,0.0,0.0,-1.0,0.0,1.0,1.0,0.0,2.0,2,0.0,0.0,0.0,0.0
1896,11.0,180.0,1.0,10.0,0.0,0.0,0.0,8.0,8.0,2.0,2.0,1.0,1.0,2,1.0,1.0,1.0,1.0
4473,4.0,201.0,1.0,79.0,0.0,0.0,0.0,-1.0,-1.0,-1.0,-1.0,-1.0,-1.0,0,-1.0,-1.0,-1.0,-1.0
8893,10.0,283.0,3.0,23.0,1.0,0.0,1.0,22.0,22.0,4.0,4.0,2.0,2.0,7,3.0,0.0,0.0,1.0
3444,26.0,25548.0,0.0,5.0,25328.0,0.0,0.0,9.0,9.0,3.0,3.0,1.0,1.0,2,1.0,1.0,1.0,1.0
8470,118.0,282.0,4.0,45.0,0.0,4.0,1.0,43.0,43.0,10.0,10.0,2.0,2.0,7,4.0,0.0,0.0,0.0
9122,29.0,298.0,1.0,12.0,0.0,1.0,0.0,30.0,30.0,27.0,27.0,0.0,0.0,7,1.0,0.0,0.0,0.0
11041,67.67913657695279,340.4074819461717,2.0,339.9251805382833,14.864172684609443,0.0,1.0,53.59251805382833,53.59251805382833,45.86417268460944,45.86417268460944,0.0,0.0,11,3.7283453692188857,0.0,0.0,0.0
6219,80.0,265.0,1.0,21.0,0.0,1.0,0.0,30.0,30.0,18.0,18.0,2.0,2.0,7,1.0,0.0,0.0,0.0
3806,-1.0,-1.0,-1.0,-1.0,-1.0,-1.0,2.0,35.0,1.0,33.0,0.0,0.0,0.0,1,1.0,0.0,0.0,0.0
4414,9.0,180.0,1.0,9.0,0.0,0.0,0.0,26.0,26.0,8.0,8.0,2.0,2.0,7,1.0,0.0,0.0,0.0
5907,69.0,348.0,5.0,230.0,58.0,0.0,1.0,229.0,229.0,16.0,16.0,2.0,2.0,7,5.0,0.0,0.0,1.0
7682,81.0,436.0,1.0,470.0,37.0,0.0,1.0,56.0,56.0,48.0,48.0,0.0,0.0,13,2.0,0.0,0.0,0.0
1672,23.0,258.0,1.0,10.0,7.0,0.0,0.0,72.0,72.0,55.0,55.0,1.0,1.0,2,1.0,5.0,6.0,0.0
10218,63.455270017844626,335.0,4.0,36.09078833035923,8.0,0.0,1.0,35.09078833035923,35.09078833035923,9.09078833035923,9.09078833035923,1.0,1.0,2,4.0,0.0,0.0,0.0
10995,59.11025771307157,302.0235876590855,6.244103085228627,53.622051542614315,8.0,0.0,1.0,52.622051542614315,52.622051542614315,17.0,17.0,1.3779484573856866,1.3779484573856866,3,6.244103085228627,0.0,0.0,0.0
6271,49.0,532.0,5.0,369.0,80.0,0.0,1.0,6.0,6.0,2.0,2.0,1.0,1.0,2,1.0,0.0,0.0,0.0
7716,355.0,397.0,2.0,1355.0,24.0,0.0,1.0,57.0,57.0,51.0,51.0,0.0,0.0,10,2.0,0.0,0.0,0.0
3635,-1.0,-1.0,-1.0,-1.0,-1.0,-1.0,2.0,9.0,9.0,2.0,2.0,0.0,1.0,2,0.0,1.0,2.0,0.0
427,3.0,180.0,1.0,8.0,0.0,0.0,0.0,19.0,19.0,9.0,9.0,1.0,1.0,2,1.0,0.0,0.0,0.0
7522,44.0,391.0,2.0,282.0,24.0,0.0,1.0,189.0,189.0,97.0,97.0,3.0,3.0,10,2.0,2.0,3.0,0.0
8450,124.0,283.0,1.0,44.0,0.0,26.0,0.0,11.0,11.0,3.0,3.0,2.0,2.0,7,1.0,0.0,0.0,0.0
2536,8.0,180.0,1.0,10.0,0.0,0.0,0.0,5.0,5.0,0.0,0.0,1.0,1.0,2,1.0,0.0,0.0,0.0
6624,69.0,262.0,1.0,21.0,0.0,1.0,0.0,16.0,16.0,5.0,5.0,2.0,2.0,7,2.0,0.0,0.0,0.0
8974,11.0,271.0,1.0,58.0,8.0,1.0,1.0,6.0,6.0,2.0,2.0,1.0,1.0,2,1.0,0.0,0.0,0.0
546,37.0,180.0,1.0,11.0,0.0,0.0,0.0,10.0,10.0,3.0,3.0,1.0,1.0,2,1.0,1.0,1.0,1.0
9840,42.0,278.0,22.0,81.0,11.0,0.0,1.0,266.0,266.0,81.0,81.0,1.0,1.0,2,80.0,0.0,0.0,0.0
4358,36.0,180.0,1.0,12.0,0.0,0.0,0.0,10.0,10.0,2.0,2.0,1.0,1.0,2,1.0,1.0,1.0,0.0
4350,37.0,299.0,9.0,26.0,16.0,0.0,1.0,-1.0,-1.0,-1.0,-1.0,-1.0,-1.0,0,-1.0,-1.0,-1.0,-1.0
2533,2.0,180.0,1.0,11.0,0.0,0.0,1.0,40.0,40.0,15.0,15.0,1.0,1.0,2,14.0,1.0,2.0,1.0
6657,31.0,332.0,2.0,81.0,26.0,1.0,1.0,6.0,6.0,2.0,2.0,1.0,1.0,2,1.0,0.0,0.0,0.0
3960,37.0,180.0,1.0,11.0,0.0,0.0,0.0,0.0,-1.0,-1.0,-1.0,-1.0,-1.0,0,-1.0,-1.0,-1.0,-1.0
4762,75.0,313.0,1.0,16.0,5.0,-1.0,2.0,-1.0,-1.0,-1.0,-1.0,-1.0,-1.0,0,-1.0,-1.0,-1.0,-1.0
9757,11.0,252.0,5.0,26.0,0.0,0.0,1.0,51.0,51.0,14.0,14.0,2.0,2.0,7,12.0,0.0,0.0,0.0
171,31.0,249.0,2.0,29.0,0.0,1.0,1.0,19.0,19.0,9.0,9.0,1.0,1.0,2,1.0,0.0,0.0,0.0
5272,15.0,363.0,7.0,25.0,14.0,0.0,1.0,14.0,14.0,2.0,2.0,1.0,1.0,2,1.0,2.0,3.0,1.0
1539,14.0,224.0,0.0,20.0,7.0,0.0,0.0,35.0,35.0,1.0,1.0,1.0,1.0,2,31.0,1.0,1.0,1.0
8752,25.0,297.0,6.0,36.0,0.0,0.0,1.0,35.0,35.0,7.0,7.0,1.0,1.0,2,6.0,0.0,0.0,0.0
1482,14.0,224.0,0.0,20.0,7.0,0.0,0.0,8.0,7.0,2.0,2.0,1.0,1.0,2,1.0,1.0,1.0,1.0
1906,17.0,240.0,2.0,31.0,14.0,0.0,0.0,8.0,8.0,2.0,2.0,1.0,1.0,2,1.0,1.0,1.0,1.0
9044,29.0,298.0,1.0,12.0,0.0,1.0,0.0,295.0,295.0,27.0,27.0,2.0,2.0,7,1.0,0.0,0.0,0.0
2734,76.0,372.0,1.0,16.0,16.0,-1.0,2.0,9.0,9.0,3.0,3.0,1.0,1.0,2,1.0,1.0,2.0,0.0
9177,100.0,283.0,2.0,40.0,0.0,18.0,0.0,33.0,33.0,21.0,21.0,2.0,2.0,7,1.0,0.0,0.0,0.0
1900,131.0,180.0,1.0,9.0,0.0,0.0,0.0,9.0,9.0,3.0,3.0,1.0,1.0,2,1.0,1.0,1.0,1.0
7439,41.0,379.0,6.0,90.0,17.0,0.0,1.0,56.0,56.0,46.0,46.0,0.0,0.0,10,6.0,0.0,0.0,0.0
693,10.0,256.0,1.0,16.0,0.0,0.0,0.0,11.0,11.0,3.0,3.0,0.0,1.0,1,1.0,3.0,4.0,0.0
4679,76.0,370.0,1.0,16.0,16.0,-1.0,2.0,-1.0,-1.0,-1.0,-1.0,-1.0,-1.0,0,-1.0,-1.0,-1.0,-1.0
10372,58.881224460126866,290.93224490732837,26.050612191805968,124.52530609590299,0.0,0.0,1.0,47.32204081788806,47.32204081788806,13.64408163577612,13.64408163577612,2.0,2.0,7,9.677959182111941,0.0,0.0,0.0
4902,7.0,180.0,1.0,10.0,0.0,0.0,0.0,0.0,1.0,1.0,0.0,1.0,1.0,2,0.0,1.0,0.0,0.0
8612,131.0,305.0,4.0,938.0,6.0,39.0,1.0,116.0,116.0,75.0,75.0,2.0,2.0,7,3.0,0.0,0.0,0.0
6211,37.0,290.0,1.0,49.0,0.0,0.0,1.0,23.0,23.0,20.0,20.0,0.0,0.0,7,1.0,0.0,0.0,0.0
6866,79.0,262.0,1.0,21.0,0.0,1.0,0.0,214.0,214.0,62.0,62.0,2.0,2.0,7,45.0,0.0,0.0,0.0
10797,77.0,262.0,1.0,21.0,0.0,1.0,0.0,11.0,11.0,3.0,3.0,2.0,2.0,7,1.0,0.0,0.0,0.0
2096,3.0,180.0,0.0,9.0,0.0,0.0,0.0,9.0,9.0,3.0,3.0,1.0,1.0,2,1.0,1.0,1.0,1.0
9194,26.0,298.0,1.0,12.0,0.0,1.0,0.0,12.0,12.0,4.0,4.0,2.0,2.0,7,1.0,0.0,0.0,0.0
6811,92.0,283.0,1.0,30.0,0.0,12.0,0.0,11.0,11.0,3.0,3.0,2.0,2.0,7,1.0,0.0,0.0,0.0
9197,24.0,298.0,2.0,17.0,0.0,2.0,0.0,113.0,113.0,24.0,24.0,2.0,2.0,7,1.0,0.0,0.0,0.0
7971,384.0,401.0,2.0,1223.0,24.0,0.0,1.0,73.0,73.0,67.0,67.0,0.0,0.0,10,2.0,0.0,0.0,0.0
4877,9.0,180.0,1.0,216.0,0.0,0.0,0.0,-1.0,0.0,1.0,1.0,0.0,1.0,2,0.0,0.0,0.0,0.0
10858,62.37556675620825,334.48472922263016,4.406108310947936,90.29694584452604,35.70305415547397,0.0,1.0,89.29694584452604,89.29694584452604,10.0,10.0,2.0,2.0,7,4.406108310947936,0.0,0.0,1.0
8833,108.0,298.0,15.0,82.0,0.0,0.0,1.0,66.0,66.0,20.0,20.0,1.0,1.0,2,15.0,0.0,0.0,0.0
5514,62.0,320.0,8.0,236.0,14.0,0.0,1.0,87.0,87.0,23.0,23.0,2.0,2.0,7,8.0,0.0,0.0,0.0
10925,101.36409669825774,294.0,1.0,111.12718066034846,1.0,1.0,1.0,28.780529244878327,28.780529244878327,10.398987263832971,10.398987263832971,2.0,2.0,7,1.0,0.0,0.0,0.0
541,33.0,32762.0,0.0,4.0,0.0,0.0,0.0,19.0,19.0,9.0,9.0,1.0,1.0,2,1.0,0.0,0.0,0.0
4068,91.0,297.0,1.0,83.0,3.0,1.0,0.0,-1.0,-1.0,-1.0,-1.0,-1.0,-1.0,0,-1.0,-1.0,-1.0,-1.0
10065,13.720709512386215,252.0,6.360354756193107,30.162128537158644,0.0,0.0,1.0,57.95503341329649,57.95503341329649,16.837871462841356,16.837871462841356,2.0,2.0,7,11.0,0.0,0.0,0.0
11021,47.8778752098656,552.1185665923792,6.0,575.765472160316,81.26725125919361,0.0,1.0,7.4026559876679965,7.4026559876679965,2.280531197533599,2.280531197533599,1.2805311975335993,1.2805311975335993,3,1.0,0.0,0.0,0.0
8792,17.0,285.0,1.0,28.0,0.0,1.0,1.0,15.0,15.0,12.0,12.0,0.0,0.0,7,1.0,0.0,0.0,0.0
6658,97.0,283.0,1.0,47.0,0.0,29.0,0.0,6.0,6.0,2.0,2.0,1.0,1.0,2,1.0,0.0,0.0,0.0
2678,8.0,285.0,3.0,17.0,77.0,0.0,1.0,8.0,8.0,1.0,1.0,1.0,1.0,2,1.0,0.0,0.0,0.0
6398,68.0,262.0,1.0,21.0,0.0,1.0,0.0,60.0,60.0,48.0,48.0,2.0,2.0,7,1.0,0.0,0.0,0.0
8231,81.0,366.0,2.0,13.0,10.0,5.0,0.0,12.0,12.0,7.0,7.0,1.0,1.0,2,2.0,0.0,0.0,0.0
10951,266.05594433535623,285.25097120957685,4.123543185634712,29.98446064677026,0.0,4.123543185634712,0.1872571976057853,125.378399233519,125.378399233519,24.310800383240498,24.310800383240498,2.0,2.0,7,3.434343568875209,0.0,0.0,0.0
2728,358.0,226.0,1.0,35.0,0.0,0.0,0.0,8.0,8.0,2.0,2.0,1.0,1.0,2,1.0,1.0,1.0,1.0
3288,243.0,347.0,1.0,21.0,48.0,0.0,0.0,9.0,9.0,3.0,3.0,1.0,1.0,2,1.0,1.0,1.0,1.0
7051,82.0,283.0,1.0,32.0,0.0,14.0,0.0,6.0,6.0,2.0,2.0,1.0,1.0,2,1.0,0.0,0.0,0.0
1446,3.0,180.0,0.0,8.0,0.0,0.0,0.0,9.0,9.0,2.0,2.0,0.0,1.0,2,0.0,1.0,2.0,0.0
6732,69.0,283.0,1.0,25.0,0.0,7.0,0.0,16.0,16.0,5.0,5.0,2.0,2.0,7,2.0,0.0,0.0,0.0
2838,114.0,236.0,1.0,22.0,0.0,4.0,0.0,8.0,8.0,2.0,2.0,1.0,1.0,2,1.0,1.0,1.0,1.0
7518,38.0,371.0,1.0,60.0,21.0,0.0,1.0,155.0,155.0,147.0,147.0,0.0,0.0,13,2.0,0.0,0.0,0.0
7288,44.0,334.0,3.0,370.0,13.0,0.0,1.0,35.0,35.0,11.0,11.0,2.0,2.0,7,4.0,0.0,0.0,0.0
10922,230.72870186336334,394.12555776396397,2.0,192.56277888198198,24.514574037267266,0.4854259627327332,1.0,170.79596347825827,170.79596347825827,45.16479714285286,45.16479714285286,2.0,2.0,2,2.9708519254654666,2.0,3.0,0.0
75,12.0,258.0,1.0,31.0,0.0,0.0,0.0,21.0,21.0,6.0,6.0,1.0,1.0,2,3.0,2.0,3.0,1.0
6779,76.0,283.0,1.0,26.0,0.0,8.0,0.0,18.0,18.0,10.0,10.0,1.0,1.0,2,5.0,0.0,0.0,0.0
826,2.0,256.0,1.0,15.0,0.0,0.0,0.0,13.0,13.0,2.0,2.0,1.0,1.0,2,1.0,2.0,3.0,1.0
9701,10.0,229.0,4.0,22.0,0.0,0.0,1.0,38.0,38.0,10.0,10.0,1.0,1.0,2,10.0,0.0,0.0,0.0
8782,20.0,285.0,3.0,52.0,0.0,1.0,1.0,23.0,23.0,22.0,22.0,0.0,0.0,2,0.0,0.0,0.0,0.0
6761,78.0,262.0,1.0,21.0,0.0,1.0,0.0,34.0,34.0,22.0,22.0,2.0,2.0,7,1.0,0.0,0.0,0.0
3783,-1.0,-1.0,-1.0,-1.0,-1.0,-1.0,2.0,47.0,47.0,8.0,8.0,1.0,1.0,2,1.0,0.0,0.0,0.0
2387,6.0,201.0,1.0,996.0,0.0,0.0,0.0,9.0,9.0,2.0,2.0,0.0,1.0,1,1.0,2.0,3.0,0.0
2462,31.0,297.0,7.0,22.0,17.0,0.0,1.0,9.0,9.0,1.0,1.0,1.0,1.0,2,1.0,1.0,2.0,1.0
8784,25.0,285.0,2.0,47.0,0.0,1.0,1.0,28.0,28.0,24.0,24.0,0.0,0.0,7,2.0,0.0,0.0,0.0
9266,22.0,298.0,1.0,12.0,0.0,1.0,0.0,20.0,20.0,6.0,6.0,2.0,2.0,7,1.0,0.0,0.0,0.0
945,4.0,218.0,1.0,10.0,0.0,0.0,0.0,18.0,17.0,3.0,3.0,1.0,1.0,2,1.0,2.0,3.0,0.0
8787,21.0,285.0,2.0,41.0,0.0,1.0,1.0,25.0,25.0,21.0,21.0,0.0,0.0,7,2.0,0.0,0.0,0.0
5852,39.0,252.0,15.0,61.0,0.0,0.0,1.0,60.0,60.0,17.0,17.0,2.0,2.0,7,15.0,0.0,0.0,0.0
7112,85.0,283.0,1.0,23.0,0.0,5.0,0.0,6.0,6.0,2.0,2.0,1.0,1.0,2,1.0,0.0,0.0,0.0
10489,93.00037247789406,341.0201138062789,8.997020176847567,1306.9675944232172,15.00446973472865,0.0,1.0,125.98584584002595,125.98584584002595,113.9869632737081,113.9869632737081,0.0,0.0,10,7.99813761052973,0.0,0.0,0.0
10404,104.82887519927132,282.5855624003643,2.2433127989069757,35.55881359599224,0.0,9.270061603279073,0.4144375996356585,30.072187998178293,30.072187998178293,15.585562400364342,15.585562400364342,2.0,2.0,7,2.657750398542634,0.0,0.0,0.0
2872,7.0,239.0,1.0,10.0,8.0,0.0,1.0,46.0,46.0,10.0,10.0,1.0,1.0,2,1.0,3.0,4.0,0.0
1115,13.0,349.0,6.0,23.0,18.0,0.0,1.0,10.0,10.0,3.0,3.0,1.0,1.0,2,1.0,1.0,1.0,1.0
4218,4.0,180.0,1.0,9.0,0.0,0.0,0.0,10.0,10.0,2.0,2.0,1.0,1.0,2,1.0,1.0,2.0,0.0
5688,62.0,335.0,4.0,45.0,8.0,0.0,1.0,44.0,44.0,12.0,12.0,1.0,1.0,2,4.0,0.0,0.0,0.0
7425,67.0,364.0,6.0,734.0,16.0,0.0,1.0,36.0,36.0,28.0,28.0,0.0,0.0,7,6.0,0.0,0.0,0.0
225,17.0,180.0,1.0,10.0,0.0,0.0,0.0,17.0,17.0,1.0,1.0,1.0,1.0,2,1.0,1.0,2.0,1.0
6899,33.0,260.0,1.0,12.0,0.0,1.0,0.0,64.0,64.0,17.0,17.0,2.0,2.0,7,6.0,0.0,0.0,0.0
9202,22.0,298.0,1.0,12.0,0.0,1.0,0.0,45.0,45.0,39.0,39.0,0.0,0.0,7,3.0,0.0,0.0,0.0
11036,82.47832828749488,410.5224470186962,1.0,1011.8045669343584,32.9133131499795,0.0,1.0,88.9787159405904,88.9787159405904,53.4121501906929,53.4121501906929,1.1087462156211565,1.1087462156211565,10,1.6304179281262812,0.7391641437474377,1.1087462156211565,0.0
6773,84.0,283.0,1.0,17.0,0.0,1.0,0.0,11.0,11.0,3.0,3.0,2.0,2.0,7,1.0,0.0,0.0,0.0
7173,74.0,305.0,4.0,819.0,6.0,37.0,1.0,114.0,114.0,84.0,84.0,2.0,2.0,7,4.0,0.0,0.0,0.0
572,4.0,201.0,1.0,79.0,0.0,0.0,0.0,12.0,12.0,5.0,5.0,1.0,1.0,2,1.0,2.0,3.0,0.0
8274,906.0,574.0,9.0,661.0,10.0,14.0,1.0,-1.0,-1.0,-1.0,-1.0,-1.0,-1.0,0,-1.0,-1.0,-1.0,-1.0
3179,2.0,180.0,0.0,8.0,0.0,0.0,0.0,4.0,4.0,1.0,1.0,0.0,1.0,1,1.0,1.0,1.0,1.0
3232,4.0,180.0,1.0,15.0,0.0,0.0,0.0,9.0,9.0,3.0,3.0,1.0,1.0,2,1.0,1.0,1.0,1.0
3672,-1.0,-1.0,-1.0,-1.0,-1.0,-1.0,2.0,63.0,62.0,16.0,16.0,2.0,2.0,7,4.0,1.0,1.0,1.0
154,11.0,256.0,1.0,16.0,0.0,0.0,0.0,11.0,11.0,3.0,3.0,0.0,1.0,1,1.0,3.0,4.0,0.0
3710,-1.0,-1.0,-1.0,-1.0,-1.0,-1.0,2.0,59.0,59.0,40.0,40.0,1.0,1.0,13,3.0,0.0,0.0,0.0
4087,9.0,180.0,1.0,9.0,0.0,0.0,0.0,18.0,18.0,7.0,7.0,2.0,2.0,7,1.0,0.0,0.0,0.0
6225,39.0,298.0,2.0,100.0,0.0,0.0,1.0,176.0,176.0,30.0,30.0,2.0,2.0,7,19.0,0.0,0.0,0.0
3087,53.0,226.0,6.0,38.0,0.0,0.0,1.0,9.0,9.0,3.0,3.0,1.0,1.0,2,1.0,1.0,1.0,1.0
3951,8.0,180.0,1.0,11.0,0.0,0.0,0.0,-1.0,-1.0,-1.0,-1.0,-1.0,-1.0,0,-1.0,-1.0,-1.0,-1.0
5786,50.0,335.0,2.0,39.0,8.0,0.0,1.0,38.0,38.0,7.0,7.0,1.0,1.0,2,2.0,0.0,0.0,0.0
4374,46.0,180.0,3.0,15.0,0.0,0.0,0.0,-1.0,0.0,1.0,1.0,0.0,2.0,2,0.0,0.0,0.0,0.0
9119,23.0,298.0,1.0,12.0,0.0,1.0,0.0,25.0,25.0,7.0,7.0,2.0,2.0,7,3.0,0.0,0.0,0.0
10885,24.24438803074506,298.0,1.0,12.0,0.0,1.0,0.0,183.4675974927065,183.4675974927065,53.51122393850988,53.51122393850988,1.6221940153725312,1.6221940153725312,5,35.644641892392286,0.0,0.0,0.0
4681,8.0,180.0,1.0,11.0,0.0,0.0,0.0,-1.0,0.0,1.0,1.0,0.0,1.0,2,0.0,0.0,0.0,0.0
4478,76.0,298.0,1.0,16.0,3.0,-1.0,2.0,-1.0,0.0,1.0,1.0,0.0,2.0,2,0.0,0.0,1.0,0.0
9413,271.0,282.0,42.0,105.0,0.0,0.0,1.0,79.0,79.0,71.0,71.0,0.0,0.0,10,4.0,0.0,0.0,0.0
647,77.0,314.0,1.0,16.0,16.0,-1.0,2.0,19.0,19.0,9.0,9.0,1.0,1.0,2,1.0,0.0,0.0,0.0
11045,130.19423375162484,346.0215815279583,3.0215815279583147,139.38846750324967,52.02158152795831,86.2805598634581,1.0,118.12948916774988,118.12948916774988,113.10790763979158,113.10790763979158,0.0,0.0,7,3.0215815279583147,0.0,0.0,0.0
207,8.0,180.0,1.0,10.0,0.0,0.0,0.0,13.0,13.0,3.0,3.0,1.0,1.0,2,2.0,1.0,2.0,1.0
10124,88.89268499547853,283.0,1.0,27.723171248869633,0.0,9.723171248869631,0.0,31.446342497739263,31.446342497739263,19.446342497739263,19.446342497739263,2.0,2.0,7,1.0,0.0,0.0,0.0
10375,85.96938427467673,353.8509295584989,3.3464949684642056,810.9210301892148,24.45608050457271,0.0,1.0,231.95164591453803,231.95164591453803,93.3464949684642,93.3464949684642,4.653505031535794,4.653505031535794,10,3.3464949684642056,0.6929899369284112,1.6929899369284112,0.0
3739,-1.0,-1.0,-1.0,-1.0,-1.0,-1.0,2.0,60.0,60.0,20.0,20.0,1.0,1.0,2,6.0,1.0,2.0,0.0
7535,34.0,467.0,1.0,40.0,20.0,0.0,1.0,54.0,54.0,7.0,7.0,2.0,2.0,7,1.0,1.0,1.0,0.0
8664,288.0,242.0,1.0,59.0,0.0,4.0,1.0,55.0,55.0,34.0,34.0,2.0,2.0,7,2.0,0.0,0.0,0.0
4393,76.0,326.0,1.0,16.0,0.0,-1.0,2.0,-1.0,-1.0,-1.0,-1.0,-1.0,-1.0,0,-1.0,-1.0,-1.0,-1.0
5586,353.0,346.0,47.0,4024.0,47.0,5.0,1.0,972.0,972.0,134.0,134.0,4.0,4.0,10,94.0,0.0,0.0,0.0
4623,7.0,250.0,1.0,15.0,0.0,0.0,0.0,0.0,1.0,1.0,0.0,1.0,1.0,2,0.0,0.0,0.0,0.0
7828,77.0,359.0,2.0,481.0,29.0,0.0,1.0,47.0,47.0,40.0,40.0,0.0,0.0,7,3.0,0.0,0.0,0.0
9042,102.0,262.0,1.0,21.0,0.0,1.0,0.0,27.0,27.0,15.0,15.0,2.0,2.0,7,1.0,0.0,0.0,0.0
8745,17.0,297.0,4.0,24.0,0.0,0.0,1.0,23.0,23.0,5.0,5.0,1.0,1.0,2,4.0,0.0,0.0,0.0
8288,160.0,354.0,2.0,1961.0,14.0,0.0,1.0,598.0,598.0,310.0,310.0,3.0,3.0,10,4.0,2.0,3.0,0.0
9712,25.0,229.0,11.0,44.0,0.0,0.0,1.0,47.0,47.0,12.0,12.0,1.0,1.0,2,12.0,0.0,0.0,0.0
6470,63.0,298.0,3.0,22.0,0.0,3.0,0.0,6.0,6.0,2.0,2.0,1.0,1.0,2,1.0,0.0,0.0,0.0
6227,33.0,260.0,1.0,12.0,0.0,1.0,0.0,47.0,47.0,35.0,35.0,2.0,2.0,7,1.0,0.0,0.0,0.0
6653,93.0,445.0,1.0,83.0,15.0,1.0,1.0,6.0,6.0,2.0,2.0,1.0,1.0,2,1.0,0.0,0.0,0.0
3416,9.0,180.0,1.0,9.0,0.0,0.0,0.0,66.0,66.0,32.0,32.0,3.0,3.0,10,10.0,1.0,1.0,1.0
1836,10.0,180.0,15.0,45.0,0.0,0.0,0.0,5.0,5.0,1.0,1.0,1.0,1.0,1,1.0,1.0,1.0,0.0
7469,68.0,409.0,2.0,496.0,43.0,1.0,1.0,51.0,51.0,44.0,44.0,0.0,0.0,12,3.0,0.0,0.0,0.0
2453,6.0,218.0,1.0,10.0,0.0,0.0,0.0,9.0,9.0,1.0,1.0,1.0,1.0,2,1.0,1.0,2.0,1.0
3029,77.0,300.0,1.0,16.0,16.0,-1.0,2.0,9.0,9.0,3.0,3.0,1.0,1.0,2,1.0,1.0,1.0,1.0
167,11.0,224.0,0.0,20.0,7.0,0.0,0.0,15.0,15.0,2.0,2.0,1.0,1.0,2,1.0,1.0,2.0,0.0
6104,75.0,262.0,1.0,21.0,0.0,1.0,0.0,35.0,35.0,23.0,23.0,2.0,2.0,7,1.0,0.0,0.0,0.0
47,4.0,180.0,1.0,14.0,0.0,0.0,0.0,10.0,10.0,3.0,3.0,1.0,1.0,2,1.0,1.0,1.0,1.0
6297,95.0,283.0,1.0,29.0,0.0,11.0,0.0,6.0,6.0,2.0,2.0,1.0,1.0,2,1.0,0.0,0.0,0.0
10266,36.0,292.2276690616841,2.7524812153684337,29.2574436461053,8.752481215368434,0.0,1.0,28.2574436461053,28.2574436461053,7.504962430736867,7.504962430736867,1.752481215368434,1.752481215368434,5,2.7524812153684337,0.0,0.0,0.0
9034,22.0,298.0,1.0,13.0,0.0,1.0,0.0,11.0,11.0,3.0,3.0,2.0,2.0,7,1.0,0.0,0.0,0.0
9448,20.0,259.0,2.0,41.0,0.0,0.0,1.0,138.0,138.0,16.0,16.0,1.0,1.0,2,16.0,0.0,0.0,0.0
2612,15.0,224.0,0.0,20.0,7.0,0.0,0.0,9.0,9.0,2.0,1.0,1.0,1.0,2,1.0,0.0,0.0,0.0
8494,104.0,283.0,1.0,44.0,0.0,26.0,0.0,45.0,45.0,33.0,33.0,2.0,2.0,7,1.0,0.0,0.0,0.0
5365,-1.0,-1.0,-1.0,-1.0,-1.0,-1.0,2.0,29.0,29.0,6.0,6.0,3.0,3.0,10,1.0,2.0,3.0,0.0
2221,3.0,218.0,1.0,12.0,0.0,0.0,0.0,89.0,89.0,31.0,31.0,1.0,1.0,7,12.0,4.0,5.0,0.0
1434,15.0,180.0,1.0,10.0,0.0,0.0,0.0,8.0,7.0,2.0,2.0,1.0,1.0,2,1.0,1.0,1.0,1.0
6628,99.0,457.0,12.0,1399.0,54.0,0.0,1.0,31.0,31.0,11.0,11.0,1.0,1.0,2,2.0,0.0,0.0,0.0
10246,26.700809851224772,298.0,1.0,12.0,0.0,1.0,0.0,21.700809851224772,21.700809851224772,9.401619702449542,9.401619702449542,2.0,2.0,7,1.2991901487752284,0.0,0.0,0.0
2286,75.0,256.0,1.0,36.0,0.0,12.0,0.0,9.0,9.0,3.0,3.0,1.0,1.0,2,1.0,1.0,2.0,0.0
5200,45.0,180.0,1.0,10.0,0.0,0.0,0.0,-1.0,1.0,1.0,1.0,1.0,2.0,2,1.0,0.0,0.0,0.0
1782,2.0,222.0,1.0,15.0,0.0,0.0,0.0,9.0,9.0,3.0,3.0,1.0,1.0,2,1.0,1.0,1.0,1.0
4898,8.0,180.0,1.0,10.0,0.0,0.0,0.0,-1.0,0.0,1.0,1.0,0.0,2.0,2,0.0,0.0,1.0,0.0
2050,138.0,256.0,1.0,73.0,0.0,1.0,0.0,9.0,9.0,3.0,3.0,1.0,1.0,2,1.0,1.0,1.0,1.0
3958,8.0,180.0,1.0,11.0,0.0,0.0,0.0,10.0,10.0,2.0,2.0,1.0,1.0,2,1.0,1.0,1.0,0.0
1350,3.0,180.0,1.0,10.0,0.0,0.0,0.0,4.0,4.0,1.0,1.0,0.0,1.0,1,1.0,1.0,1.0,1.0
7737,73.0,400.0,2.0,338.0,24.0,0.0,1.0,346.0,346.0,39.0,39.0,2.0,2.0,7,4.0,1.0,2.0,0.0
10443,87.88584494014786,283.0,1.0,35.972604461330704,0.0,17.85844940147856,0.0,39.657534820443566,39.657534820443566,36.657534820443566,36.657534820443566,0.0,0.0,7,1.0,0.0,0.0,0.0
3921,-1.0,-1.0,-1.0,-1.0,-1.0,-1.0,2.0,58.0,58.0,8.0,8.0,2.0,2.0,7,2.0,0.0,0.0,0.0
9164,21.0,283.0,1.0,10.0,0.0,1.0,0.0,6.0,6.0,2.0,2.0,1.0,1.0,2,1.0,0.0,0.0,0.0
1737,14.0,394.0,7.0,25.0,13.0,0.0,1.0,9.0,9.0,3.0,3.0,1.0,1.0,2,1.0,1.0,1.0,1.0
10279,52.64738409064854,291.0,1.6078973484414245,94.41046363740581,0.0,2.215794696882849,1.0,29.25528143908997,29.25528143908997,25.647384090648547,25.647384090648547,0.0,0.0,7,1.6078973484414245,0.0,0.0,0.0
6944,74.0,283.0,1.0,21.0,0.0,3.0,0.0,6.0,6.0,2.0,2.0,1.0,1.0,2,1.0,0.0,0.0,0.0
5612,38.0,310.0,8.0,58.0,8.0,0.0,1.0,57.0,57.0,16.0,16.0,2.0,2.0,7,8.0,0.0,0.0,0.0
8902,11.0,229.0,4.0,22.0,0.0,0.0,1.0,21.0,21.0,4.0,4.0,1.0,1.0,2,4.0,0.0,0.0,0.0
1468,16.0,180.0,1.0,10.0,0.0,0.0,0.0,9.0,9.0,2.0,2.0,0.0,1.0,1,1.0,1.0,2.0,0.0
9088,22.0,260.0,1.0,12.0,0.0,1.0,0.0,6.0,6.0,2.0,2.0,1.0,1.0,2,1.0,0.0,0.0,0.0
9040,28.0,298.0,1.0,12.0,0.0,1.0,0.0,33.0,33.0,21.0,21.0,2.0,2.0,7,1.0,0.0,0.0,0.0
10103,205.38602551115494,302.0,25.345851676181084,437.46113556824145,0.11528389206036183,0.0,1.0,104.0,104.0,12.268122812663979,12.268122812663979,2.0,2.0,7,6.979913082513075,0.0,0.0,0.9423580539698191
855,4.0,180.0,1.0,9.0,0.0,0.0,0.0,15.0,15.0,2.0,2.0,1.0,1.0,2,1.0,2.0,3.0,1.0
1780,3.0,180.0,0.0,11.0,0.0,0.0,0.0,9.0,9.0,3.0,3.0,1.0,1.0,2,1.0,1.0,1.0,1.0
4378,7.0,180.0,1.0,8.0,0.0,0.0,0.0,18.0,12.0,4.0,4.0,1.0,1.0,2,2.0,1.0,1.0,0.0
9077,24.0,298.0,1.0,12.0,0.0,1.0,0.0,109.0,109.0,16.0,16.0,2.0,2.0,7,1.0,0.0,0.0,0.0
3306,8.0,180.0,1.0,10.0,0.0,0.0,0.0,41.0,41.0,5.0,5.0,0.0,0.0,2,1.0,0.0,0.0,0.0
8881,115.0,273.0,11.0,107.0,0.0,0.0,1.0,60.0,60.0,47.0,47.0,0.0,0.0,7,11.0,0.0,0.0,0.0
10227,117.45045817623628,283.0,1.0,36.474465461057676,0.0,18.474465461057676,0.0,26.22522908811814,26.22522908811814,14.22522908811814,14.22522908811814,2.0,2.0,7,1.0,0.0,0.0,0.0
3976,399.0,286.0,1.0,93.0,0.0,1.0,1.0,-1.0,-1.0,-1.0,-1.0,-1.0,-1.0,0,-1.0,-1.0,-1.0,-1.0
720,17.0,180.0,1.0,10.0,0.0,0.0,0.0,10.0,10.0,2.0,2.0,1.0,1.0,2,1.0,1.0,2.0,0.0
2931,12.0,180.0,1.0,9.0,0.0,0.0,0.0,35.0,35.0,18.0,18.0,1.0,1.0,2,1.0,5.0,6.0,0.0
540,76.0,352.0,1.0,16.0,7.0,-1.0,2.0,14.0,14.0,2.0,2.0,1.0,1.0,2,1.0,2.0,3.0,1.0
9163,124.0,283.0,1.0,35.0,0.0,17.0,0.0,25.0,25.0,13.0,13.0,2.0,2.0,7,1.0,0.0,0.0,0.0
9391,167.0,226.0,2.0,92.0,0.0,2.0,1.0,33.0,33.0,16.0,16.0,2.0,2.0,7,2.0,0.0,0.0,0.0
7016,59.0,283.0,1.0,23.0,0.0,7.0,0.0,6.0,6.0,2.0,2.0,1.0,1.0,2,1.0,0.0,0.0,0.0
8014,40.0,339.0,2.0,140.0,22.0,1.0,1.0,84.0,84.0,36.0,36.0,3.0,3.0,10,2.0,0.0,0.0,0.0
8252,4.0,352.0,2.0,13.0,15.0,5.0,1.0,12.0,12.0,6.0,6.0,1.0,1.0,2,2.0,0.0,0.0,0.0
5695,58.0,335.0,4.0,37.0,8.0,0.0,1.0,36.0,36.0,10.0,10.0,1.0,1.0,2,4.0,0.0,0.0,0.0
4849,6.0,180.0,1.0,8.0,0.0,0.0,0.0,-1.0,-1.0,-1.0,-1.0,-1.0,-1.0,0,-1.0,-1.0,-1.0,-1.0
3536,566.0,180.0,1.0,127.0,0.0,0.0,1.0,39.0,39.0,11.0,11.0,2.0,2.0,2,1.0,1.0,2.0,0.0
8088,58.0,368.0,3.0,456.0,18.0,0.0,1.0,109.0,109.0,65.0,65.0,0.0,0.0,12,4.0,0.0,0.0,0.0
6622,31.0,298.0,2.0,17.0,0.0,2.0,0.0,12.0,12.0,4.0,4.0,2.0,2.0,7,1.0,0.0,0.0,0.0
327,15.0,224.0,0.0,20.0,7.0,0.0,0.0,24.0,24.0,1.0,1.0,1.0,1.0,2,20.0,1.0,1.0,1.0
6539,83.0,283.0,1.0,34.0,0.0,16.0,0.0,6.0,6.0,2.0,2.0,1.0,1.0,2,1.0,0.0,0.0,0.0
10921,71.27365784645954,407.7988961295064,2.0,336.74290021094464,29.335173117489354,0.0,1.0,92.92744602403407,92.92744602403407,84.0615152710298,84.0615152710298,0.0,0.0,12,3.9329653765021293,0.9329653765021291,0.9329653765021291,0.0
8838,186.0,304.0,3.0,75.0,0.0,0.0,1.0,73.0,73.0,18.0,18.0,2.0,2.0,7,4.0,0.0,0.0,0.0
908,74.0,333.0,1.0,16.0,16.0,-1.0,2.0,12.0,12.0,3.0,3.0,1.0,1.0,2,2.0,1.0,2.0,1.0
581,3.0,220.0,1.0,10.0,0.0,0.0,0.0,19.0,19.0,9.0,9.0,1.0,1.0,2,1.0,0.0,0.0,0.0
9296,28.0,298.0,1.0,12.0,0.0,1.0,0.0,35.0,35.0,23.0,23.0,2.0,2.0,7,1.0,0.0,0.0,0.0
172,3.0,180.0,0.0,8.0,0.0,0.0,0.0,31.0,31.0,8.0,8.0,3.0,3.0,10,2.0,1.0,2.0,0.0
9109,14.0,260.0,1.0,12.0,0.0,1.0,0.0,11.0,11.0,3.0,3.0,2.0,2.0,7,1.0,0.0,0.0,0.0
7836,60.0,398.0,1.0,91.0,29.0,0.0,1.0,168.0,168.0,162.0,162.0,0.0,0.0,10,2.0,0.0,0.0,0.0
3457,37.0,180.0,1.0,11.0,0.0,0.0,0.0,5.0,4.0,1.0,0.0,0.0,0.0,1,1.0,0.0,0.0,1.0
5379,-1.0,-1.0,-1.0,-1.0,-1.0,-1.0,2.0,130.0,125.0,18.0,18.0,2.0,2.0,7,3.0,2.0,3.0,1.0
5269,2.0,180.0,1.0,11.0,0.0,0.0,1.0,21.0,21.0,11.0,11.0,1.0,1.0,2,1.0,5.0,6.0,0.0
3495,41.0,553.0,1.0,107.0,268.0,1.0,1.0,8.0,8.0,2.0,2.0,1.0,1.0,2,1.0,1.0,1.0,1.0
5737,79.0,372.0,6.0,76.0,62.0,0.0,1.0,75.0,75.0,24.0,24.0,2.0,2.0,7,6.0,0.0,0.0,0.0
9004,101.0,305.0,19.0,659.0,17.0,0.0,1.0,44.0,44.0,17.0,17.0,2.0,2.0,7,9.0,0.0,0.0,0.0
9689,23.0,288.0,7.0,128.0,0.0,0.0,1.0,110.0,110.0,36.0,36.0,2.0,2.0,7,33.0,0.0,0.0,0.0
8807,155.0,295.0,40.0,553.0,0.0,0.0,1.0,117.0,117.0,48.0,48.0,2.0,2.0,2,40.0,0.0,0.0,0.0
1430,14.0,224.0,0.0,20.0,7.0,0.0,0.0,8.0,8.0,2.0,2.0,1.0,1.0,2,1.0,1.0,1.0,1.0
5445,34.0,285.0,6.0,74.0,0.0,0.0,1.0,70.0,70.0,36.0,36.0,1.0,1.0,2,6.0,0.0,0.0,0.0
1000,7.0,180.0,0.0,1991.0,0.0,0.0,0.0,13.0,13.0,2.0,2.0,1.0,1.0,2,1.0,2.0,3.0,1.0
1643,17.0,250.0,1.0,15.0,0.0,0.0,0.0,8.0,7.0,2.0,2.0,1.0,1.0,2,1.0,1.0,1.0,1.0
4174,5.0,180.0,1.0,10.0,0.0,0.0,0.0,-1.0,-1.0,-1.0,-1.0,-1.0,-1.0,0,-1.0,-1.0,-1.0,-1.0
1239,17.0,180.0,1.0,10.0,0.0,0.0,0.0,13.0,13.0,3.0,3.0,1.0,1.0,2,2.0,1.0,2.0,1.0
9401,118.0,301.0,16.0,1721.0,24.0,0.0,1.0,357.0,357.0,18.0,18.0,1.0,1.0,2,12.0,0.0,0.0,0.0
49,16.0,180.0,1.0,10.0,0.0,0.0,0.0,19.0,19.0,9.0,9.0,1.0,1.0,2,1.0,0.0,0.0,0.0
2810,2.0,180.0,1.0,11.0,0.0,0.0,1.0,68.0,68.0,54.0,53.0,0.0,0.0,3,3.0,4.0,2.0,0.0
1164,8.0,180.0,1.0,10.0,0.0,0.0,0.0,15.0,15.0,4.0,4.0,1.0,1.0,2,3.0,1.0,2.0,1.0
1779,12.0,286.0,1.0,16.0,2.0,-1.0,2.0,7.0,6.0,2.0,2.0,1.0,1.0,2,1.0,1.0,1.0,1.0
738,37.0,180.0,1.0,11.0,0.0,0.0,0.0,16.0,16.0,4.0,4.0,2.0,2.0,7,1.0,1.0,2.0,1.0
8062,47.0,312.0,7.0,242.0,8.0,1.0,1.0,54.0,54.0,24.0,24.0,4.0,4.0,7,13.0,0.0,0.0,0.0
10362,22.702232883057707,381.3047145225785,1.2119106846776917,14.211910684677692,21.152357261289232,0.0,0.2119106846776917,13.211910684677692,13.211910684677692,2.0,2.0,1.0,1.0,2,1.2119106846776917,0.0,0.0,0.0
1811,15.0,180.0,1.0,10.0,0.0,0.0,0.0,9.0,9.0,1.0,1.0,1.0,1.0,2,1.0,1.0,2.0,1.0
812,7.0,180.0,1.0,10.0,0.0,0.0,0.0,15.0,15.0,4.0,4.0,1.0,1.0,2,3.0,1.0,2.0,1.0
10844,34.77642675601595,517.9307705635056,1.2235732439840499,56.81663008222954,228.37791705147364,0.0,1.0,17.64640134023925,17.64640134023925,6.658560536095701,6.658560536095701,1.7764267560159501,1.7764267560159501,5,1.0,0.0,0.0,0.0
3118,10.0,258.0,1.0,31.0,0.0,0.0,0.0,9.0,9.0,1.0,1.0,1.0,1.0,2,1.0,1.0,2.0,1.0
5263,15.0,180.0,1.0,10.0,0.0,0.0,0.0,14.0,14.0,2.0,2.0,1.0,1.0,2,1.0,2.0,3.0,1.0
8626,292.0,350.0,22.0,429.0,26.0,37.0,1.0,51.0,51.0,8.0,8.0,2.0,2.0,7,4.0,0.0,0.0,0.0
10966,104.5758894809213,283.0,2.0,67.23660106565836,0.0,46.15177896184262,0.0,30.08482210381574,30.08482210381574,6.18750945342033,5.272331557236068,1.0848221038157377,1.0848221038157377,2,1.0,0.0,0.0,0.0
5161,35.0,569.0,3.0,72.0,151.0,0.0,1.0,-1.0,-1.0,-1.0,-1.0,-1.0,-1.0,0,-1.0,-1.0,-1.0,-1.0
6606,82.0,283.0,1.0,31.0,0.0,13.0,0.0,27.0,27.0,15.0,15.0,2.0,2.0,7,1.0,0.0,0.0,0.0
10878,95.08796817676495,355.13144185658643,2.0,853.6926217898837,14.0,0.0,1.0,71.75834271817689,71.75834271817689,64.50556181211793,64.50556181211793,0.0,0.0,11,2.417593635352988,0.0,0.0,0.0
5011,76.0,328.0,1.0,16.0,16.0,-1.0,2.0,-1.0,-1.0,-1.0,-1.0,-1.0,-1.0,0,-1.0,-1.0,-1.0,-1.0
9267,17.0,298.0,1.0,13.0,0.0,1.0,0.0,36.0,36.0,13.0,13.0,2.0,2.0,7,6.0,0.0,0.0,0.0
2013,2048.0,291.0,1.0,27.0,3.0,0.0,0.0,9.0,9.0,3.0,3.0,1.0,1.0,2,1.0,1.0,1.0,1.0
9106,27.0,298.0,1.0,12.0,0.0,1.0,0.0,11.0,11.0,3.0,3.0,2.0,2.0,7,1.0,0.0,0.0,0.0
10008,37.0,337.0,4.0,24.0,17.0,4.0,1.0,9.0,9.0,3.0,3.0,1.0,1.0,2,1.0,1.0,1.0,1.0
4401,9.0,180.0,1.0,9.0,0.0,0.0,0.0,12.0,13.0,5.0,5.0,1.0,1.0,2,1.0,3.0,4.0,0.0
9083,135.0,212.0,1.0,28.0,0.0,0.0,1.0,12.0,12.0,4.0,4.0,2.0,2.0,7,1.0,0.0,0.0,0.0
439,133.0,180.0,1.0,9.0,0.0,0.0,0.0,11.0,11.0,3.0,3.0,1.0,1.0,2,1.0,1.0,2.0,0.0
4550,8.0,180.0,1.0,11.0,0.0,0.0,0.0,-1.0,0.0,-1.0,1.0,11.0,-1.0,19,0.0,-1.0,-1.0,-1.0
7253,75.0,226.0,4.0,318.0,0.0,0.0,1.0,79.0,79.0,39.0,39.0,2.0,2.0,7,4.0,0.0,0.0,0.0
3549,80.0,296.0,1.0,84.0,8.0,1.0,0.0,9.0,9.0,3.0,3.0,1.0,1.0,2,1.0,1.0,1.0,1.0
9395,25.0,283.0,1.0,39.0,0.0,1.0,1.0,17.0,17.0,14.0,14.0,0.0,0.0,7,1.0,0.0,0.0,0.0
1082,11.0,180.0,25.0,46.0,0.0,0.0,0.0,10.0,10.0,3.0,3.0,1.0,1.0,2,1.0,1.0,1.0,1.0
2727,463.0,271.0,1.0,49.0,0.0,1.0,1.0,4.0,4.0,1.0,1.0,1.0,1.0,2,0.0,1.0,1.0,1.0
5784,46.0,335.0,1.0,30.0,8.0,0.0,1.0,29.0,29.0,8.0,8.0,1.0,1.0,2,1.0,0.0,0.0,0.0
6389,87.0,262.0,1.0,21.0,0.0,1.0,0.0,27.0,27.0,15.0,15.0,2.0,2.0,7,1.0,0.0,0.0,0.0
6310,87.0,283.0,1.0,30.0,0.0,12.0,0.0,11.0,11.0,3.0,3.0,2.0,2.0,7,1.0,0.0,0.0,0.0
3256,9.0,180.0,1.0,9.0,0.0,0.0,0.0,57.0,9.0,54.0,54.0,0.0,0.0,2,1.0,0.0,0.0,0.0
10353,61.54551341657746,298.0,2.8383903796197174,21.191951898098587,0.0,2.8383903796197174,0.0,6.0,6.0,2.0,2.0,1.0,1.0,2,1.0,0.0,0.0,0.0
8368,256.0,382.0,2.0,520.0,24.0,0.0,1.0,160.0,160.0,87.0,87.0,2.0,2.0,7,1.0,2.0,3.0,0.0
3378,1.0,180.0,1.0,5.0,0.0,0.0,0.0,6.0,6.0,3.0,3.0,1.0,1.0,2,1.0,1.0,1.0,1.0
10997,131.85949657304684,283.0,1.0,56.70251713476574,0.0,38.70251713476574,0.0,11.702517134765746,11.702517134765746,3.281006853906298,3.281006853906298,2.0,2.0,7,1.140503426953149,0.0,0.0,0.0
8724,285.0,295.0,16.0,1491.0,6.0,44.0,1.0,91.0,91.0,37.0,37.0,2.0,2.0,7,1.0,0.0,0.0,0.0
3255,6.0,201.0,1.0,996.0,0.0,0.0,0.0,8.0,8.0,2.0,2.0,1.0,1.0,2,1.0,1.0,1.0,1.0
8552,262.0,305.0,2.0,534.0,6.0,27.0,1.0,148.0,148.0,95.0,95.0,2.0,2.0,7,2.0,0.0,0.0,0.0
5706,41.0,299.0,2.0,29.0,8.0,0.0,1.0,28.0,28.0,5.0,5.0,1.0,1.0,2,2.0,0.0,0.0,0.0
7618,80.0,360.0,2.0,373.0,29.0,0.0,1.0,69.0,69.0,63.0,63.0,0.0,0.0,10,2.0,0.0,0.0,0.0
5315,17.0,250.0,1.0,15.0,0.0,0.0,0.0,11.0,11.0,3.0,3.0,0.0,1.0,1,1.0,3.0,4.0,0.0
5700,50.0,335.0,2.0,42.0,8.0,0.0,1.0,41.0,41.0,8.0,8.0,1.0,1.0,2,2.0,0.0,0.0,0.0
4475,85.0,275.0,1.0,51.0,3.0,0.0,0.0,-1.0,-1.0,-1.0,-1.0,-1.0,-1.0,0,-1.0,-1.0,-1.0,-1.0
4731,34.0,331.0,2.0,20.0,11.0,2.0,1.0,-1.0,-1.0,-1.0,-1.0,-1.0,-1.0,0,-1.0,-1.0,-1.0,-1.0
9432,253.0,247.0,66.0,269.0,0.0,2.0,1.0,195.0,195.0,56.0,56.0,3.0,3.0,10,50.0,0.0,0.0,0.0
1093,7.0,289.0,1.0,16.0,2.0,-1.0,2.0,11.0,11.0,3.0,3.0,0.0,1.0,1,1.0,3.0,4.0,0.0
8516,157.0,269.0,5.0,30.0,19.0,5.0,0.0,16.0,16.0,5.0,5.0,2.0,2.0,7,1.0,0.0,0.0,0.0
7521,386.0,374.0,2.0,906.0,26.0,0.0,1.0,325.0,325.0,317.0,317.0,0.0,0.0,7,4.0,0.0,0.0,0.0
7402,95.0,332.0,6.0,596.0,16.0,0.0,1.0,64.0,64.0,55.0,55.0,0.0,0.0,10,5.0,0.0,0.0,0.0
5081,709.0,256.0,1.0,412.0,0.0,1.0,0.0,-1.0,-1.0,-1.0,-1.0,-1.0,-1.0,0,-1.0,-1.0,-1.0,-1.0
9790,27.0,285.0,12.0,57.0,0.0,0.0,1.0,56.0,56.0,15.0,15.0,2.0,2.0,7,12.0,0.0,0.0,0.0
8188,344.0,301.0,1.0,13.0,10.0,0.0,0.0,12.0,12.0,5.0,5.0,2.0,2.0,7,1.0,0.0,0.0,0.0
6621,80.0,262.0,1.0,21.0,0.0,1.0,0.0,34.0,34.0,22.0,22.0,2.0,2.0,7,1.0,0.0,0.0,0.0
10778,153.02082536771826,294.5562667277917,14.8249904412619,93.20624761031547,21.02082536771825,0.0,1.0,92.20624761031547,92.20624761031547,19.6083301470873,19.6083301470873,1.0,1.0,2,14.8249904412619,0.0,0.0,0.0
6904,84.0,283.0,1.0,30.0,0.0,12.0,0.0,123.0,123.0,24.0,24.0,2.0,2.0,7,1.0,0.0,0.0,0.0
2337,7.0,250.0,1.0,15.0,0.0,0.0,0.0,9.0,9.0,1.0,1.0,1.0,1.0,2,1.0,1.0,2.0,1.0
4081,9.0,180.0,1.0,216.0,0.0,0.0,0.0,14.0,14.0,-1.0,11.0,11.0,-1.0,19,1.0,-1.0,-1.0,-1.0
5498,83.0,357.0,11.0,282.0,13.0,0.0,1.0,266.0,266.0,55.0,55.0,0.0,0.0,12,22.0,0.0,0.0,0.0
8778,21.0,285.0,3.0,43.0,0.0,0.0,1.0,27.0,27.0,22.0,22.0,0.0,0.0,7,3.0,0.0,0.0,0.0
9533,24.0,288.0,7.0,33.0,0.0,0.0,1.0,37.0,37.0,11.0,11.0,2.0,2.0,7,6.0,0.0,0.0,0.0
10624,27.070723935964246,298.0,1.643092021345252,15.858552128071512,0.0,1.643092021345252,0.0,39.356907978654746,39.356907978654746,36.0,36.0,0.0,0.0,7,1.356907978654748,0.0,0.0,0.0
3503,496.0,270.0,1.0,48.0,0.0,3.0,0.0,8.0,8.0,2.0,2.0,1.0,1.0,2,1.0,1.0,1.0,1.0
5384,164.0,164.0,74.0,74.0,4.0,52.0,2.0,2.0,3.0,0.0,1.0,0.0,0.0,1,0.0,0.0,3.0,-1.0
5069,8.0,180.0,2.0,13.0,0.0,0.0,0.0,14.0,14.0,6.0,6.0,1.0,1.0,2,1.0,3.0,4.0,0.0
7514,67.0,371.0,2.0,566.0,26.0,0.0,1.0,72.0,72.0,63.0,63.0,0.0,0.0,7,5.0,0.0,0.0,0.0
3131,17.0,373.0,8.0,27.0,10.0,0.0,1.0,9.0,9.0,2.0,2.0,0.0,1.0,1,1.0,1.0,2.0,0.0
8710,86.0,465.0,1.0,62.0,60.0,5.0,1.0,62.0,62.0,48.0,48.0,0.0,0.0,7,12.0,0.0,0.0,0.0
4711,76.0,372.0,1.0,16.0,16.0,-1.0,2.0,14.0,14.0,2.0,2.0,1.0,1.0,2,1.0,2.0,3.0,1.0
10759,85.67423725600703,299.2045423536042,23.489898300800938,85.32576274399297,0.0,0.0,1.0,84.32576274399297,84.32576274399297,25.46969490240281,25.46969490240281,1.2449491504004686,1.2449491504004686,3,23.489898300800938,0.0,0.0,0.2449491504004686
6660,74.0,283.0,1.0,25.0,0.0,7.0,0.0,30.0,30.0,18.0,18.0,2.0,2.0,7,1.0,0.0,0.0,0.0
6364,32.0,298.0,1.0,12.0,0.0,1.0,0.0,134.0,134.0,24.0,24.0,2.0,2.0,7,1.0,0.0,0.0,0.0
5391,66.0,453.0,2.0,55.0,62.0,9.0,0.0,54.0,54.0,22.0,22.0,2.0,2.0,7,2.0,0.0,0.0,0.0
2424,6.0,300.0,1.0,15.0,0.0,0.0,0.0,9.0,9.0,2.0,2.0,0.0,1.0,1,1.0,1.0,2.0,0.0
3620,274.0,268.0,1.0,51.0,0.0,2.0,0.0,8.0,8.0,2.0,2.0,1.0,1.0,2,1.0,1.0,1.0,1.0
3586,8.0,246.0,1.0,19.0,0.0,0.0,0.0,8.0,8.0,1.0,1.0,1.0,1.0,2,1.0,0.0,0.0,1.0
6867,78.0,283.0,1.0,31.0,0.0,13.0,0.0,6.0,6.0,2.0,2.0,1.0,1.0,2,1.0,0.0,0.0,0.0
8376,134.0,394.0,3.0,1893.0,29.0,0.0,1.0,85.0,85.0,27.0,27.0,6.0,6.0,10,2.0,1.0,2.0,0.0
6615,88.0,283.0,1.0,23.0,0.0,5.0,0.0,18.0,18.0,3.0,2.0,1.0,1.0,2,1.0,0.0,0.0,0.0
3557,48.0,224.0,0.0,20.0,7.0,0.0,0.0,43.0,43.0,8.0,8.0,4.0,4.0,12,2.0,4.0,6.0,1.0
4827,7.0,239.0,1.0,10.0,8.0,0.0,1.0,-1.0,0.0,1.0,1.0,0.0,2.0,2,0.0,0.0,1.0,0.0
8348,162.0,369.0,4.0,945.0,14.0,0.0,1.0,145.0,145.0,42.0,42.0,2.0,2.0,2,3.0,2.0,3.0,0.0
8019,84.0,397.0,1.0,1116.0,38.0,0.0,1.0,57.0,57.0,52.0,52.0,0.0,0.0,10,1.0,0.0,0.0,0.0
7029,74.0,262.0,1.0,21.0,0.0,1.0,0.0,141.0,141.0,25.0,25.0,3.0,3.0,10,2.0,0.0,0.0,0.0
1781,15.0,224.0,0.0,20.0,7.0,0.0,0.0,9.0,9.0,1.0,1.0,1.0,1.0,2,1.0,2.0,1.0,1.0
8543,104.0,283.0,1.0,50.0,0.0,32.0,0.0,36.0,36.0,33.0,33.0,0.0,0.0,7,1.0,0.0,0.0,0.0
9600,179.0,302.0,31.0,445.0,2.0,0.0,1.0,104.0,104.0,33.0,33.0,2.0,2.0,7,23.0,0.0,0.0,0.0
6703,90.0,262.0,1.0,21.0,0.0,1.0,0.0,41.0,41.0,38.0,38.0,0.0,0.0,7,1.0,0.0,0.0,0.0
8764,151.0,284.0,1.0,125.0,0.0,2.0,1.0,40.0,40.0,35.0,35.0,0.0,0.0,10,1.0,0.0,0.0,0.0
10367,49.16431501628547,495.3427399348581,6.0,451.42406347447405,68.0,0.0,1.0,17.25974845818859,17.25974845818859,13.0,13.0,0.1095433441903122,0.1095433441903122,7,1.1643150162854683,0.0,0.0,0.0
4639,8.0,180.0,2.0,13.0,0.0,0.0,0.0,13.0,13.0,-1.0,2.0,11.0,-1.0,19,1.0,-1.0,-1.0,-1.0
4319,33.0,32550.0,0.0,4.0,0.0,0.0,0.0,22.0,22.0,6.0,6.0,1.0,1.0,1,3.0,2.0,0.0,2.0
3685,-1.0,-1.0,-1.0,-1.0,-1.0,-1.0,2.0,35.0,35.0,11.0,11.0,2.0,2.0,7,1.0,1.0,1.0,0.0
1609,1.0,180.0,1.0,111612.0,0.0,0.0,0.0,9.0,9.0,1.0,1.0,1.0,1.0,2,1.0,1.0,2.0,1.0
1402,11.0,294.0,1.0,10.0,15.0,0.0,1.0,4.0,4.0,1.0,1.0,1.0,1.0,2,0.0,1.0,1.0,1.0
2818,37.0,180.0,1.0,11.0,0.0,0.0,0.0,8.0,8.0,1.0,1.0,1.0,1.0,2,1.0,0.0,0.0,0.0
1872,2.0,195.0,1.0,15.0,0.0,0.0,0.0,9.0,9.0,2.0,2.0,0.0,1.0,1,1.0,1.0,2.0,0.0
6232,86.0,283.0,1.0,28.0,0.0,10.0,0.0,11.0,11.0,3.0,3.0,2.0,2.0,7,1.0,0.0,0.0,0.0
180,2.0,180.0,1.0,10.0,0.0,0.0,0.0,10.0,10.0,3.0,3.0,1.0,1.0,2,1.0,1.0,1.0,1.0
9138,101.0,283.0,1.0,34.0,0.0,16.0,0.0,32.0,32.0,20.0,20.0,2.0,2.0,7,1.0,0.0,0.0,0.0
2173,2.0,256.0,1.0,15.0,0.0,0.0,0.0,9.0,9.0,2.0,2.0,0.0,1.0,2,0.0,1.0,2.0,0.0
7978,87.0,433.0,2.0,747.0,31.0,0.0,1.0,57.0,57.0,48.0,48.0,0.0,0.0,13,3.0,0.0,0.0,0.0
2778,7.0,180.0,1.0,7.0,0.0,0.0,0.0,8.0,8.0,2.0,2.0,1.0,1.0,2,1.0,1.0,2.0,0.0
3884,-1.0,-1.0,-1.0,-1.0,-1.0,-1.0,2.0,68.0,68.0,4.0,4.0,1.0,1.0,2,3.0,0.0,0.0,1.0
8279,1128.0,440.0,41.0,1752.0,32.0,23.0,1.0,-1.0,-1.0,-1.0,-1.0,-1.0,-1.0,0,-1.0,-1.0,-1.0,-1.0
5418,45.0,285.0,8.0,73.0,0.0,0.0,1.0,69.0,69.0,33.0,33.0,1.0,1.0,2,8.0,0.0,0.0,0.0
7279,35.0,513.0,4.0,390.0,73.0,0.0,1.0,46.0,46.0,12.0,12.0,2.0,2.0,7,9.0,0.0,0.0,0.0
6178,67.0,262.0,1.0,21.0,0.0,1.0,0.0,11.0,11.0,3.0,3.0,2.0,2.0,7,1.0,0.0,0.0,0.0
8000,91.0,419.0,3.0,516.0,30.0,0.0,1.0,89.0,89.0,82.0,82.0,0.0,0.0,10,3.0,0.0,0.0,0.0
7695,85.0,376.0,2.0,599.0,29.0,0.0,1.0,172.0,172.0,83.0,83.0,4.0,4.0,12,4.0,0.0,1.0,0.0
3446,40.0,340.0,7.0,27.0,12.0,7.0,1.0,9.0,9.0,2.0,2.0,0.0,1.0,1,1.0,1.0,2.0,0.0
3569,4.0,180.0,1.0,9.0,0.0,0.0,0.0,8.0,8.0,2.0,2.0,1.0,1.0,2,1.0,1.0,1.0,1.0
5071,648.0,226.0,1.0,11.0,0.0,0.0,0.0,-1.0,-1.0,-1.0,-1.0,-1.0,-1.0,0,-1.0,-1.0,-1.0,-1.0
4062,375.0,180.0,2.0,62.0,0.0,0.0,0.0,-1.0,-1.0,-1.0,-1.0,-1.0,-1.0,0,-1.0,-1.0,-1.0,-1.0
9046,28.0,298.0,1.0,12.0,0.0,1.0,0.0,12.0,12.0,4.0,4.0,2.0,2.0,7,1.0,0.0,0.0,0.0
6652,78.0,283.0,1.0,29.0,0.0,11.0,0.0,50.0,50.0,37.0,37.0,2.0,2.0,7,2.0,0.0,0.0,0.0
3279,2.0,180.0,1.0,11.0,0.0,0.0,1.0,4.0,4.0,1.0,1.0,0.0,1.0,1,1.0,1.0,1.0,1.0
8472,169.0,282.0,5.0,58.0,0.0,5.0,1.0,44.0,44.0,10.0,10.0,2.0,2.0,7,4.0,0.0,0.0,0.0
41,8.0,180.0,1.0,10.0,0.0,0.0,0.0,19.0,19.0,9.0,9.0,1.0,1.0,2,1.0,0.0,0.0,0.0
5205,317.0,270.0,11.0,337.0,7.0,0.0,1.0,-1.0,-1.0,-1.0,-1.0,-1.0,-1.0,0,-1.0,-1.0,-1.0,-1.0
10035,1.0,354.63380077017354,1.0,7.0,17.63380077017356,0.0,0.84154980745661,6.0,6.0,1.0,1.0,1.0,1.0,2,1.0,0.0,0.0,0.0
3664,-1.0,-1.0,-1.0,-1.0,-1.0,-1.0,2.0,7.0,7.0,1.0,1.0,1.0,1.0,2,1.0,0.0,0.0,0.0
7335,68.0,248.0,19.0,67.0,10.0,0.0,1.0,70.0,70.0,33.0,33.0,2.0,2.0,7,11.0,0.0,0.0,0.0
8043,63.0,327.0,3.0,197.0,39.0,0.0,1.0,60.0,60.0,21.0,21.0,2.0,2.0,7,4.0,0.0,0.0,0.0
4972,8.0,180.0,1.0,10.0,0.0,0.0,0.0,-1.0,0.0,1.0,1.0,0.0,1.0,2,0.0,0.0,0.0,0.0
2383,9.0,250.0,1.0,15.0,0.0,0.0,0.0,9.0,9.0,2.0,2.0,0.0,1.0,1,1.0,1.0,2.0,0.0
1391,16.0,180.0,1.0,10.0,0.0,0.0,0.0,35.0,35.0,1.0,1.0,1.0,1.0,2,31.0,1.0,1.0,1.0
7127,88.0,262.0,1.0,21.0,0.0,1.0,0.0,46.0,46.0,34.0,34.0,0.0,0.0,10,2.0,0.0,0.0,0.0
4149,45.0,180.0,1.0,25.0,0.0,0.0,0.0,-1.0,-1.0,-1.0,-1.0,-1.0,-1.0,0,-1.0,-1.0,-1.0,-1.0
7730,71.0,448.0,1.0,544.0,30.0,0.0,1.0,73.0,73.0,65.0,65.0,0.0,0.0,10,4.0,0.0,0.0,0.0
10120,23.026388071367855,289.86805964316073,1.513194035683927,45.86805964316073,0.0,1.0,1.0,23.539582107051782,23.539582107051782,20.026388071367855,20.026388071367855,0.0,0.0,7,1.513194035683927,0.0,0.0,0.0
5432,39.0,285.0,7.0,62.0,0.0,0.0,1.0,61.0,61.0,26.0,26.0,2.0,2.0,7,7.0,0.0,0.0,0.0
1863,2.0,218.0,1.0,10.0,0.0,0.0,0.0,8.0,8.0,2.0,2.0,1.0,1.0,2,1.0,1.0,1.0,1.0
1327,2.0,180.0,1.0,9.0,0.0,0.0,0.0,11.0,11.0,2.0,2.0,1.0,1.0,2,2.0,1.0,2.0,0.0
9518,16.0,288.0,3.0,69.0,0.0,0.0,1.0,79.0,79.0,23.0,23.0,2.0,2.0,7,20.0,0.0,0.0,0.0
5351,-1.0,-1.0,-1.0,-1.0,-1.0,-1.0,2.0,22.0,22.0,6.0,6.0,1.0,1.0,1,3.0,2.0,4.0,2.0
9966,74.0,363.0,1.0,16.0,16.0,-1.0,2.0,4.0,4.0,1.0,1.0,0.0,1.0,1,1.0,1.0,1.0,1.0
497,9.0,180.0,1.0,9.0,0.0,0.0,0.0,10.0,10.0,3.0,3.0,1.0,1.0,2,1.0,1.0,1.0,1.0
1801,10.0,180.0,1.0,9.0,0.0,0.0,0.0,9.0,9.0,2.0,2.0,0.0,1.0,1,1.0,2.0,3.0,0.0
10504,81.78904300599729,262.0,1.0,21.0,0.0,1.0,0.0,11.0,11.0,3.0,3.0,2.0,2.0,7,1.0,0.0,0.0,0.0
6100,82.0,283.0,1.0,27.0,0.0,9.0,0.0,9.0,9.0,4.0,4.0,1.0,1.0,2,2.0,0.0,0.0,0.0
7987,47.0,375.0,1.0,163.0,26.0,1.0,1.0,42.0,42.0,31.0,31.0,0.0,0.0,12,6.0,0.0,0.0,0.0
7551,54.0,391.0,2.0,140.0,30.0,0.0,1.0,100.0,100.0,29.0,29.0,2.0,2.0,7,1.0,1.0,2.0,0.0
10182,38.51860776185356,294.4401606428631,4.960107095242034,289.92021419048405,0.0,0.0,1.0,35.880321285726104,35.880321285726104,11.44016064286305,11.44016064286305,2.480053547621017,2.480053547621017,8,6.0,0.0,0.0,0.0
4155,8.0,232.0,4.0,18.0,36.0,0.0,1.0,10.0,10.0,3.0,3.0,1.0,1.0,2,1.0,1.0,1.0,1.0
9039,27.0,260.0,1.0,12.0,0.0,1.0,0.0,30.0,30.0,27.0,27.0,0.0,0.0,7,1.0,0.0,0.0,0.0
5599,34.0,332.0,2.0,104.0,26.0,1.0,1.0,42.0,42.0,15.0,15.0,6.0,6.0,12,4.0,0.0,0.0,0.0
5957,75.0,272.0,1.0,21.0,0.0,1.0,0.0,6.0,6.0,2.0,2.0,1.0,1.0,2,1.0,0.0,0.0,0.0
765,15.0,224.0,0.0,20.0,7.0,0.0,0.0,30.0,30.0,4.0,4.0,1.0,1.0,2,1.0,1.0,2.0,1.0
6578,87.0,262.0,1.0,21.0,0.0,1.0,0.0,104.0,104.0,21.0,21.0,2.0,2.0,7,1.0,0.0,0.0,0.0
5021,9.0,180.0,1.0,9.0,0.0,0.0,0.0,0.0,1.0,1.0,0.0,1.0,1.0,2,0.0,0.0,0.0,0.0
6716,70.0,283.0,1.0,27.0,0.0,9.0,0.0,48.0,48.0,43.0,43.0,0.0,0.0,7,3.0,0.0,0.0,0.0
10849,69.208777750187,389.69374396735066,2.0,270.8050434350753,26.709990347761043,0.0,1.0,94.9837536195896,94.9837536195896,87.66125120652987,87.66125120652987,0.0,0.0,10,3.322502413059739,0.0,0.0,0.0
10378,203.8621406242042,283.4477312560482,30.41399374777171,122.96584687133924,9.1032906267508,0.8275718751591636,1.0,206.55185312356753,206.55185312356753,31.414409368155965,31.414409368155965,1.0,1.0,2,31.06955311847429,0.0,0.0,0.0
3699,-1.0,-1.0,-1.0,-1.0,-1.0,-1.0,2.0,7.0,7.0,1.0,1.0,1.0,1.0,2,1.0,0.0,0.0,0.0
9646,23.0,253.0,12.0,48.0,0.0,0.0,1.0,45.0,45.0,12.0,12.0,2.0,2.0,7,11.0,0.0,0.0,0.0
1274,10.0,258.0,1.0,31.0,0.0,0.0,0.0,14.0,14.0,2.0,2.0,1.0,1.0,2,1.0,2.0,3.0,1.0
9530,21.0,299.0,4.0,30.0,11.0,0.0,1.0,89.0,89.0,36.0,36.0,2.0,2.0,7,24.0,0.0,0.0,0.0
8343,275.0,375.0,3.0,543.0,23.0,17.0,1.0,418.0,418.0,53.0,53.0,4.0,4.0,12,2.0,9.0,10.0,0.0
1032,17.0,252.0,1.0,10.0,5.0,0.0,0.0,30.0,30.0,4.0,4.0,1.0,1.0,2,1.0,1.0,2.0,1.0
2508,2.0,180.0,1.0,11.0,0.0,0.0,1.0,5.0,5.0,1.0,1.0,1.0,1.0,2,1.0,1.0,1.0,0.0
1442,11.0,224.0,0.0,20.0,7.0,0.0,0.0,8.0,8.0,2.0,2.0,1.0,1.0,2,1.0,1.0,1.0,1.0
9178,26.0,298.0,1.0,12.0,0.0,1.0,0.0,11.0,11.0,3.0,3.0,2.0,2.0,7,1.0,0.0,0.0,0.0
3468,8.0,235.0,3.0,16.0,29.0,0.0,1.0,9.0,9.0,3.0,3.0,1.0,1.0,2,1.0,1.0,1.0,1.0
2630,7.0,211.0,1.0,9.0,5.0,0.0,0.0,9.0,9.0,2.0,2.0,0.0,1.0,1,1.0,1.0,2.0,0.0
9799,11.0,229.0,6.0,27.0,0.0,0.0,1.0,28.0,28.0,7.0,7.0,2.0,2.0,7,5.0,0.0,0.0,0.0
4992,79.0,256.0,1.0,96.0,0.0,0.0,1.0,-1.0,0.0,1.0,1.0,0.0,2.0,2,0.0,0.0,0.0,0.0
3434,60.0,365.0,1.0,24.0,18.0,0.0,0.0,9.0,9.0,3.0,3.0,1.0,1.0,2,1.0,1.0,2.0,0.0
10188,45.37006843860625,414.2446890877298,1.6268967543822095,174.49544778948268,33.62993156139375,0.0,1.0,40.74620649123558,40.74620649123558,32.74013687721251,32.74013687721251,0.5015174035057677,0.5015174035057677,11,0.5015174035057677,0.0,0.0,0.0
1400,15.0,224.0,0.0,20.0,7.0,0.0,0.0,9.0,9.0,3.0,3.0,1.0,1.0,2,1.0,1.0,2.0,0.0
6983,70.0,262.0,1.0,21.0,0.0,1.0,0.0,34.0,34.0,22.0,22.0,2.0,2.0,7,1.0,0.0,0.0,0.0
3159,16.0,180.0,1.0,77.0,0.0,0.0,0.0,9.0,9.0,1.0,1.0,1.0,1.0,2,1.0,1.0,2.0,1.0
4686,9.0,180.0,0.0,2.0,0.0,0.0,0.0,22.0,22.0,7.0,7.0,1.0,1.0,2,6.0,1.0,2.0,1.0
2240,-1.0,-1.0,-1.0,-1.0,-1.0,-1.0,2.0,89.0,89.0,31.0,31.0,1.0,1.0,7,12.0,4.0,5.0,0.0
488,10.0,258.0,1.0,31.0,0.0,0.0,0.0,23.0,23.0,7.0,7.0,1.0,1.0,2,3.0,3.0,4.0,1.0
5598,71.0,293.0,8.0,223.0,1.0,3.0,1.0,73.0,73.0,20.0,20.0,2.0,2.0,7,8.0,0.0,0.0,0.0
4183,4.0,180.0,1.0,14.0,0.0,0.0,0.0,25.0,25.0,11.0,11.0,1.0,1.0,1,2.0,0.0,0.0,0.0
521,10.0,256.0,1.0,16.0,0.0,0.0,0.0,10.0,10.0,2.0,2.0,1.0,1.0,2,1.0,1.0,2.0,0.0
8699,152.0,347.0,2.0,111.0,29.0,5.0,1.0,37.0,37.0,33.0,33.0,0.0,0.0,2,2.0,0.0,0.0,0.0
9229,110.0,262.0,1.0,21.0,0.0,1.0,0.0,11.0,11.0,3.0,3.0,2.0,2.0,7,1.0,0.0,0.0,0.0
8790,22.0,285.0,2.0,35.0,0.0,1.0,1.0,19.0,19.0,15.0,15.0,0.0,0.0,7,2.0,0.0,0.0,0.0
4595,4.0,216.0,1.0,28.0,0.0,0.0,0.0,0.0,1.0,1.0,0.0,1.0,1.0,2,0.0,0.0,0.0,0.0
10553,94.63601571926522,449.77250982454075,1.0454980350918481,84.0,16.863505894724454,1.0454980350918481,1.0,6.0,6.0,2.0,2.0,1.0,1.0,2,1.0,0.0,0.0,0.0
8910,26.0,298.0,1.0,13.0,0.0,1.0,0.0,12.0,12.0,4.0,4.0,2.0,2.0,7,1.0,0.0,0.0,0.0
6231,75.0,262.0,1.0,21.0,0.0,1.0,0.0,148.0,148.0,30.0,30.0,3.0,3.0,10,1.0,0.0,0.0,0.0
10688,26.91287814190521,252.27326830598645,12.27326830598646,53.311687868735,0.9837659015512514,0.0,1.0,108.21861464478917,108.21861464478917,31.0,31.0,1.163960983591875,1.163960983591875,2,30.45346338802708,0.0,0.0,0.0
3466,12.0,180.0,1.0,9.0,0.0,0.0,0.0,51.0,51.0,38.0,38.0,1.0,1.0,13,3.0,0.0,0.0,0.0
2224,3.0,218.0,1.0,12.0,0.0,0.0,0.0,8.0,8.0,1.0,1.0,1.0,1.0,2,1.0,0.0,0.0,0.0
6831,86.0,262.0,1.0,21.0,0.0,1.0,0.0,26.0,26.0,14.0,14.0,2.0,2.0,7,1.0,0.0,0.0,0.0
9805,19.0,229.0,10.0,39.0,0.0,0.0,1.0,35.0,35.0,9.0,9.0,1.0,1.0,2,7.0,0.0,0.0,0.0
9424,104.0,288.0,22.0,796.0,0.0,1.0,1.0,239.0,239.0,33.0,33.0,2.0,2.0,7,7.0,0.0,0.0,0.0
8202,1.0,358.0,1.0,9.0,21.0,0.0,0.0,8.0,8.0,1.0,1.0,1.0,1.0,2,1.0,0.0,0.0,0.0
7041,91.0,262.0,1.0,21.0,0.0,1.0,0.0,255.0,255.0,26.0,26.0,2.0,2.0,7,1.0,0.0,0.0,0.0
5087,6.0,180.0,5.0,16.0,0.0,0.0,0.0,-1.0,0.0,1.0,1.0,0.0,2.0,2,0.0,0.0,1.0,0.0
2964,2.0,180.0,0.0,11.0,0.0,0.0,0.0,4.0,4.0,1.0,1.0,0.0,1.0,1,1.0,1.0,1.0,1.0
7628,82.0,360.0,2.0,382.0,29.0,0.0,1.0,53.0,53.0,47.0,47.0,0.0,0.0,10,2.0,0.0,0.0,0.0
1181,15.0,180.0,1.0,10.0,0.0,0.0,0.0,14.0,14.0,6.0,6.0,1.0,1.0,2,1.0,3.0,4.0,0.0
6392,71.0,283.0,1.0,17.0,0.0,1.0,0.0,34.0,34.0,31.0,31.0,0.0,0.0,7,1.0,0.0,0.0,0.0
6981,91.0,283.0,1.0,35.0,0.0,17.0,0.0,16.0,16.0,5.0,5.0,2.0,2.0,7,2.0,0.0,0.0,0.0
5941,82.0,272.0,1.0,21.0,0.0,1.0,0.0,6.0,6.0,2.0,2.0,1.0,1.0,2,1.0,0.0,0.0,0.0
4665,59.0,371.0,1.0,16.0,16.0,-1.0,2.0,14.0,14.0,2.0,2.0,1.0,1.0,2,1.0,2.0,3.0,1.0
4633,9.0,180.0,1.0,9.0,0.0,0.0,0.0,20.0,20.0,7.0,7.0,1.0,1.0,2,1.0,0.0,0.0,1.0
8966,26.0,298.0,1.0,12.0,0.0,1.0,0.0,6.0,6.0,2.0,2.0,1.0,1.0,2,1.0,0.0,0.0,0.0
10197,89.75533783480167,342.61701907825864,2.691490460870686,286.138318756543,19.91490460870686,0.0,1.0,278.65961843482745,278.65961843482745,25.38298092174137,25.38298092174137,2.308509539129314,2.308509539129314,7,3.308509539129314,0.0,0.0,0.0
7283,338.0,382.0,54.0,1780.0,32.0,111.0,1.0,35.0,35.0,12.0,12.0,2.0,2.0,7,5.0,0.0,0.0,0.0
3573,18.0,262.0,1.0,10.0,13.0,0.0,0.0,8.0,8.0,2.0,2.0,1.0,1.0,2,1.0,1.0,1.0,1.0
3366,17.0,258.0,1.0,10.0,7.0,0.0,0.0,8.0,8.0,2.0,2.0,1.0,1.0,2,1.0,1.0,1.0,1.0
4070,463.0,290.0,1.0,1068.0,26.0,2.0,0.0,-1.0,-1.0,-1.0,-1.0,-1.0,-1.0,0,-1.0,-1.0,-1.0,-1.0
2276,9.0,180.0,1.0,9.0,0.0,0.0,0.0,68.0,68.0,51.0,51.0,1.0,1.0,2,1.0,5.0,6.0,0.0
7817,98.0,368.0,4.0,728.0,29.0,0.0,1.0,83.0,83.0,75.0,75.0,0.0,0.0,10,4.0,0.0,0.0,0.0
9798,39.0,229.0,19.0,68.0,0.0,0.0,1.0,92.0,92.0,11.0,11.0,2.0,2.0,7,5.0,0.0,0.0,1.0
1667,2048.0,371.0,1.0,111714.0,16.0,-1.0,2.0,4.0,4.0,1.0,1.0,1.0,1.0,2,0.0,1.0,1.0,1.0
3387,9.0,180.0,1.0,216.0,0.0,0.0,0.0,9.0,9.0,2.0,2.0,0.0,1.0,2,0.0,1.0,2.0,0.0
10388,87.52559975872379,272.0,1.0,21.0,0.0,1.0,0.0,6.0,6.0,2.0,2.0,1.0,1.0,2,1.0,0.0,0.0,0.0
6797,86.0,283.0,1.0,341.0,0.0,1.0,1.0,23.0,23.0,11.0,11.0,2.0,2.0,7,1.0,0.0,0.0,0.0
4672,37.0,180.0,1.0,11.0,0.0,0.0,0.0,13.0,13.0,2.0,2.0,1.0,1.0,2,1.0,2.0,3.0,1.0
9317,115.0,283.0,1.0,39.0,0.0,21.0,0.0,11.0,11.0,3.0,3.0,2.0,2.0,7,1.0,0.0,0.0,0.0
8115,76.0,333.0,20.0,85.0,45.0,1.0,1.0,119.0,119.0,37.0,37.0,2.0,2.0,7,21.0,0.0,0.0,0.0
7197,36.0,305.0,1.0,190.0,6.0,5.0,1.0,130.0,130.0,86.0,86.0,2.0,2.0,7,4.0,0.0,0.0,0.0
7881,99.0,357.0,4.0,314.0,21.0,1.0,1.0,65.0,65.0,58.0,58.0,0.0,0.0,12,3.0,0.0,0.0,0.0
9888,74.0,315.0,1.0,16.0,16.0,-1.0,2.0,8.0,8.0,2.0,2.0,1.0,1.0,2,1.0,1.0,1.0,1.0
688,45.0,180.0,1.0,12.0,0.0,0.0,0.0,10.0,10.0,3.0,3.0,1.0,1.0,2,1.0,1.0,1.0,1.0
7581,95.0,377.0,8.0,665.0,14.0,1.0,1.0,57.0,57.0,50.0,50.0,0.0,0.0,10,3.0,0.0,0.0,0.0
3355,2.0,180.0,1.0,11.0,0.0,0.0,1.0,8.0,7.0,2.0,2.0,1.0,1.0,2,1.0,1.0,1.0,1.0
10631,75.27224245464022,340.82720545475604,2.8586397272621977,430.40312463654266,16.68584518201824,0.0,1.0,145.53400681844505,145.53400681844505,23.0,23.0,2.1413602727378023,2.1413602727378023,7,2.2827205454756045,0.8586397272621978,1.7172794545243957,0.14136027273780216
3673,-1.0,-1.0,-1.0,-1.0,-1.0,-1.0,2.0,35.0,35.0,18.0,18.0,1.0,1.0,2,1.0,5.0,6.0,0.0
10211,64.1370944306147,346.04569814353823,6.72688297033883,408.09032445550827,58.04569814353823,0.0,1.0,34.18064891101649,34.18064891101649,17.590860371292354,17.590860371292354,1.1817207425847076,1.1817207425847076,7,6.317743341631184,0.0,0.0,0.0
5934,74.0,262.0,1.0,21.0,0.0,1.0,0.0,6.0,6.0,2.0,2.0,1.0,1.0,2,1.0,0.0,0.0,0.0
5741,53.0,353.0,1.0,55.0,43.0,0.0,1.0,54.0,54.0,18.0,18.0,2.0,2.0,7,1.0,0.0,0.0,0.0
1677,16.0,251.0,1.0,16.0,1.0,-1.0,2.0,9.0,9.0,2.0,2.0,0.0,1.0,1,1.0,1.0,2.0,0.0
4005,598.0,180.0,7.0,311.0,0.0,-1.0,2.0,-1.0,-1.0,-1.0,-1.0,-1.0,-1.0,0,-1.0,-1.0,-1.0,-1.0
8827,19.0,196.0,2.0,35.0,0.0,0.0,1.0,34.0,34.0,10.0,10.0,2.0,2.0,7,2.0,0.0,0.0,0.0
9455,26.0,293.0,4.0,159.0,0.0,0.0,1.0,34.0,34.0,10.0,10.0,2.0,2.0,7,4.0,0.0,0.0,0.0
1493,14.0,256.0,1.0,16.0,0.0,0.0,0.0,8.0,7.0,2.0,2.0,1.0,1.0,2,1.0,2.0,1.0,1.0
9198,11.0,288.0,1.0,42.0,0.0,0.0,1.0,6.0,6.0,2.0,2.0,1.0,1.0,2,1.0,0.0,0.0,0.0
6210,37.0,323.0,1.0,35.0,26.0,0.0,1.0,30.0,30.0,4.0,4.0,1.0,1.0,2,1.0,0.0,0.0,0.0
1323,828.0,180.0,0.0,9.0,0.0,0.0,0.0,11.0,11.0,2.0,2.0,1.0,1.0,2,2.0,1.0,2.0,0.0
10600,64.76216532641527,229.0,28.88108266320764,101.76216532641527,0.0,0.0,1.0,52.0,52.0,13.720270665801909,13.720270665801909,1.0,1.0,2,12.0,0.0,0.0,0.0
8360,115.0,364.0,2.0,1340.0,30.0,0.0,1.0,385.0,385.0,193.0,193.0,4.0,4.0,7,3.0,2.0,3.0,0.0
7244,98.0,273.0,1.0,176.0,0.0,0.0,1.0,83.0,83.0,77.0,77.0,0.0,0.0,7,4.0,0.0,0.0,0.0
917,14.0,371.0,1.0,16.0,16.0,-1.0,2.0,23.0,23.0,7.0,7.0,1.0,1.0,2,3.0,3.0,4.0,1.0
8923,100.0,283.0,1.0,41.0,0.0,23.0,0.0,40.0,40.0,28.0,28.0,2.0,2.0,7,1.0,0.0,0.0,0.0
10472,102.19967553263518,283.0,1.0,48.719480852216286,0.0,30.719480852216286,0.0,28.839935106527037,28.839935106527037,16.839935106527037,16.839935106527037,2.0,2.0,7,1.0,0.0,0.0,0.0
4608,38.0,338.0,1.0,200006.0,13.0,0.0,1.0,14.0,14.0,2.0,2.0,1.0,1.0,2,1.0,2.0,3.0,1.0
6871,63.0,262.0,1.0,21.0,0.0,1.0,0.0,12.0,12.0,4.0,4.0,2.0,2.0,7,1.0,0.0,0.0,0.0
3541,125.0,278.0,1.0,24.0,0.0,1.0,0.0,8.0,7.0,2.0,2.0,1.0,1.0,2,1.0,1.0,1.0,1.0
3539,6.0,201.0,1.0,996.0,0.0,0.0,0.0,9.0,9.0,3.0,3.0,1.0,1.0,2,1.0,1.0,1.0,1.0
7394,90.0,332.0,5.0,597.0,18.0,0.0,1.0,57.0,57.0,26.0,26.0,0.0,0.0,2,0.0,0.0,0.0,0.0
8018,63.0,421.0,1.0,646.0,39.0,0.0,1.0,126.0,126.0,118.0,118.0,0.0,0.0,10,4.0,0.0,0.0,0.0
3889,47.0,405.0,3.0,61.0,38.0,1.0,1.0,71.0,71.0,10.0,10.0,2.0,2.0,7,4.0,0.0,0.0,0.0
707,306.0,180.0,1.0,9.0,0.0,0.0,0.0,13.0,13.0,2.0,2.0,1.0,1.0,2,1.0,2.0,3.0,1.0
583,4.0,218.0,1.0,10.0,0.0,0.0,0.0,19.0,19.0,9.0,9.0,1.0,1.0,2,1.0,0.0,0.0,0.0
5575,31.0,351.0,2.0,86.0,48.0,0.0,1.0,85.0,85.0,17.0,17.0,2.0,2.0,7,2.0,0.0,0.0,1.0
2633,58.0,180.0,1.0,8.0,0.0,0.0,0.0,9.0,9.0,1.0,1.0,1.0,1.0,2,1.0,1.0,2.0,1.0
4004,51.0,229.0,1.0,33.0,0.0,2.0,1.0,-1.0,-1.0,-1.0,-1.0,-1.0,-1.0,0,-1.0,-1.0,-1.0,-1.0
9062,26.0,298.0,1.0,12.0,0.0,1.0,0.0,21.0,21.0,8.0,8.0,2.0,2.0,7,2.0,0.0,0.0,0.0
10318,88.39319733681985,262.0,1.0,21.0,0.0,1.0,0.0,27.595464891213233,27.595464891213233,15.595464891213231,15.595464891213231,2.0,2.0,7,1.0,0.0,0.0,0.0
10521,111.00704377029868,261.3915474756416,3.202817508119474,39.63662760555316,1.8042262621792111,0.7971824918805259,0.601408754059737,1.7901387215818407,1.7901387215818407,0.19577373782078888,0.19577373782078888,-0.20281750811947408,-0.20281750811947408,0,-0.20281750811947408,-0.601408754059737,-0.601408754059737,-0.601408754059737
390,16.0,180.0,1.0,10.0,0.0,0.0,0.0,13.0,13.0,2.0,2.0,1.0,1.0,2,1.0,2.0,3.0,1.0
9894,78.0,347.0,1.0,16.0,16.0,-1.0,2.0,8.0,8.0,2.0,2.0,1.0,1.0,2,1.0,1.0,1.0,1.0
8623,128.0,429.0,4.0,687.0,19.0,4.0,1.0,61.0,61.0,55.0,55.0,0.0,0.0,10,2.0,0.0,0.0,0.0
5662,89.0,355.0,3.0,262.0,23.0,0.0,1.0,261.0,261.0,24.0,24.0,2.0,2.0,7,3.0,0.0,0.0,0.0
10129,15.376493584793186,229.0,9.623506415206814,36.43525962281022,0.0,0.0,1.0,33.18824679239659,33.18824679239659,8.058766038017033,8.058766038017033,1.8117532076034069,1.8117532076034069,6,5.623506415206814,0.0,0.0,0.0
10637,39.657452438222535,588.8413414707042,5.0,300.20192195296903,98.8197097588676,0.0,1.0,164.88100610302814,164.88100610302814,19.067307317656336,19.067307317656336,2.483173170585916,2.483173170585916,8,2.20793292646479,0.0,0.0,0.0
5279,17.0,180.0,1.0,10.0,0.0,0.0,0.0,18.0,18.0,3.0,3.0,1.0,1.0,2,2.0,2.0,3.0,1.0
10217,342.8041812879312,212.15400583275638,4.0,32.27282162844696,0.0,9.922997083621803,0.09790935603438156,31.27282162844696,31.27282162844696,18.510453219828094,18.510453219828094,1.0,1.0,2,4.0,0.0,0.0,0.09790935603438156
9545,81.0,288.0,12.0,274.0,0.0,0.0,1.0,35.0,35.0,13.0,13.0,2.0,2.0,7,4.0,0.0,0.0,0.0
8885,159.0,282.0,22.0,95.0,27.0,0.0,1.0,94.0,94.0,22.0,22.0,1.0,1.0,2,22.0,0.0,0.0,0.0
7038,80.0,262.0,1.0,21.0,0.0,1.0,0.0,52.0,52.0,20.0,20.0,2.0,2.0,7,9.0,0.0,0.0,0.0
7904,94.0,386.0,2.0,721.0,15.0,0.0,1.0,151.0,151.0,145.0,145.0,0.0,0.0,7,2.0,0.0,0.0,0.0
5685,68.0,389.0,2.0,163.0,58.0,0.0,1.0,162.0,162.0,22.0,22.0,2.0,2.0,7,2.0,0.0,0.0,0.0
4091,9.0,180.0,1.0,9.0,0.0,0.0,0.0,3.0,3.0,0.0,0.0,1.0,1.0,2,0.0,1.0,2.0,0.0
7365,82.0,358.0,2.0,544.0,27.0,0.0,1.0,132.0,132.0,126.0,126.0,0.0,0.0,10,2.0,0.0,0.0,0.0
6245,315.0,365.0,6.0,30.0,39.0,6.0,0.0,12.0,12.0,4.0,4.0,2.0,2.0,7,1.0,0.0,0.0,0.0
1607,16.0,180.0,1.0,10.0,0.0,0.0,0.0,9.0,9.0,3.0,3.0,1.0,1.0,2,1.0,1.0,2.0,0.0
5286,170.0,244.0,1.0,25.0,0.0,1.0,0.0,14.0,14.0,2.0,2.0,1.0,1.0,2,1.0,2.0,3.0,1.0
8004,81.0,390.0,2.0,655.0,23.0,0.0,1.0,749.0,749.0,63.0,63.0,4.0,4.0,10,2.0,0.0,0.0,0.0
5407,34.0,367.0,5.0,156.0,48.0,0.0,1.0,155.0,155.0,12.0,12.0,2.0,2.0,7,5.0,0.0,0.0,1.0
3093,720.0,180.0,1.0,6.0,0.0,0.0,0.0,4.0,4.0,1.0,1.0,0.0,1.0,1,1.0,1.0,1.0,1.0
1808,19.0,240.0,2.0,31.0,14.0,0.0,0.0,9.0,9.0,3.0,3.0,1.0,1.0,2,1.0,1.0,1.0,1.0
6488,76.0,265.0,1.0,21.0,0.0,1.0,0.0,35.0,35.0,32.0,32.0,0.0,0.0,7,1.0,0.0,0.0,0.0
6787,82.0,283.0,1.0,33.0,0.0,15.0,0.0,70.0,70.0,30.0,30.0,2.0,2.0,7,2.0,0.0,0.0,0.0
499,8.0,246.0,1.0,19.0,0.0,0.0,0.0,10.0,10.0,2.0,2.0,1.0,1.0,2,1.0,1.0,2.0,0.0
3684,-1.0,-1.0,-1.0,-1.0,-1.0,-1.0,2.0,39.0,39.0,8.0,8.0,1.0,1.0,2,1.0,0.0,0.0,0.0
7411,70.0,367.0,6.0,466.0,18.0,0.0,1.0,123.0,123.0,82.0,82.0,0.0,0.0,13,7.0,0.0,0.0,0.0
4213,76.0,365.0,1.0,16.0,16.0,-1.0,2.0,-1.0,-1.0,-1.0,-1.0,-1.0,-1.0,0,-1.0,-1.0,-1.0,-1.0
1411,17.0,180.0,1.0,10.0,0.0,0.0,0.0,9.0,9.0,2.0,2.0,0.0,1.0,1,1.0,1.0,2.0,0.0
816,41.0,180.0,1.0,11.0,0.0,0.0,0.0,14.0,13.0,11.0,11.0,0.0,0.0,2,1.0,0.0,1.0,0.0
5412,32.0,334.0,14.0,59.0,0.0,0.0,1.0,58.0,58.0,15.0,15.0,1.0,1.0,2,14.0,0.0,0.0,0.0
3445,38.0,180.0,1.0,11.0,0.0,0.0,0.0,4.0,4.0,1.0,1.0,0.0,1.0,1,1.0,1.0,1.0,1.0
6655,73.0,265.0,1.0,21.0,0.0,1.0,0.0,11.0,11.0,3.0,3.0,2.0,2.0,7,1.0,0.0,0.0,0.0
4605,7.0,180.0,1.0,11.0,0.0,0.0,0.0,15.0,15.0,3.0,3.0,1.0,1.0,2,5.0,1.0,1.0,1.0
4242,37.0,180.0,1.0,11.0,0.0,0.0,0.0,0.0,1.0,1.0,0.0,1.0,1.0,2,0.0,0.0,0.0,0.0
10184,113.45881421126307,376.63704290401955,4.609585711528261,1032.7636070670271,15.523964278820653,0.0,1.0,75.65751426916957,75.65751426916957,52.19870005790651,52.19870005790651,0.6095857115282617,0.6095857115282617,9,2.3904142884717383,0.6095857115282617,0.9143785672923928,0.0
10737,22.869728135382946,279.6082476276969,6.304592203074419,50.34770389846279,8.608247627696898,0.0,1.0,39.86972813538294,39.86972813538294,10.0,10.0,2.0,2.0,7,9.0,0.0,0.0,1.0
5632,33.0,299.0,1.0,21.0,8.0,0.0,1.0,20.0,20.0,4.0,4.0,1.0,1.0,2,1.0,0.0,0.0,0.0
8740,19.0,297.0,5.0,29.0,0.0,0.0,1.0,28.0,28.0,6.0,6.0,1.0,1.0,2,5.0,0.0,0.0,0.0
5826,70.0,273.0,2.0,80.0,0.0,0.0,1.0,44.0,44.0,40.0,40.0,0.0,0.0,7,2.0,0.0,0.0,0.0
4858,414.0,215.0,1.0,210.0,0.0,1.0,0.0,-1.0,-1.0,-1.0,-1.0,-1.0,-1.0,0,-1.0,-1.0,-1.0,-1.0
204,11.0,180.0,1.0,9.0,0.0,0.0,0.0,14.0,14.0,2.0,2.0,1.0,1.0,2,1.0,2.0,3.0,1.0
6918,98.0,283.0,1.0,30.0,0.0,12.0,0.0,12.0,12.0,4.0,4.0,2.0,2.0,7,1.0,0.0,0.0,0.0
3120,4.0,180.0,1.0,8.0,0.0,0.0,0.0,9.0,9.0,2.0,2.0,0.0,1.0,2,0.0,1.0,2.0,0.0
3089,7.0,212.0,1.0,9.0,3.0,0.0,0.0,8.0,8.0,2.0,2.0,1.0,1.0,2,1.0,1.0,1.0,1.0
7984,67.0,377.0,2.0,280.0,30.0,0.0,1.0,52.0,52.0,45.0,45.0,0.0,0.0,12,3.0,0.0,0.0,0.0
6101,71.0,265.0,1.0,21.0,0.0,1.0,0.0,6.0,6.0,2.0,2.0,1.0,1.0,2,1.0,0.0,0.0,0.0
8565,169.0,305.0,4.0,991.0,6.0,60.0,1.0,120.0,120.0,82.0,82.0,2.0,2.0,7,4.0,0.0,0.0,0.0
5548,92.0,277.0,4.0,35.0,0.0,0.0,1.0,34.0,34.0,9.0,9.0,2.0,2.0,7,4.0,0.0,0.0,0.0
2747,7.0,287.0,1.0,16.0,2.0,-1.0,2.0,8.0,8.0,2.0,2.0,1.0,1.0,2,1.0,1.0,1.0,1.0
6448,90.0,272.0,1.0,21.0,0.0,1.0,0.0,143.0,143.0,21.0,21.0,2.0,2.0,7,1.0,0.0,0.0,0.0
1754,13.0,224.0,0.0,20.0,7.0,0.0,0.0,5.0,5.0,1.0,1.0,1.0,1.0,1,1.0,1.0,1.0,0.0
5311,2.0,180.0,1.0,111612.0,0.0,0.0,0.0,26.0,26.0,6.0,6.0,3.0,3.0,10,1.0,2.0,3.0,0.0
1481,12.0,180.0,1.0,8.0,0.0,0.0,0.0,8.0,8.0,2.0,2.0,1.0,1.0,2,1.0,1.0,1.0,1.0
4570,75.0,256.0,1.0,36.0,0.0,12.0,0.0,26.0,25.0,3.0,3.0,1.0,1.0,2,1.0,1.0,2.0,1.0
8006,51.0,358.0,2.0,120.0,22.0,6.0,1.0,280.0,280.0,267.0,267.0,0.0,0.0,12,9.0,0.0,0.0,0.0
6311,33.0,360.0,8.0,60.0,36.0,0.0,1.0,29.0,29.0,17.0,17.0,2.0,2.0,7,1.0,0.0,0.0,0.0
5999,61.0,262.0,1.0,21.0,0.0,1.0,0.0,6.0,6.0,2.0,2.0,1.0,1.0,2,1.0,0.0,0.0,0.0
979,8.0,180.0,1.0,11.0,0.0,0.0,0.0,30.0,30.0,4.0,4.0,1.0,1.0,2,1.0,1.0,2.0,1.0
3528,7.0,296.0,1.0,16.0,2.0,-1.0,2.0,8.0,8.0,2.0,2.0,1.0,1.0,2,1.0,1.0,1.0,1.0
549,9.0,180.0,1.0,9.0,0.0,0.0,0.0,11.0,11.0,4.0,4.0,1.0,1.0,2,1.0,1.0,1.0,1.0
7263,76.0,226.0,3.0,606.0,0.0,29.0,1.0,125.0,125.0,84.0,84.0,2.0,2.0,7,4.0,0.0,0.0,0.0
9839,53.0,299.0,12.0,239.0,11.0,0.0,1.0,264.0,264.0,78.0,78.0,1.0,1.0,2,78.0,0.0,0.0,0.0
10390,77.21677812819681,329.6982718937242,2.3976031245433123,484.44554063367707,11.42157187911019,11.928093736299367,1.0,100.20479375091338,100.20479375091338,93.39760312454331,93.39760312454331,0.0,0.0,8,3.6023968754566877,0.0,0.0,0.0
1425,17.0,180.0,1.0,10.0,0.0,0.0,0.0,7.0,6.0,2.0,1.0,0.0,0.0,1,1.0,1.0,1.0,1.0
2906,400.0,285.0,3.0,127.0,0.0,1.0,0.0,9.0,9.0,2.0,2.0,0.0,1.0,1,1.0,1.0,2.0,0.0
3319,78.0,345.0,1.0,16.0,16.0,-1.0,2.0,6.0,6.0,2.0,2.0,1.0,1.0,2,1.0,0.0,0.0,0.0
8064,77.0,364.0,14.0,502.0,22.0,1.0,1.0,68.0,68.0,17.0,17.0,2.0,2.0,7,7.0,0.0,0.0,0.0
6903,83.0,283.0,2.0,36.0,0.0,14.0,0.0,18.0,18.0,6.0,6.0,2.0,2.0,7,1.0,0.0,0.0,0.0
7195,62.0,326.0,4.0,131.0,36.0,45.0,1.0,86.0,86.0,54.0,54.0,2.0,2.0,7,2.0,0.0,0.0,0.0
1320,828.0,180.0,1.0,9.0,0.0,0.0,0.0,21.0,21.0,6.0,6.0,1.0,1.0,2,1.0,1.0,1.0,1.0
4541,6.0,218.0,1.0,10.0,0.0,0.0,0.0,-1.0,0.0,1.0,1.0,0.0,2.0,2,0.0,0.0,1.0,0.0
10193,160.590827073015,226.0,4.779912939682632,39.89956469841316,0.0,3.2200870603173684,1.0,64.6602611809521,64.6602611809521,33.05021765079342,33.05021765079342,2.0,2.0,7,4.779912939682632,0.0,0.0,0.1949782349206579
4723,4.0,180.0,7.0,18.0,0.0,0.0,0.0,10.0,10.0,2.0,2.0,1.0,1.0,2,1.0,1.0,1.0,0.0
4443,566.0,180.0,1.0,127.0,0.0,0.0,1.0,14.0,14.0,4.0,4.0,1.0,1.0,2,-1.0,1.0,-1.0,-1.0
8533,142.0,283.0,1.0,48.0,0.0,30.0,0.0,11.0,11.0,3.0,3.0,2.0,2.0,7,1.0,0.0,0.0,0.0
6168,92.0,494.0,1.0,97.0,19.0,1.0,1.0,-1.0,-1.0,-1.0,-1.0,-1.0,-1.0,0,-1.0,-1.0,-1.0,-1.0
10143,51.20893618471781,312.7201064156151,4.0,32.60446809235891,23.81340427707671,0.0,1.0,31.604468092358903,31.604468092358903,8.604468092358903,8.604468092358903,1.3022340461794517,1.3022340461794517,3,4.0,0.0,0.0,0.0
4743,7.0,180.0,1.0,8.0,0.0,0.0,0.0,0.0,1.0,1.0,0.0,1.0,1.0,2,0.0,1.0,0.0,0.0
1871,2048.0,263.0,1.0,20.0,0.0,0.0,1.0,9.0,9.0,2.0,2.0,0.0,1.0,1,1.0,1.0,2.0,0.0
9445,137.0,250.0,18.0,232.0,0.0,0.0,1.0,209.0,209.0,25.0,25.0,1.0,1.0,2,24.0,0.0,0.0,0.0
8495,157.0,283.0,1.0,61.0,0.0,43.0,0.0,11.0,11.0,3.0,3.0,2.0,2.0,7,1.0,0.0,0.0,0.0
8099,98.0,419.0,1.0,484.0,33.0,0.0,1.0,58.0,58.0,52.0,52.0,0.0,0.0,10,2.0,0.0,0.0,0.0
6173,78.0,283.0,1.0,25.0,0.0,7.0,0.0,6.0,6.0,2.0,2.0,1.0,1.0,2,1.0,0.0,0.0,0.0
6404,82.0,283.0,1.0,30.0,0.0,12.0,0.0,11.0,11.0,3.0,3.0,2.0,2.0,7,1.0,0.0,0.0,0.0
7071,84.0,262.0,1.0,21.0,0.0,1.0,0.0,28.0,28.0,16.0,16.0,2.0,2.0,7,1.0,0.0,0.0,0.0
4680,46.0,180.0,1.0,11.0,0.0,0.0,0.0,24.0,24.0,8.0,8.0,1.0,1.0,2,7.0,1.0,2.0,1.0
9377,118.0,297.0,2.0,165.0,1.0,2.0,1.0,57.0,57.0,26.0,26.0,2.0,2.0,7,2.0,0.0,0.0,0.0
3045,0.0,180.0,1.0,6.0,0.0,-1.0,2.0,8.0,8.0,2.0,2.0,1.0,1.0,2,1.0,1.0,1.0,1.0
4392,4.0,250.0,1.0,15.0,0.0,0.0,0.0,-1.0,-1.0,-1.0,-1.0,-1.0,-1.0,0,-1.0,-1.0,-1.0,-1.0
7594,88.0,336.0,4.0,451.0,14.0,1.0,1.0,95.0,95.0,88.0,88.0,0.0,0.0,10,3.0,0.0,0.0,0.0
8567,186.0,297.0,1.0,159.0,1.0,3.0,1.0,186.0,186.0,134.0,134.0,2.0,2.0,7,4.0,0.0,0.0,0.0
241,9.0,180.0,1.0,9.0,0.0,0.0,0.0,12.0,12.0,3.0,3.0,1.0,1.0,2,2.0,1.0,2.0,1.0
10361,45.57956037537543,285.0,8.217335140765787,73.07244504692193,0.0,0.0,1.0,69.28978018768771,69.28978018768771,32.565329718468426,32.565329718468426,1.072445046921929,1.072445046921929,2,8.217335140765787,0.0,0.0,0.0
5958,84.0,283.0,1.0,33.0,0.0,15.0,0.0,32.0,32.0,20.0,20.0,2.0,2.0,7,1.0,0.0,0.0,0.0
1479,16.0,180.0,1.0,10.0,0.0,0.0,0.0,4.0,4.0,1.0,1.0,0.0,1.0,1,1.0,1.0,1.0,1.0
9996,78.0,367.0,1.0,16.0,16.0,-1.0,2.0,9.0,9.0,3.0,3.0,1.0,1.0,2,1.0,1.0,1.0,1.0
9239,132.0,297.0,1.0,31.0,0.0,0.0,1.0,25.0,25.0,4.0,4.0,1.0,1.0,2,1.0,0.0,0.0,0.0
786,14.0,256.0,1.0,16.0,0.0,0.0,0.0,15.0,15.0,2.0,2.0,1.0,1.0,2,1.0,2.0,3.0,1.0
8362,250.0,406.0,2.0,103.0,32.0,0.0,1.0,451.0,451.0,201.0,201.0,4.0,4.0,7,3.0,2.0,3.0,0.0
6632,93.0,460.0,1.0,86.0,17.0,1.0,1.0,35.0,35.0,32.0,32.0,0.0,0.0,7,1.0,0.0,0.0,0.0
3266,3.0,180.0,1.0,8.0,0.0,0.0,0.0,9.0,9.0,2.0,2.0,0.0,1.0,1,1.0,1.0,2.0,0.0
677,31.0,180.0,1.0,49.0,0.0,0.0,0.0,14.0,14.0,2.0,2.0,1.0,1.0,2,1.0,2.0,3.0,1.0
896,11.0,258.0,1.0,31.0,0.0,0.0,0.0,10.0,10.0,3.0,3.0,1.0,1.0,2,1.0,1.0,1.0,1.0
1376,11.0,294.0,1.0,10.0,15.0,0.0,1.0,9.0,9.0,3.0,3.0,1.0,1.0,2,1.0,1.0,1.0,1.0
6030,41.0,513.0,6.0,386.0,73.0,0.0,1.0,42.0,42.0,16.0,16.0,2.0,2.0,7,6.0,0.0,0.0,0.0
4573,7.0,180.0,1.0,11.0,0.0,0.0,0.0,-1.0,0.0,1.0,1.0,0.0,2.0,2,0.0,0.0,1.0,0.0
1617,17.0,261.0,1.0,10.0,13.0,0.0,0.0,8.0,8.0,2.0,2.0,1.0,1.0,2,1.0,1.0,1.0,1.0
1895,17.0,248.0,1.0,10.0,12.0,0.0,0.0,9.0,9.0,3.0,3.0,1.0,1.0,2,1.0,1.0,1.0,1.0
2129,15.0,257.0,1.0,16.0,0.0,1.0,0.0,7.0,7.0,1.0,1.0,0.0,1.0,1,0.0,0.0,0.0,0.0
11033,62.2491796963665,262.0,1.0,21.0,0.0,1.0,0.0,30.49835939273299,30.49835939273299,18.49835939273299,18.49835939273299,2.0,2.0,7,1.0,0.0,0.0,0.0
2792,9.0,250.0,1.0,15.0,0.0,0.0,0.0,5.0,5.0,1.0,1.0,1.0,1.0,1,1.0,1.0,1.0,0.0
4716,51.0,555.0,1.0,107.0,270.0,1.0,0.0,-1.0,-1.0,-1.0,-1.0,-1.0,-1.0,0,-1.0,-1.0,-1.0,-1.0
8960,25.0,298.0,1.0,12.0,0.0,1.0,0.0,266.0,266.0,30.0,30.0,3.0,3.0,10,1.0,0.0,0.0,0.0
5754,94.0,377.0,9.0,65.0,67.0,0.0,1.0,64.0,64.0,24.0,24.0,2.0,2.0,7,9.0,0.0,0.0,0.0
6198,83.0,262.0,1.0,21.0,0.0,1.0,0.0,37.0,37.0,8.0,8.0,1.0,1.0,2,6.0,0.0,0.0,0.0
9489,62.0,304.0,3.0,85.0,0.0,0.0,1.0,51.0,51.0,8.0,8.0,2.0,2.0,7,3.0,0.0,0.0,1.0
621,12.0,180.0,1.0,9.0,0.0,0.0,0.0,12.0,12.0,3.0,3.0,1.0,1.0,2,1.0,1.0,2.0,0.0
4773,5.0,218.0,1.0,10.0,0.0,0.0,0.0,26.0,25.0,3.0,3.0,1.0,1.0,2,1.0,1.0,2.0,1.0
670,15.0,224.0,0.0,20.0,7.0,0.0,0.0,14.0,14.0,6.0,6.0,1.0,1.0,2,1.0,3.0,4.0,0.0
11095,359.73535885206223,405.6605023847862,2.7353588520622476,830.8969617219067,26.573755982217868,0.0,1.0,77.79612441392968,77.79612441392968,49.367679426031124,49.367679426031124,2.206076556186743,2.206076556186743,10,2.0,0.0,0.0,0.0
7230,87.0,305.0,4.0,605.0,6.0,41.0,1.0,104.0,104.0,98.0,98.0,0.0,0.0,7,4.0,0.0,0.0,0.0
9774,130.0,299.0,11.0,435.0,3.0,0.0,1.0,244.0,244.0,7.0,7.0,2.0,2.0,7,3.0,0.0,0.0,1.0
6379,80.0,283.0,1.0,41.0,0.0,23.0,0.0,6.0,6.0,2.0,2.0,1.0,1.0,2,1.0,0.0,0.0,0.0
3214,76.0,351.0,1.0,16.0,16.0,-1.0,2.0,9.0,9.0,1.0,1.0,1.0,1.0,2,1.0,1.0,2.0,1.0
681,13.0,180.0,1.0,9.0,0.0,0.0,0.0,17.0,17.0,5.0,5.0,1.0,1.0,2,4.0,1.0,2.0,1.0
4031,60.0,365.0,1.0,24.0,18.0,0.0,0.0,-1.0,0.0,1.0,1.0,0.0,1.0,2,0.0,0.0,1.0,0.0
10152,106.40672964220151,283.0,1.0,52.0,0.0,34.0,0.0,6.0,6.0,2.0,2.0,1.0,1.0,2,1.0,0.0,0.0,0.0
4259,38.0,180.0,1.0,11.0,0.0,0.0,0.0,10.0,10.0,3.0,3.0,1.0,1.0,2,1.0,1.0,1.0,1.0
6046,85.0,283.0,1.0,32.0,0.0,14.0,0.0,31.0,31.0,19.0,19.0,2.0,2.0,7,1.0,0.0,0.0,0.0
1645,2048.0,309.0,1.0,10.0,24.0,0.0,1.0,9.0,9.0,3.0,3.0,1.0,1.0,2,1.0,1.0,1.0,1.0
10725,27.070598242488334,298.0,1.0,12.0,0.0,1.0,0.0,25.929401757511666,25.929401757511666,13.929401757511666,13.929401757511666,2.0,2.0,7,1.0,0.0,0.0,0.0
4831,38.0,338.0,1.0,200006.0,13.0,0.0,0.0,-1.0,0.0,1.0,1.0,0.0,2.0,2,0.0,0.0,0.0,0.0
4632,62.0,180.0,1.0,77.0,0.0,0.0,0.0,0.0,1.0,1.0,0.0,1.0,1.0,2,0.0,0.0,0.0,0.0
10829,28.197610274718322,260.0,1.0,12.0,0.0,1.0,0.0,26.29940256867958,26.29940256867958,14.29940256867958,14.29940256867958,2.0,2.0,7,1.0,0.0,0.0,0.0
1585,2.0,180.0,1.0,111612.0,0.0,0.0,0.0,9.0,9.0,2.0,2.0,0.0,1.0,1,1.0,2.0,3.0,0.0
10654,74.39304057649841,365.13101352549944,2.0,340.6550676274973,16.13101352549947,0.0,1.0,66.82087827050479,66.82087827050479,60.82087827050479,60.82087827050479,0.0,0.0,10,2.0,0.0,0.0,0.0
10155,24.631476477626123,252.07370470447478,6.073704704474775,35.0,0.0,0.0,1.0,31.631476477626123,31.631476477626123,7.926295295525225,7.926295295525225,2.0,2.0,7,6.926295295525225,0.0,0.0,0.0
8084,90.0,357.0,9.0,1344.0,16.0,0.0,1.0,122.0,122.0,111.0,111.0,0.0,0.0,7,9.0,0.0,0.0,0.0
1349,2.0,180.0,1.0,10.0,0.0,0.0,0.0,4.0,4.0,1.0,1.0,0.0,1.0,1,1.0,1.0,1.0,1.0
7221,81.0,305.0,3.0,498.0,6.0,27.0,1.0,44.0,44.0,12.0,12.0,2.0,2.0,7,5.0,0.0,0.0,0.0
866,10.0,180.0,22.0,36.0,0.0,0.0,0.0,10.0,10.0,3.0,3.0,1.0,1.0,2,1.0,1.0,1.0,1.0
10210,54.77823211884187,310.77823211884186,4.511292847536748,53.26693927130512,19.334696356525612,0.0,1.0,52.26693927130512,52.26693927130512,17.511292847536748,17.511292847536748,2.0,2.0,7,4.511292847536748,0.0,0.0,0.0
2799,10.0,382.0,4.0,18.0,10.0,0.0,1.0,8.0,8.0,2.0,2.0,1.0,1.0,2,1.0,1.0,1.0,1.0
10974,92.28443689967065,283.0,1.0,31.0,0.0,13.0,0.0,6.0,6.0,2.0,2.0,1.0,1.0,2,1.0,0.0,0.0,0.0
915,16.0,240.0,2.0,31.0,14.0,0.0,0.0,10.0,10.0,3.0,3.0,1.0,1.0,2,1.0,1.0,1.0,1.0
1767,23.0,277.0,1.0,26.0,0.0,0.0,0.0,8.0,8.0,2.0,2.0,1.0,1.0,2,1.0,1.0,1.0,1.0
4294,8.0,180.0,2.0,13.0,0.0,0.0,0.0,14.0,14.0,11.0,11.0,0.0,0.0,7,1.0,0.0,0.0,0.0
6561,35.0,298.0,1.0,12.0,0.0,1.0,0.0,41.0,41.0,29.0,29.0,2.0,2.0,7,1.0,0.0,0.0,0.0
11107,56.112943031192195,379.8870569688078,1.7782357577980488,41.5564715155961,69.8870569688078,0.0,1.0,40.5564715155961,40.5564715155961,16.77823575779805,16.77823575779805,2.0,2.0,7,1.7782357577980488,0.0,0.0,0.0
5703,51.0,335.0,2.0,36.0,8.0,0.0,1.0,35.0,35.0,8.0,8.0,1.0,1.0,2,2.0,0.0,0.0,0.0
6191,88.0,283.0,1.0,32.0,0.0,14.0,0.0,11.0,11.0,3.0,3.0,2.0,2.0,7,1.0,0.0,0.0,0.0
14,12.0,288.0,1.0,16.0,2.0,-1.0,2.0,10.0,10.0,2.0,2.0,1.0,1.0,2,1.0,1.0,2.0,0.0
8265,11.0,365.0,2.0,10.0,13.0,0.0,1.0,9.0,9.0,2.0,2.0,1.0,1.0,2,2.0,0.0,0.0,0.0
7975,74.0,413.0,2.0,440.0,29.0,0.0,1.0,39.0,39.0,33.0,33.0,0.0,0.0,10,2.0,0.0,0.0,0.0
7772,82.0,345.0,2.0,511.0,14.0,0.0,1.0,118.0,118.0,112.0,112.0,0.0,0.0,10,2.0,0.0,0.0,0.0
6517,37.0,260.0,1.0,12.0,0.0,1.0,0.0,11.0,11.0,3.0,3.0,2.0,2.0,7,1.0,0.0,0.0,0.0
7410,71.0,334.0,6.0,409.0,16.0,0.0,1.0,145.0,145.0,135.0,135.0,0.0,0.0,10,6.0,0.0,0.0,0.0
5893,56.0,319.0,2.0,28.0,28.0,0.0,1.0,27.0,27.0,8.0,8.0,2.0,2.0,7,2.0,0.0,0.0,0.0
9082,27.0,260.0,1.0,12.0,0.0,1.0,0.0,6.0,6.0,2.0,2.0,1.0,1.0,2,1.0,0.0,0.0,0.0
7206,53.0,226.0,6.0,71.0,0.0,6.0,1.0,157.0,157.0,109.0,109.0,2.0,2.0,7,3.0,0.0,0.0,0.0
7693,90.0,428.0,3.0,275.0,24.0,0.0,1.0,65.0,65.0,58.0,58.0,0.0,0.0,10,3.0,0.0,0.0,0.0
5602,81.0,384.0,16.0,474.0,36.0,0.0,1.0,70.0,70.0,29.0,29.0,6.0,6.0,12,17.0,0.0,0.0,0.0
835,15.0,256.0,1.0,16.0,0.0,0.0,0.0,11.0,11.0,3.0,3.0,0.0,1.0,1,1.0,3.0,4.0,0.0
10142,82.79714049979827,262.0,1.0,21.0,0.0,1.0,0.0,11.0,11.0,3.0,3.0,2.0,2.0,7,1.0,0.0,0.0,0.0
1744,2048.0,201.0,1.0,996.0,0.0,0.0,0.0,8.0,8.0,2.0,2.0,1.0,1.0,2,1.0,1.0,1.0,1.0
4263,9.0,180.0,1.0,9.0,0.0,0.0,0.0,11.0,11.0,2.0,2.0,2.0,2.0,2,1.0,2.0,3.0,0.0
1194,5.0,218.0,1.0,10.0,0.0,0.0,0.0,15.0,15.0,2.0,2.0,1.0,1.0,2,1.0,1.0,2.0,0.0
8783,19.0,285.0,2.0,51.0,0.0,1.0,1.0,22.0,22.0,21.0,21.0,0.0,0.0,2,0.0,0.0,0.0,0.0
1698,3.0,250.0,1.0,15.0,0.0,0.0,0.0,8.0,8.0,2.0,2.0,1.0,1.0,2,1.0,1.0,1.0,1.0
9628,48.0,293.0,4.0,45.0,14.0,0.0,1.0,29.0,29.0,9.0,9.0,2.0,2.0,7,3.0,0.0,0.0,0.0
2476,8.0,232.0,4.0,18.0,36.0,0.0,1.0,9.0,9.0,2.0,2.0,0.0,1.0,1,1.0,2.0,3.0,0.0
8981,28.0,260.0,1.0,12.0,0.0,1.0,0.0,11.0,11.0,3.0,3.0,2.0,2.0,7,1.0,0.0,0.0,0.0
8128,47.0,507.0,7.0,228.0,70.0,0.0,1.0,-1.0,-1.0,-1.0,-1.0,-1.0,-1.0,0,-1.0,-1.0,-1.0,-1.0
6851,37.0,298.0,1.0,12.0,0.0,1.0,0.0,43.0,43.0,14.0,14.0,2.0,2.0,7,5.0,0.0,0.0,0.0
6286,376.0,282.0,13.0,116.0,0.0,13.0,1.0,100.0,100.0,26.0,26.0,2.0,2.0,7,12.0,0.0,0.0,0.0
4466,400.0,285.0,3.0,127.0,0.0,1.0,0.0,-1.0,-1.0,-1.0,-1.0,-1.0,-1.0,0,-1.0,-1.0,-1.0,-1.0
8677,284.0,365.0,8.0,448.0,31.0,6.0,1.0,381.0,381.0,125.0,125.0,2.0,2.0,7,29.0,0.0,0.0,0.0
8323,107.0,356.0,4.0,925.0,14.0,0.0,1.0,1114.0,1114.0,295.0,295.0,5.0,5.0,13,3.0,2.0,2.0,0.0
10032,64.89902578346832,335.7068195157218,3.69707735040495,57.524355413292085,8.0,0.0,1.0,53.69707735040495,53.69707735040495,13.504871082658417,13.504871082658417,1.3029226495950499,1.3029226495950499,3,3.7980515669366337,0.0,0.0,0.10097421653168326
4616,77.0,308.0,1.0,16.0,16.0,-1.0,2.0,-1.0,-1.0,-1.0,-1.0,-1.0,-1.0,0,-1.0,-1.0,-1.0,-1.0
2454,4.0,250.0,1.0,15.0,0.0,0.0,0.0,9.0,9.0,1.0,1.0,1.0,1.0,2,1.0,1.0,2.0,1.0
2281,5.0,223.0,1.0,15.0,0.0,0.0,0.0,9.0,9.0,3.0,3.0,1.0,1.0,2,1.0,1.0,2.0,0.0
1943,16.0,180.0,1.0,10.0,0.0,0.0,0.0,35.0,35.0,18.0,18.0,1.0,1.0,2,1.0,5.0,6.0,0.0
2816,15.0,180.0,1.0,10.0,0.0,0.0,0.0,59.0,59.0,40.0,40.0,1.0,1.0,13,3.0,0.0,0.0,0.0
947,7.0,234.0,1.0,10.0,7.0,0.0,0.0,10.0,10.0,3.0,3.0,1.0,1.0,2,1.0,1.0,1.0,1.0
7215,50.0,226.0,2.0,194.0,0.0,0.0,1.0,190.0,190.0,81.0,81.0,2.0,2.0,2,4.0,0.0,0.0,0.0
6949,85.0,283.0,1.0,34.0,0.0,16.0,0.0,6.0,6.0,2.0,2.0,1.0,1.0,2,1.0,0.0,0.0,0.0
6079,75.0,262.0,1.0,21.0,0.0,1.0,0.0,17.0,17.0,3.0,3.0,1.0,1.0,2,1.0,0.0,0.0,0.0
1489,3.0,180.0,0.0,8.0,0.0,0.0,0.0,34.0,34.0,12.0,12.0,4.0,4.0,12,2.0,2.0,2.0,0.0
8984,21.0,298.0,1.0,12.0,0.0,1.0,0.0,31.0,31.0,19.0,19.0,2.0,2.0,7,1.0,1.0,0.0,0.0
1096,17.0,250.0,1.0,15.0,0.0,0.0,0.0,25.0,25.0,17.0,17.0,0.0,0.0,10,1.0,1.0,2.0,0.0
10511,34.64216646988653,288.0,12.761444313257691,177.0180539157211,0.0,0.0,1.0,225.5626479076391,225.5626479076391,70.07350059034039,70.07350059034039,2.0,2.0,7,65.83494490359809,0.0,0.0,0.0
8953,10.0,260.0,1.0,12.0,0.0,1.0,0.0,6.0,6.0,2.0,2.0,1.0,1.0,2,1.0,0.0,0.0,0.0
2824,11.0,258.0,1.0,31.0,0.0,0.0,0.0,9.0,9.0,3.0,3.0,1.0,1.0,2,1.0,1.0,2.0,0.0
8702,97.0,379.0,18.0,94.0,25.0,3.0,1.0,101.0,101.0,90.0,90.0,0.0,0.0,2,8.0,0.0,0.0,1.0
8638,387.0,348.0,33.0,345.0,35.0,3.0,1.0,345.0,345.0,53.0,53.0,2.0,2.0,7,33.0,0.0,0.0,0.0
1359,250.0,180.0,1.0,9.0,0.0,0.0,0.0,8.0,8.0,1.0,1.0,1.0,1.0,2,1.0,0.0,0.0,1.0
5203,377.0,262.0,46.0,191.0,0.0,0.0,1.0,10.0,10.0,2.0,2.0,1.0,1.0,2,1.0,1.0,1.0,1.0
8725,233.0,420.0,14.0,365.0,32.0,33.0,1.0,48.0,48.0,19.0,19.0,2.0,2.0,7,7.0,0.0,0.0,0.0
9289,26.0,298.0,2.0,18.0,0.0,2.0,0.0,39.0,39.0,36.0,36.0,0.0,0.0,7,1.0,0.0,0.0,0.0
3252,18.0,266.0,1.0,12.0,0.0,1.0,0.0,9.0,9.0,2.0,2.0,0.0,1.0,1,1.0,1.0,2.0,0.0
6298,83.0,272.0,1.0,21.0,0.0,1.0,0.0,11.0,11.0,3.0,3.0,2.0,2.0,7,1.0,0.0,0.0,0.0
6264,78.0,283.0,1.0,25.0,0.0,7.0,0.0,28.0,28.0,16.0,16.0,2.0,2.0,7,1.0,0.0,0.0,0.0
2668,8.0,180.0,1.0,11.0,0.0,0.0,0.0,4.0,4.0,1.0,1.0,0.0,1.0,1,1.0,1.0,1.0,1.0
10931,26.660006041807662,298.0,1.0,12.0,0.0,1.0,0.0,36.33999395819234,35.453325277589784,22.546674722410216,22.546674722410216,2.1133313193974455,2.1133313193974455,7,1.3399939581923368,0.0,0.0,0.0
10758,40.70896611995582,348.89302635114547,5.203984942202585,155.2039849422026,48.0,0.0,1.0,154.2039849422026,154.2039849422026,19.60199247110129,19.60199247110129,2.0,2.0,7,5.203984942202585,0.0,0.0,1.0
6317,95.0,262.0,1.0,21.0,0.0,1.0,0.0,11.0,11.0,3.0,3.0,2.0,2.0,7,1.0,0.0,0.0,0.0
9871,73.0,371.0,1.0,16.0,16.0,-1.0,2.0,8.0,8.0,2.0,2.0,1.0,1.0,2,1.0,1.0,1.0,1.0
7809,75.0,378.0,2.0,321.0,31.0,0.0,1.0,222.0,222.0,108.0,108.0,3.0,3.0,10,2.0,1.0,2.0,0.0
11005,84.12779998163428,283.0,1.0,37.851119992653715,0.0,19.851119992653715,0.0,36.851119992653715,36.851119992653715,24.851119992653715,24.851119992653715,2.0,2.0,7,1.0,0.0,0.0,0.0
4710,77.0,360.0,1.0,16.0,16.0,-1.0,2.0,-1.0,0.0,1.0,1.0,0.0,1.0,2,0.0,0.0,1.0,0.0
3855,33.0,480.0,3.0,70.0,58.0,0.0,1.0,70.0,70.0,4.0,4.0,1.0,1.0,2,3.0,0.0,0.0,1.0
3602,94.0,180.0,1.0,9.0,0.0,0.0,0.0,5.0,5.0,2.0,2.0,1.0,1.0,2,1.0,1.0,1.0,1.0
5535,34.0,319.0,12.0,61.0,36.0,0.0,1.0,60.0,60.0,15.0,15.0,2.0,2.0,7,12.0,0.0,0.0,0.0
5098,6.0,204.0,1.0,9.0,0.0,0.0,0.0,11.0,11.0,3.0,3.0,1.0,1.0,2,1.0,0.0,0.0,0.0
8449,243.0,265.0,6.0,36.0,0.0,6.0,0.0,11.0,11.0,3.0,3.0,2.0,2.0,7,1.0,0.0,0.0,0.0
9678,21.0,291.0,5.0,80.0,3.0,0.0,1.0,38.0,38.0,16.0,16.0,2.0,2.0,7,11.0,0.0,0.0,0.0
8131,48.0,594.0,4.0,246.0,94.0,0.0,1.0,41.0,41.0,13.0,13.0,2.0,2.0,7,2.0,0.0,0.0,0.0
1688,13.0,224.0,0.0,20.0,7.0,0.0,0.0,6.0,6.0,1.0,1.0,1.0,1.0,2,1.0,1.0,2.0,0.0
4776,6.0,180.0,3.0,16.0,0.0,0.0,0.0,19.0,19.0,9.0,9.0,1.0,1.0,2,1.0,0.0,0.0,0.0
9770,14.0,289.0,6.0,35.0,0.0,0.0,1.0,26.0,26.0,6.0,6.0,2.0,2.0,7,4.0,0.0,0.0,1.0
160,14.0,224.0,0.0,20.0,7.0,0.0,0.0,13.0,13.0,3.0,3.0,1.0,1.0,2,2.0,1.0,2.0,1.0
9695,14.0,229.0,8.0,39.0,0.0,0.0,1.0,52.0,52.0,14.0,14.0,1.0,1.0,2,14.0,0.0,0.0,0.0
8016,42.0,405.0,2.0,259.0,29.0,0.0,1.0,191.0,191.0,184.0,184.0,0.0,0.0,10,3.0,0.0,0.0,0.0
2679,51.0,307.0,1.0,30.0,33.0,1.0,1.0,9.0,9.0,3.0,3.0,1.0,1.0,2,1.0,1.0,1.0,1.0
1551,10.0,296.0,1.0,10.0,16.0,0.0,1.0,9.0,9.0,3.0,3.0,1.0,1.0,2,1.0,1.0,1.0,1.0
6421,96.0,283.0,1.0,50.0,0.0,32.0,0.0,6.0,6.0,2.0,2.0,1.0,1.0,2,1.0,0.0,0.0,0.0
10666,24.27531545611483,298.0,1.0,12.0,0.0,1.0,0.0,37.348107263311036,37.348107263311036,19.550630912229657,19.550630912229657,2.7246845438851723,2.7246845438851723,9,3.1740536316555166,0.0,0.0,0.0
9727,320.0,252.0,132.0,444.0,0.0,0.0,1.0,58.0,58.0,16.0,16.0,2.0,2.0,7,15.0,0.0,0.0,0.0
6125,81.0,272.0,1.0,21.0,0.0,1.0,0.0,11.0,11.0,3.0,3.0,2.0,2.0,7,1.0,0.0,0.0,0.0
8112,40.0,295.0,2.0,889.0,0.0,0.0,1.0,104.0,104.0,50.0,50.0,1.0,1.0,2,42.0,0.0,0.0,0.0
2225,2.0,180.0,1.0,9.0,0.0,0.0,0.0,9.0,8.0,1.0,2.0,1.0,1.0,2,1.0,1.0,1.0,1.0
2153,11.0,180.0,5.0,88.0,0.0,0.0,1.0,9.0,9.0,2.0,2.0,0.0,1.0,2,0.0,1.0,2.0,0.0
8894,15.0,294.0,6.0,31.0,11.0,0.0,1.0,30.0,30.0,7.0,7.0,2.0,2.0,7,6.0,0.0,0.0,1.0
4459,9.0,180.0,1.0,18.0,0.0,0.0,0.0,-1.0,0.0,1.0,1.0,0.0,2.0,2,0.0,0.0,1.0,0.0
7453,88.0,421.0,2.0,597.0,29.0,0.0,1.0,213.0,213.0,108.0,108.0,2.0,2.0,7,3.0,0.0,1.0,0.0
6455,80.0,262.0,1.0,21.0,0.0,1.0,0.0,34.0,34.0,31.0,31.0,0.0,0.0,7,1.0,0.0,0.0,0.0
6429,89.0,283.0,1.0,29.0,0.0,11.0,0.0,11.0,11.0,3.0,3.0,2.0,2.0,7,1.0,0.0,0.0,0.0
614,15.0,180.0,1.0,10.0,0.0,0.0,0.0,11.0,11.0,3.0,3.0,0.0,1.0,1,1.0,3.0,4.0,0.0
4187,8.0,180.0,31.0,70.0,0.0,0.0,0.0,15.0,15.0,2.0,2.0,1.0,1.0,2,1.0,1.0,2.0,0.0
5740,53.0,376.0,1.0,35.0,66.0,0.0,1.0,34.0,34.0,15.0,15.0,2.0,2.0,7,1.0,0.0,0.0,0.0
3837,-1.0,-1.0,-1.0,-1.0,-1.0,-1.0,2.0,38.0,38.0,12.0,12.0,1.0,1.0,2,1.0,1.0,1.0,1.0
10288,80.32010771475328,283.0,1.0,29.68981149918177,0.0,11.689811499181767,0.0,116.32010771475328,116.32010771475328,26.679892285246723,26.679892285246723,2.0,2.0,7,9.039676855740172,0.669973071311681,0.0,0.0
3970,95.0,180.0,1.0,9.0,0.0,0.0,0.0,10.0,10.0,3.0,3.0,1.0,1.0,2,1.0,1.0,1.0,1.0
6060,86.0,272.0,1.0,21.0,0.0,1.0,0.0,-1.0,-1.0,-1.0,-1.0,-1.0,-1.0,0,-1.0,-1.0,-1.0,-1.0
9853,211.0,289.0,2.0,138.0,0.0,2.0,1.0,42.0,42.0,10.0,10.0,4.0,4.0,7,2.0,0.0,0.0,0.0
7062,96.0,262.0,1.0,21.0,0.0,1.0,0.0,57.0,57.0,35.0,35.0,4.0,4.0,10,6.0,0.0,0.0,0.0
4690,5.0,180.0,1.0,14.0,0.0,0.0,0.0,-1.0,-1.0,-1.0,-1.0,-1.0,-1.0,0,-1.0,-1.0,-1.0,-1.0
6497,80.0,283.0,1.0,31.0,0.0,13.0,0.0,9.0,9.0,4.0,4.0,1.0,1.0,2,2.0,0.0,0.0,0.0
11007,96.0,412.0,2.0,800.0,30.0,0.0,1.0,110.76508012605821,110.76508012605821,32.69796016207484,32.69796016207484,2.0335599819916843,2.0335599819916843,2,2.0,2.0,3.0,0.0
8334,100.0,363.0,2.0,381.0,26.0,0.0,1.0,91.0,91.0,29.0,29.0,2.0,2.0,2,1.0,2.0,3.0,0.0
8135,80.0,398.0,17.0,313.0,43.0,0.0,1.0,229.0,229.0,15.0,15.0,2.0,2.0,7,2.0,0.0,0.0,1.0
258,7.0,180.0,1.0,10.0,0.0,0.0,0.0,19.0,19.0,9.0,9.0,1.0,1.0,2,1.0,0.0,0.0,0.0
1496,14.0,256.0,1.0,16.0,0.0,0.0,0.0,8.0,8.0,2.0,2.0,1.0,1.0,2,1.0,1.0,1.0,1.0
7963,94.0,367.0,2.0,486.0,21.0,0.0,1.0,54.0,54.0,48.0,48.0,0.0,0.0,10,2.0,0.0,0.0,0.0
6376,94.0,283.0,1.0,41.0,0.0,23.0,0.0,162.0,162.0,28.0,28.0,3.0,3.0,10,1.0,0.0,0.0,0.0
6471,89.0,283.0,1.0,25.0,0.0,7.0,0.0,26.0,26.0,14.0,14.0,2.0,2.0,7,1.0,0.0,0.0,0.0
8841,144.0,304.0,2.0,93.0,0.0,0.0,1.0,92.0,92.0,19.0,19.0,2.0,2.0,7,3.0,0.0,0.0,0.0
2323,36.0,248.0,1.0,10.0,7.0,0.0,0.0,9.0,9.0,3.0,3.0,1.0,1.0,2,1.0,1.0,2.0,0.0
7186,67.0,226.0,2.0,482.0,0.0,26.0,1.0,112.0,112.0,73.0,73.0,2.0,2.0,7,2.0,0.0,0.0,0.0
7820,88.0,412.0,3.0,525.0,27.0,0.0,1.0,56.0,56.0,49.0,49.0,0.0,0.0,12,3.0,0.0,0.0,0.0
3007,68.0,281.0,1.0,23.0,1.0,1.0,0.0,39.0,39.0,24.0,24.0,0.0,0.0,2,0.0,0.0,0.0,0.0
7225,35.0,315.0,1.0,232.0,22.0,10.0,1.0,47.0,47.0,20.0,20.0,2.0,2.0,7,1.0,0.0,0.0,0.0
7661,47.0,351.0,2.0,204.0,26.0,0.0,1.0,66.0,66.0,23.0,23.0,3.0,3.0,10,2.0,0.0,0.0,0.0
9800,17.0,229.0,5.0,27.0,0.0,0.0,1.0,26.0,26.0,6.0,6.0,1.0,1.0,2,6.0,0.0,0.0,0.0
1363,15.0,224.0,0.0,20.0,7.0,0.0,0.0,9.0,9.0,3.0,3.0,1.0,1.0,2,1.0,1.0,1.0,1.0
5564,68.0,298.0,2.0,284.0,5.0,2.0,1.0,56.0,56.0,22.0,22.0,2.0,2.0,7,2.0,0.0,0.0,0.0
3056,16.0,371.0,1.0,16.0,16.0,-1.0,2.0,9.0,9.0,3.0,3.0,1.0,1.0,2,1.0,1.0,1.0,1.0
6041,369.0,298.0,4.0,27.0,0.0,4.0,0.0,26.0,26.0,9.0,9.0,2.0,2.0,7,4.0,0.0,0.0,0.0
5077,7.0,299.0,1.0,16.0,2.0,-1.0,2.0,12.0,12.0,3.0,3.0,1.0,1.0,2,1.0,1.0,2.0,0.0
4366,9.0,258.0,1.0,31.0,0.0,0.0,0.0,12.0,12.0,3.0,3.0,1.0,1.0,2,1.0,1.0,2.0,0.0
1640,1.0,180.0,1.0,111612.0,0.0,0.0,0.0,4.0,4.0,1.0,1.0,0.0,1.0,1,1.0,1.0,1.0,1.0
2269,77.0,360.0,1.0,16.0,16.0,-1.0,2.0,9.0,9.0,2.0,2.0,0.0,1.0,1,1.0,1.0,2.0,0.0
1696,100.0,256.0,1.0,38.0,0.0,0.0,1.0,9.0,9.0,3.0,3.0,1.0,1.0,2,1.0,1.0,1.0,1.0
8675,360.0,367.0,2.0,283.0,30.0,4.0,1.0,59.0,59.0,40.0,40.0,0.0,0.0,10,5.0,0.0,0.0,0.0
2449,9.0,180.0,1.0,9.0,0.0,0.0,0.0,72.0,72.0,55.0,55.0,1.0,1.0,2,1.0,5.0,6.0,0.0
8601,123.0,353.0,4.0,114.0,59.0,78.0,1.0,130.0,130.0,93.0,93.0,2.0,2.0,7,3.0,0.0,0.0,0.0
5915,51.0,321.0,16.0,316.0,35.0,0.0,1.0,74.0,74.0,22.0,22.0,2.0,2.0,7,16.0,0.0,0.0,0.0
8598,209.0,356.0,3.0,157.0,62.0,89.0,1.0,113.0,113.0,108.0,108.0,0.0,0.0,7,3.0,0.0,0.0,0.0
1805,2.0,180.0,0.0,10.0,0.0,0.0,0.0,35.0,35.0,1.0,1.0,1.0,1.0,2,31.0,1.0,1.0,1.0
7358,314.0,386.0,4.0,595.0,31.0,0.0,1.0,95.0,95.0,27.0,27.0,3.0,3.0,10,2.0,2.0,3.0,0.0
4929,6.0,218.0,1.0,10.0,0.0,0.0,0.0,-1.0,0.0,1.0,1.0,0.0,2.0,2,0.0,0.0,0.0,0.0
6190,85.0,262.0,1.0,21.0,0.0,1.0,0.0,12.0,12.0,6.0,6.0,1.0,1.0,2,3.0,0.0,0.0,0.0
4408,8.0,180.0,1.0,10.0,0.0,0.0,0.0,-1.0,0.0,1.0,1.0,0.0,2.0,2,0.0,0.0,0.0,0.0
7282,50.0,460.0,6.0,606.0,54.0,0.0,1.0,45.0,45.0,17.0,17.0,2.0,2.0,7,6.0,0.0,0.0,0.0
463,8.0,180.0,1.0,10.0,0.0,0.0,0.0,14.0,14.0,2.0,2.0,1.0,1.0,2,1.0,2.0,3.0,1.0
1223,4.0,180.0,1.0,14.0,0.0,0.0,0.0,21.0,21.0,11.0,11.0,1.0,1.0,2,1.0,5.0,6.0,0.0
9979,74.0,312.0,1.0,16.0,16.0,-1.0,2.0,9.0,9.0,3.0,3.0,1.0,1.0,2,1.0,1.0,1.0,1.0
7672,311.0,371.0,6.0,833.0,26.0,1.0,1.0,61.0,61.0,54.0,54.0,0.0,0.0,10,3.0,0.0,0.0,0.0
7343,332.0,343.0,47.0,3923.0,25.0,1.0,1.0,60.0,60.0,28.0,28.0,2.0,2.0,7,10.0,0.0,0.0,0.0
5187,55.0,367.0,3.0,64.0,20.0,1.0,1.0,-1.0,-1.0,-1.0,-1.0,-1.0,-1.0,0,-1.0,-1.0,-1.0,-1.0
4787,7.0,250.0,1.0,10.0,10.0,0.0,0.0,-1.0,-1.0,-1.0,-1.0,-1.0,-1.0,0,-1.0,-1.0,-1.0,-1.0
3997,9.0,180.0,0.0,2.0,0.0,0.0,0.0,-1.0,-1.0,-1.0,-1.0,-1.0,-1.0,0,-1.0,-1.0,-1.0,-1.0
4199,36.0,248.0,1.0,10.0,7.0,0.0,0.0,-1.0,0.0,1.0,1.0,0.0,1.0,2,0.0,0.0,0.0,0.0
4377,4.0,243.0,1.0,16.0,0.0,0.0,0.0,-1.0,-1.0,-1.0,-1.0,-1.0,-1.0,0,-1.0,-1.0,-1.0,-1.0
4788,7.0,293.0,1.0,16.0,2.0,-1.0,2.0,-1.0,-1.0,-1.0,-1.0,-1.0,-1.0,0,-1.0,-1.0,-1.0,-1.0
8875,158.0,273.0,20.0,123.0,0.0,0.0,1.0,82.0,82.0,60.0,60.0,0.0,0.0,7,20.0,0.0,0.0,0.0
10154,31.689492918755676,298.0,1.0,12.0,0.0,1.0,0.0,46.0,46.0,34.0,34.0,0.0,0.0,10,2.0,0.0,0.0,0.0
7953,71.0,359.0,2.0,384.0,15.0,0.0,1.0,50.0,50.0,44.0,44.0,0.0,0.0,10,2.0,0.0,0.0,0.0
1118,19.0,180.0,1.0,10.0,0.0,0.0,0.0,14.0,14.0,2.0,2.0,1.0,1.0,2,1.0,2.0,3.0,1.0
10058,21.92145650788859,302.35951449737047,1.0,23.92145650788859,22.797572486852353,0.0,1.0,8.516601481593291,8.516601481593291,2.35951449737047,2.35951449737047,1.0,1.0,2,1.0,0.0,0.0,0.35951449737047025
5088,46.0,180.0,1.0,11.0,0.0,0.0,0.0,10.0,10.0,3.0,3.0,1.0,1.0,2,1.0,1.0,1.0,1.0
6791,32.0,298.0,1.0,12.0,0.0,1.0,0.0,46.0,46.0,34.0,34.0,0.0,0.0,10,2.0,0.0,0.0,0.0
6081,94.0,283.0,1.0,27.0,0.0,9.0,0.0,6.0,6.0,2.0,2.0,1.0,1.0,2,1.0,0.0,0.0,0.0
3340,50.0,50283.0,0.0,6.0,50092.0,0.0,0.0,89.0,89.0,31.0,31.0,1.0,1.0,7,12.0,4.0,5.0,0.0
6176,76.0,265.0,1.0,21.0,0.0,1.0,0.0,9.0,9.0,4.0,4.0,1.0,1.0,2,1.0,0.0,0.0,0.0
199,8.0,180.0,1.0,10.0,0.0,0.0,0.0,17.0,17.0,3.0,3.0,1.0,1.0,2,7.0,1.0,1.0,1.0
5348,-1.0,-1.0,-1.0,-1.0,-1.0,-1.0,2.0,21.0,21.0,6.0,6.0,1.0,1.0,2,3.0,2.0,3.0,1.0
2121,16.0,301.0,1.0,10.0,19.0,0.0,1.0,9.0,9.0,1.0,1.0,1.0,1.0,2,1.0,1.0,2.0,1.0
4419,46.0,180.0,1.0,11.0,0.0,0.0,0.0,-1.0,0.0,1.0,1.0,0.0,1.0,2,0.0,0.0,0.0,0.0
5909,33.0,319.0,2.0,22.0,28.0,0.0,1.0,21.0,21.0,6.0,6.0,2.0,2.0,7,2.0,0.0,0.0,0.0
6768,83.0,262.0,1.0,21.0,0.0,1.0,0.0,32.0,32.0,29.0,29.0,0.0,0.0,7,1.0,0.0,0.0,0.0
4775,9.0,180.0,31.0,70.0,0.0,0.0,0.0,3.0,3.0,0.0,0.0,1.0,1.0,2,0.0,1.0,2.0,0.0
5010,9.0,258.0,1.0,26.0,0.0,0.0,0.0,-1.0,0.0,1.0,1.0,0.0,2.0,2,0.0,0.0,0.0,0.0
8557,228.0,305.0,5.0,1046.0,6.0,68.0,1.0,252.0,252.0,180.0,180.0,2.0,2.0,7,5.0,0.0,0.0,0.0
5162,35.0,453.0,3.0,73.0,108.0,0.0,1.0,-1.0,-1.0,-1.0,-1.0,-1.0,-1.0,0,-1.0,-1.0,-1.0,-1.0
6437,80.0,283.0,1.0,30.0,0.0,12.0,0.0,6.0,6.0,2.0,2.0,1.0,1.0,2,1.0,0.0,0.0,0.0
2071,174.0,180.0,1.0,9.0,0.0,0.0,0.0,9.0,9.0,3.0,3.0,1.0,1.0,2,1.0,1.0,2.0,0.0
6769,86.0,262.0,1.0,21.0,0.0,1.0,0.0,41.0,41.0,37.0,37.0,0.0,0.0,7,2.0,0.0,0.0,0.0
3226,56.0,256.0,1.0,69.0,0.0,2.0,0.0,9.0,9.0,3.0,3.0,1.0,1.0,2,1.0,1.0,1.0,1.0
3031,16.0,180.0,1.0,10.0,0.0,0.0,0.0,33.0,33.0,9.0,9.0,1.0,1.0,2,1.0,0.0,0.0,0.0
6263,96.0,283.0,1.0,46.0,0.0,28.0,0.0,46.0,46.0,42.0,42.0,0.0,0.0,7,2.0,0.0,0.0,0.0
6841,97.0,262.0,1.0,21.0,0.0,1.0,0.0,62.0,62.0,52.0,52.0,2.0,2.0,7,1.0,0.0,0.0,0.0
6521,61.0,262.0,1.0,21.0,0.0,1.0,0.0,28.0,28.0,16.0,16.0,2.0,2.0,7,1.0,0.0,0.0,0.0
6929,78.0,283.0,1.0,30.0,0.0,12.0,0.0,6.0,6.0,2.0,2.0,1.0,1.0,2,1.0,0.0,0.0,0.0
2062,30.0,180.0,1.0,18.0,0.0,0.0,0.0,9.0,9.0,3.0,3.0,1.0,1.0,2,1.0,1.0,2.0,0.0
886,17.0,180.0,1.0,10.0,0.0,0.0,0.0,16.0,17.0,8.0,8.0,1.0,1.0,2,1.0,3.0,4.0,0.0
2609,6.0,218.0,1.0,10.0,0.0,0.0,0.0,9.0,9.0,3.0,3.0,1.0,1.0,2,1.0,1.0,1.0,1.0
8230,329.0,370.0,1.0,17.0,15.0,1.0,0.0,16.0,16.0,2.0,2.0,1.0,1.0,2,1.0,0.0,0.0,0.0
2952,3.0,256.0,1.0,15.0,0.0,0.0,0.0,8.0,8.0,1.0,1.0,1.0,1.0,2,1.0,0.0,0.0,0.0
7139,97.0,262.0,1.0,21.0,0.0,1.0,0.0,37.0,37.0,25.0,25.0,2.0,2.0,7,1.0,0.0,0.0,0.0
11020,298.48733387912023,384.6691386467869,3.567809679748633,326.1519934505574,39.19076291836611,0.0,1.0,110.83904839874316,110.83904839874316,43.567809679748635,43.567809679748635,2.0,2.0,3,2.0,2.0,3.0,0.0
3278,460.0,321.0,48.0,246.0,33.0,0.0,1.0,9.0,9.0,2.0,2.0,0.0,1.0,1,1.0,2.0,3.0,0.0
4910,7.0,250.0,1.0,15.0,0.0,0.0,0.0,21.0,21.0,10.0,10.0,1.0,1.0,2,2.0,0.0,0.0,0.0
2686,17.0,250.0,1.0,10.0,8.0,0.0,0.0,8.0,8.0,2.0,2.0,1.0,1.0,2,1.0,1.0,1.0,1.0
10639,75.35205191825625,283.0,1.0,28.380129795640624,0.0,10.380129795640624,0.0,29.323974040871875,29.323974040871875,17.323974040871875,17.323974040871875,2.0,2.0,7,1.0,0.0,0.0,0.0
6162,85.0,283.0,1.0,24.0,0.0,6.0,0.0,36.0,36.0,24.0,24.0,2.0,2.0,7,1.0,0.0,0.0,0.0
1057,2.0,180.0,0.0,10.0,0.0,0.0,0.0,21.0,21.0,10.0,10.0,1.0,1.0,2,2.0,0.0,0.0,0.0
4889,58.0,288.0,1.0,26.0,0.0,1.0,0.0,10.0,10.0,3.0,3.0,1.0,1.0,2,1.0,1.0,1.0,1.0
9419,231.0,254.0,1.0,46.0,0.0,1.0,1.0,1492.0,1492.0,130.0,130.0,6.0,6.0,12,100.0,0.0,0.0,0.0
10248,114.90627319806619,305.0,4.0,886.6225142281472,6.0,54.58249443246412,1.0,153.5274981441547,153.5274981441547,110.05499628830941,110.05499628830941,2.0,2.0,7,3.0787503093075492,0.0,0.0,0.0
5828,53.0,273.0,1.0,65.0,0.0,0.0,1.0,35.0,35.0,32.0,32.0,0.0,0.0,7,1.0,0.0,0.0,0.0
3752,-1.0,-1.0,-1.0,-1.0,-1.0,-1.0,2.0,74.0,74.0,19.0,19.0,2.0,2.0,7,2.0,1.0,1.0,1.0
9967,34.0,351.0,3.0,19.0,13.0,3.0,1.0,8.0,8.0,2.0,2.0,1.0,1.0,2,1.0,1.0,1.0,1.0
1471,12.0,180.0,1.0,9.0,0.0,0.0,0.0,5.0,4.0,1.0,0.0,0.0,0.0,1,1.0,0.0,0.0,1.0
1257,6.0,218.0,1.0,10.0,0.0,0.0,0.0,10.0,10.0,3.0,3.0,1.0,1.0,2,1.0,1.0,1.0,1.0
3879,-1.0,-1.0,-1.0,-1.0,-1.0,-1.0,2.0,73.0,73.0,4.0,4.0,1.0,1.0,2,3.0,0.0,0.0,1.0
8644,399.0,351.0,20.0,393.0,32.0,3.0,1.0,372.0,372.0,55.0,55.0,2.0,2.0,7,33.0,0.0,0.0,0.0
9264,17.0,298.0,1.0,13.0,0.0,1.0,0.0,6.0,6.0,2.0,2.0,1.0,1.0,2,1.0,0.0,0.0,0.0
6226,98.0,283.0,1.0,48.0,0.0,30.0,0.0,72.0,72.0,41.0,41.0,2.0,2.0,7,26.0,0.0,0.0,0.0
828,78.0,319.0,1.0,16.0,16.0,-1.0,2.0,10.0,10.0,3.0,3.0,1.0,1.0,2,1.0,1.0,1.0,1.0
10740,87.14919642024827,283.0,1.0,30.298392840496554,0.0,12.149196420248277,0.0,11.149196420248277,11.149196420248277,3.149196420248278,3.149196420248278,2.0,2.0,7,1.0,0.0,0.0,0.0
9663,83.0,304.0,12.0,191.0,10.0,0.0,1.0,91.0,91.0,10.0,10.0,2.0,2.0,7,4.0,0.0,0.0,1.0
10765,55.78410018319218,281.71364007327685,1.9647699450423461,33.50225974353095,0.0,8.748870128234525,0.321589981680782,33.92953989008469,33.92953989008469,18.39205009159609,18.39205009159609,1.678410018319218,1.678410018319218,5,1.9647699450423461,0.0,0.0,0.0
722,8.0,180.0,1.0,11.0,0.0,0.0,0.0,27.0,27.0,5.0,5.0,2.0,2.0,7,1.0,1.0,1.0,0.0
7559,40.0,353.0,1.0,152.0,20.0,0.0,1.0,92.0,92.0,87.0,87.0,0.0,0.0,7,1.0,0.0,0.0,0.0
7717,96.0,338.0,2.0,575.0,24.0,0.0,1.0,852.0,852.0,152.0,152.0,2.0,2.0,7,2.0,1.0,2.0,0.0
6972,80.0,262.0,1.0,21.0,0.0,1.0,0.0,24.0,24.0,12.0,12.0,2.0,2.0,7,1.0,0.0,0.0,0.0
5964,66.0,262.0,1.0,21.0,0.0,1.0,0.0,6.0,6.0,2.0,2.0,1.0,1.0,2,1.0,0.0,0.0,0.0
4860,6.0,250.0,1.0,15.0,0.0,0.0,0.0,3.0,3.0,0.0,0.0,1.0,1.0,2,0.0,1.0,2.0,0.0
10073,312.0777142817936,348.36800008233433,11.388571408968021,871.7977141445698,40.54914280421366,1.5388571408968021,1.0,68.54399997255523,68.54399997255523,55.616571422690406,55.616571422690406,0.0,0.0,8,10.005142831658429,0.0,0.0,0.0
10522,81.16546711646889,360.5760184374877,2.0,769.5563552556874,14.0,0.0,1.0,68.09928026988133,68.09928026988133,60.09928026988133,60.09928026988133,0.0,0.0,12,3.344364474431259,0.0,0.0,0.0
4430,45.0,180.0,1.0,25.0,0.0,0.0,0.0,19.0,19.0,9.0,9.0,1.0,1.0,2,1.0,0.0,0.0,0.0
4750,6.0,277.0,1.0,17.0,0.0,0.0,0.0,-1.0,-1.0,-1.0,-1.0,-1.0,-1.0,0,-1.0,-1.0,-1.0,-1.0
350,14.0,224.0,0.0,20.0,7.0,0.0,0.0,13.0,13.0,2.0,2.0,1.0,1.0,2,1.0,2.0,3.0,1.0
5545,48.0,307.0,1.0,66.0,16.0,0.0,1.0,33.0,33.0,16.0,16.0,2.0,2.0,7,1.0,0.0,0.0,0.0
2259,78.0,378.0,1.0,16.0,16.0,-1.0,2.0,40.0,40.0,25.0,25.0,1.0,1.0,2,1.0,3.0,4.0,0.0
7799,53.0,407.0,2.0,153.0,23.0,0.0,1.0,484.0,484.0,121.0,121.0,4.0,4.0,10,4.0,0.0,0.0,0.0
2026,13.0,224.0,0.0,20.0,7.0,0.0,0.0,48.0,48.0,12.0,12.0,2.0,2.0,7,1.0,1.0,2.0,1.0
10996,87.92208854488773,393.9830088116248,1.9050973565125526,1085.8300881162481,30.75922114789958,0.0,1.0,61.525486782562766,61.525486782562766,55.92208854488773,55.92208854488773,0.0,0.0,10,1.603398237675035,0.0,0.0,0.0
3352,8.0,180.0,1.0,10.0,0.0,0.0,0.0,99.0,99.0,26.0,26.0,1.0,1.0,7,23.0,6.0,7.0,0.0
10679,62.03000371694805,264.515001858474,1.0,21.0,0.0,1.0,0.0,6.0,6.0,2.0,2.0,1.0,1.0,2,1.0,0.0,0.0,0.0
1445,154.0,180.0,1.0,6.0,0.0,0.0,0.0,9.0,9.0,3.0,3.0,1.0,1.0,2,1.0,1.0,1.0,1.0
9882,7.0,318.0,3.0,17.0,80.0,0.0,1.0,5.0,5.0,1.0,1.0,1.0,1.0,1,1.0,1.0,1.0,0.0
5249,14.0,224.0,0.0,20.0,7.0,0.0,0.0,11.0,11.0,2.0,2.0,2.0,2.0,2,1.0,2.0,3.0,0.0
7738,75.0,384.0,1.0,418.0,14.0,0.0,1.0,137.0,137.0,55.0,55.0,5.0,5.0,13,4.0,0.0,0.0,0.0
11091,35.042198207413875,229.0,10.0,40.90421982074139,0.0,0.0,1.0,30.71265946222416,30.71265946222416,6.904219820741387,6.904219820741387,1.0,1.0,2,6.904219820741387,0.0,0.0,0.0
4564,85.0,273.0,1.0,23.0,0.0,3.0,0.0,-1.0,-1.0,-1.0,-1.0,-1.0,-1.0,0,-1.0,-1.0,-1.0,-1.0
5413,35.0,297.0,9.0,47.0,0.0,0.0,1.0,46.0,46.0,10.0,10.0,1.0,1.0,2,9.0,0.0,0.0,0.0
1611,14.0,371.0,1.0,16.0,16.0,-1.0,2.0,4.0,4.0,1.0,1.0,1.0,1.0,2,0.0,1.0,1.0,1.0
429,8.0,256.0,2.0,22.0,15.0,0.0,1.0,19.0,19.0,9.0,9.0,1.0,1.0,2,1.0,0.0,0.0,0.0
3950,9.0,180.0,1.0,9.0,0.0,0.0,0.0,-1.0,0.0,1.0,1.0,0.0,2.0,2,0.0,0.0,0.0,0.0
5651,54.0,401.0,2.0,134.0,57.0,0.0,1.0,133.0,133.0,14.0,14.0,2.0,2.0,7,2.0,0.0,0.0,0.0
5225,12.0,250.0,1.0,28.0,0.0,0.0,0.0,13.0,13.0,2.0,2.0,1.0,1.0,2,1.0,2.0,3.0,1.0
7723,89.0,358.0,4.0,625.0,14.0,0.0,1.0,87.0,87.0,4.0,4.0,3.0,3.0,10,1.0,1.0,1.0,0.0
1210,1.0,180.0,1.0,111714.0,0.0,0.0,0.0,16.0,16.0,1.0,1.0,1.0,1.0,2,1.0,1.0,2.0,1.0
4262,8.0,180.0,1.0,10.0,0.0,0.0,0.0,10.0,10.0,2.0,2.0,2.0,2.0,2,1.0,2.0,3.0,0.0
9363,30.0,298.0,1.0,12.0,0.0,1.0,0.0,150.0,150.0,25.0,25.0,2.0,2.0,7,1.0,0.0,0.0,0.0
6550,61.0,283.0,1.0,24.0,0.0,6.0,0.0,31.0,31.0,19.0,19.0,2.0,2.0,7,1.0,0.0,0.0,0.0
2494,375.0,180.0,1.0,9.0,0.0,0.0,0.0,99.0,99.0,26.0,26.0,1.0,1.0,7,23.0,6.0,7.0,0.0
5274,2.0,180.0,1.0,11.0,0.0,0.0,1.0,14.0,14.0,6.0,6.0,1.0,1.0,2,1.0,3.0,4.0,0.0
56,13.0,180.0,1.0,348.0,0.0,0.0,0.0,19.0,19.0,9.0,9.0,1.0,1.0,2,1.0,0.0,0.0,0.0
3020,111.0,180.0,1.0,127.0,0.0,0.0,1.0,8.0,8.0,2.0,2.0,1.0,1.0,2,1.0,1.0,1.0,1.0
208,15.0,224.0,0.0,20.0,7.0,0.0,0.0,14.0,14.0,2.0,2.0,1.0,1.0,2,1.0,2.0,3.0,1.0
2111,2.0,195.0,1.0,15.0,0.0,0.0,0.0,8.0,8.0,2.0,2.0,1.0,1.0,2,1.0,1.0,1.0,1.0
5403,46.0,331.0,24.0,95.0,48.0,0.0,1.0,94.0,94.0,26.0,26.0,2.0,2.0,7,24.0,0.0,0.0,0.0
1440,10.0,256.0,1.0,16.0,0.0,0.0,0.0,9.0,9.0,3.0,3.0,1.0,1.0,2,1.0,1.0,1.0,1.0
425,7.0,295.0,1.0,16.0,2.0,-1.0,2.0,28.0,28.0,10.0,10.0,1.0,1.0,2,9.0,1.0,2.0,1.0
8061,61.0,582.0,13.0,564.0,158.0,0.0,1.0,90.0,90.0,21.0,21.0,2.0,2.0,7,5.0,0.0,0.0,0.0
8889,19.0,253.0,5.0,25.0,9.0,0.0,1.0,24.0,24.0,5.0,5.0,1.0,1.0,2,5.0,0.0,0.0,0.0
1623,3.0,180.0,0.0,8.0,0.0,0.0,0.0,4.0,4.0,1.0,1.0,0.0,1.0,1,1.0,1.0,1.0,1.0
4833,6.0,211.0,1.0,18.0,0.0,0.0,0.0,0.0,0.0,0.0,0.0,1.0,0.0,1,1.0,2.0,1.0,1.0
7675,68.0,342.0,3.0,184.0,24.0,0.0,1.0,133.0,133.0,127.0,127.0,0.0,0.0,12,2.0,0.0,0.0,0.0
1593,3.0,230.0,1.0,12.0,0.0,0.0,0.0,9.0,9.0,2.0,2.0,0.0,1.0,2,0.0,1.0,2.0,0.0
2301,5.0,180.0,1.0,8.0,0.0,0.0,0.0,9.0,9.0,1.0,1.0,1.0,1.0,2,1.0,1.0,2.0,1.0
4588,76.0,307.0,1.0,16.0,15.0,-1.0,2.0,10.0,10.0,2.0,2.0,1.0,1.0,2,1.0,1.0,1.0,0.0
5057,6.0,180.0,1.0,7.0,0.0,0.0,0.0,0.0,0.0,1.0,0.0,1.0,1.0,2,0.0,1.0,0.0,0.0
5956,87.0,262.0,1.0,21.0,0.0,1.0,0.0,6.0,6.0,2.0,2.0,1.0,1.0,2,1.0,0.0,0.0,0.0
7131,86.0,262.0,1.0,21.0,0.0,1.0,0.0,13.0,13.0,7.0,7.0,1.0,1.0,2,3.0,0.0,0.0,0.0
9858,77.0,344.0,1.0,16.0,16.0,-1.0,2.0,9.0,9.0,3.0,3.0,1.0,1.0,2,1.0,1.0,1.0,1.0
9011,21.0,252.0,3.0,37.0,0.0,0.0,1.0,11.0,11.0,3.0,3.0,2.0,2.0,7,1.0,0.0,0.0,0.0
5922,35.0,316.0,5.0,273.0,23.0,0.0,1.0,62.0,62.0,11.0,11.0,2.0,2.0,7,5.0,0.0,0.0,0.0
7643,61.0,443.0,2.0,85.0,30.0,0.0,1.0,61.0,61.0,55.0,55.0,0.0,0.0,10,2.0,0.0,0.0,0.0
10669,77.76659133498497,283.0,1.0,25.466817330030064,0.0,7.4668173300300635,0.0,6.0,6.0,2.0,2.0,1.0,1.0,2,1.0,0.0,0.0,0.0
9762,18.0,253.0,5.0,26.0,0.0,0.0,1.0,48.0,48.0,13.0,13.0,2.0,2.0,7,12.0,0.0,0.0,0.0
10043,16.701615560011476,252.2596768879977,7.7403231120022955,35.96129244800918,0.0,0.0,1.0,26.48064622400459,26.48064622400459,6.0,6.0,1.2596768879977047,1.2596768879977047,3,5.7403231120022955,0.0,0.0,0.0
8287,29.0,325.0,2.0,120.0,30.0,0.0,1.0,283.0,283.0,116.0,116.0,2.0,2.0,7,2.0,20.0,20.0,0.0
8813,152.0,304.0,2.0,66.0,0.0,0.0,1.0,65.0,65.0,16.0,16.0,2.0,2.0,7,3.0,0.0,0.0,0.0
9025,24.0,283.0,1.0,10.0,0.0,1.0,0.0,15.0,15.0,12.0,12.0,0.0,0.0,7,1.0,0.0,0.0,0.0
5463,35.0,339.0,6.0,35.0,13.0,0.0,1.0,35.0,35.0,9.0,9.0,3.0,3.0,10,6.0,0.0,0.0,0.0
7818,82.0,414.0,2.0,477.0,30.0,0.0,1.0,182.0,182.0,34.0,34.0,6.0,6.0,12,4.0,0.0,0.0,0.0
1778,2048.0,250.0,1.0,15.0,0.0,0.0,0.0,4.0,4.0,1.0,1.0,1.0,1.0,2,0.0,1.0,1.0,1.0
336,27.0,246.0,1.0,10.0,7.0,0.0,0.0,19.0,19.0,9.0,9.0,1.0,1.0,2,1.0,0.0,0.0,0.0
2642,9.0,295.0,1.0,10.0,20.0,0.0,1.0,8.0,8.0,1.0,2.0,1.0,1.0,2,1.0,1.0,1.0,1.0
7261,67.0,305.0,2.0,500.0,6.0,23.0,1.0,81.0,81.0,40.0,40.0,2.0,2.0,7,4.0,0.0,0.0,0.0
7496,85.0,421.0,2.0,405.0,30.0,0.0,1.0,25.0,25.0,19.0,19.0,0.0,0.0,7,2.0,0.0,0.0,0.0
2607,12.0,180.0,25.0,46.0,0.0,0.0,0.0,9.0,9.0,1.0,1.0,1.0,1.0,2,1.0,1.0,2.0,1.0
6961,99.0,283.0,1.0,48.0,0.0,30.0,0.0,19.0,19.0,6.0,6.0,2.0,2.0,7,1.0,0.0,0.0,0.0
4024,8.0,246.0,1.0,19.0,0.0,0.0,0.0,-1.0,-1.0,-1.0,-1.0,11.0,-1.0,19,-1.0,-1.0,-1.0,-1.0
9453,326.0,271.0,1.0,49.0,0.0,0.0,1.0,61.0,61.0,20.0,20.0,2.0,2.0,7,6.0,0.0,0.0,0.0
8582,129.0,296.0,2.0,211.0,1.0,3.0,1.0,76.0,76.0,36.0,36.0,2.0,2.0,7,2.0,0.0,0.0,0.0
737,8.0,180.0,1.0,11.0,0.0,0.0,0.0,27.0,27.0,10.0,10.0,1.0,1.0,2,10.0,1.0,2.0,1.0
113,9.0,180.0,1.0,9.0,0.0,0.0,0.0,14.0,14.0,2.0,2.0,1.0,1.0,2,1.0,2.0,3.0,1.0
1068,5.0,180.0,1.0,5.0,0.0,0.0,0.0,10.0,10.0,3.0,3.0,1.0,1.0,2,1.0,1.0,1.0,1.0
937,78.0,384.0,1.0,16.0,16.0,-1.0,2.0,13.0,13.0,2.0,2.0,1.0,1.0,2,1.0,2.0,3.0,1.0
2299,8.0,180.0,1.0,11.0,0.0,0.0,0.0,35.0,35.0,18.0,18.0,1.0,1.0,2,1.0,5.0,6.0,0.0
10658,77.44366635450966,262.0,1.0,21.0,0.0,1.0,0.0,103.49013383278454,103.49013383278454,17.31126672909807,17.31126672909807,2.0,2.0,7,1.0,0.0,0.0,0.0
7791,80.0,371.0,2.0,401.0,17.0,0.0,1.0,72.0,72.0,65.0,65.0,0.0,0.0,10,3.0,0.0,0.0,0.0
6979,79.0,712.0,11.0,1073.0,135.0,0.0,1.0,11.0,11.0,3.0,3.0,2.0,2.0,7,1.0,0.0,0.0,0.0
257,10.0,180.0,31.0,70.0,0.0,0.0,0.0,10.0,10.0,2.0,2.0,1.0,1.0,2,1.0,1.0,2.0,0.0
2238,-1.0,-1.0,-1.0,-1.0,-1.0,-1.0,2.0,8.0,8.0,2.0,2.0,1.0,1.0,2,1.0,1.0,1.0,1.0
1339,-1.0,-1.0,-1.0,-1.0,-1.0,-1.0,2.0,16.0,16.0,6.0,6.0,1.0,1.0,2,3.0,1.0,1.0,1.0
10446,79.55221698023205,361.9384846719489,2.680972877470994,438.7854068379351,16.723891509883977,0.0,1.0,74.08583726482597,74.08583726482597,68.08583726482597,68.08583726482597,0.0,0.0,10,2.0,0.0,0.0,0.0
992,5.0,180.0,1.0,8.0,0.0,0.0,0.0,13.0,13.0,2.0,2.0,1.0,1.0,2,1.0,2.0,3.0,1.0
1846,15.0,180.0,1.0,10.0,0.0,0.0,0.0,5.0,5.0,0.0,0.0,1.0,1.0,2,1.0,1.0,1.0,1.0
5105,8.0,180.0,1.0,12.0,0.0,0.0,0.0,-1.0,-1.0,-1.0,-1.0,-1.0,-1.0,0,-1.0,-1.0,-1.0,-1.0
3403,77.0,339.0,1.0,16.0,16.0,-1.0,2.0,8.0,8.0,2.0,2.0,1.0,1.0,2,1.0,1.0,1.0,1.0
6524,76.0,283.0,1.0,33.0,0.0,15.0,0.0,33.0,33.0,21.0,21.0,2.0,2.0,7,1.0,0.0,0.0,0.0
132,15.0,224.0,0.0,20.0,7.0,0.0,0.0,13.0,13.0,3.0,3.0,1.0,1.0,2,2.0,1.0,2.0,1.0
4131,4.0,180.0,1.0,14.0,0.0,0.0,0.0,20.0,20.0,7.0,7.0,1.0,1.0,2,1.0,0.0,0.0,1.0
441,1.0,180.0,1.0,111714.0,0.0,0.0,0.0,15.0,15.0,2.0,2.0,1.0,1.0,2,1.0,1.0,2.0,0.0
4160,605.0,180.0,1.0,127.0,0.0,0.0,1.0,-1.0,-1.0,-1.0,-1.0,-1.0,-1.0,0,-1.0,-1.0,-1.0,-1.0
5865,62.0,339.0,2.0,60.0,40.0,0.0,1.0,59.0,59.0,8.0,8.0,2.0,2.0,7,2.0,0.0,0.0,1.0
5378,-1.0,-1.0,-1.0,-1.0,-1.0,-1.0,2.0,195.0,195.0,65.0,65.0,1.0,1.0,2,36.0,2.0,2.0,1.0
7680,85.0,437.0,1.0,1020.0,43.0,0.0,1.0,106.0,106.0,20.0,20.0,3.0,3.0,10,1.0,2.0,3.0,0.0
4734,5.0,180.0,1.0,7.0,0.0,0.0,0.0,-1.0,-1.0,-1.0,-1.0,-1.0,-1.0,0,-1.0,-1.0,-1.0,-1.0
5381,127.0,127.0,51.0,51.0,3.0,41.0,2.0,1.0,2.0,0.0,1.0,1.0,0.0,1,0.0,2.0,3.0,-1.0
5320,-1.0,-1.0,-1.0,-1.0,-1.0,-1.0,2.0,12.0,12.0,3.0,3.0,1.0,1.0,2,0.0,2.0,3.0,0.0
7585,338.0,342.0,3.0,1890.0,14.0,0.0,1.0,322.0,322.0,168.0,168.0,3.0,3.0,10,3.0,9.0,10.0,0.0
5314,2.0,195.0,1.0,15.0,0.0,0.0,0.0,15.0,15.0,2.0,2.0,1.0,1.0,2,1.0,2.0,3.0,1.0
2725,8.0,180.0,1.0,10.0,0.0,0.0,0.0,7.0,7.0,1.0,1.0,1.0,1.0,2,1.0,1.0,1.0,1.0
10910,13.8605830744742,284.28686102482476,3.0,24.9302915372371,0.3565694875876336,0.0,1.0,20.713138975175266,20.713138975175266,4.0,4.0,2.0,2.0,7,2.3565694875876337,0.0,0.0,0.3565694875876336
9731,172.0,306.0,38.0,165.0,10.0,0.0,1.0,53.0,53.0,13.0,13.0,2.0,2.0,7,12.0,0.0,0.0,1.0
4863,8.0,180.0,1.0,10.0,0.0,0.0,0.0,121.0,121.0,14.0,14.0,3.0,3.0,10,3.0,2.0,3.0,0.0
10281,28.89489163128563,298.0,1.0525541843571844,12.315325106143106,0.0,1.0525541843571844,0.0,34.15766255307155,34.15766255307155,31.157662553071553,31.157662553071553,0.0,0.0,7,1.0,0.0,0.0,0.0
1294,2.0,180.0,1.0,9.0,0.0,0.0,0.0,21.0,21.0,6.0,6.0,1.0,1.0,2,1.0,1.0,1.0,1.0
8327,100.0,399.0,3.0,1616.0,36.0,1.0,1.0,204.0,204.0,50.0,50.0,2.0,2.0,7,3.0,1.0,2.0,0.0
9414,281.0,282.0,49.0,119.0,0.0,0.0,1.0,80.0,80.0,38.0,38.0,1.0,1.0,2,30.0,0.0,0.0,0.0
1659,13.0,224.0,0.0,20.0,7.0,0.0,0.0,9.0,10.0,5.0,5.0,1.0,1.0,2,1.0,1.0,1.0,1.0
9572,17.0,229.0,7.0,30.0,0.0,0.0,1.0,36.0,36.0,9.0,9.0,1.0,1.0,2,9.0,0.0,0.0,0.0
7055,78.0,262.0,1.0,21.0,0.0,1.0,0.0,121.0,121.0,20.0,20.0,2.0,2.0,7,1.0,0.0,0.0,0.0
3430,5.0,246.0,1.0,16.0,0.0,0.0,0.0,8.0,8.0,2.0,2.0,1.0,1.0,2,1.0,1.0,1.0,1.0
3546,4.0,180.0,1.0,14.0,0.0,0.0,0.0,8.0,8.0,2.0,2.0,1.0,1.0,2,1.0,1.0,1.0,1.0
8321,269.0,407.0,2.0,183.0,28.0,0.0,1.0,432.0,432.0,106.0,106.0,2.0,2.0,2,2.0,2.0,3.0,0.0
27,51.0,308.0,5.0,21.0,2.0,0.0,0.0,20.0,20.0,1.0,1.0,1.0,1.0,2,5.0,1.0,2.0,1.0
6308,65.0,272.0,1.0,21.0,0.0,1.0,0.0,11.0,11.0,3.0,3.0,2.0,2.0,7,1.0,0.0,0.0,0.0
491,78.0,335.0,1.0,16.0,16.0,-1.0,2.0,10.0,10.0,3.0,3.0,1.0,1.0,2,1.0,1.0,1.0,1.0
7947,51.0,364.0,2.0,160.0,24.0,2.0,1.0,199.0,199.0,73.0,73.0,2.0,2.0,7,3.0,1.0,2.0,0.0
10537,76.51213609645347,377.14017012056684,1.0,602.5103150841619,32.790655325295546,0.0,1.0,430.9569186510609,430.9569186510609,195.92900443357078,195.92900443357078,3.2560680482267337,3.2560680482267337,8,2.2093446747044556,11.069174554137621,11.859829879433166,0.0
8335,255.0,412.0,3.0,135.0,29.0,0.0,1.0,380.0,380.0,25.0,25.0,2.0,2.0,7,2.0,1.0,2.0,0.0
4043,70.0,289.0,1.0,64.0,0.0,3.0,0.0,-1.0,-1.0,-1.0,-1.0,-1.0,-1.0,0,-1.0,-1.0,-1.0,-1.0
9629,33.0,303.0,10.0,51.0,23.0,0.0,1.0,48.0,48.0,7.0,7.0,2.0,2.0,7,3.0,0.0,0.0,1.0
2125,3.0,271.0,1.0,15.0,0.0,0.0,0.0,9.0,9.0,2.0,2.0,0.0,1.0,1,1.0,1.0,2.0,0.0
8651,377.0,357.0,16.0,260.0,32.0,3.0,1.0,410.0,410.0,36.0,36.0,2.0,2.0,7,20.0,0.0,0.0,0.0
2466,7.0,180.0,1.0,11.0,0.0,0.0,0.0,76.0,76.0,8.0,8.0,4.0,4.0,7,2.0,2.0,4.0,0.0
9637,122.0,226.0,8.0,317.0,0.0,0.0,1.0,-1.0,-1.0,-1.0,-1.0,-1.0,-1.0,0,-1.0,-1.0,-1.0,-1.0
5843,83.0,283.0,1.0,33.0,0.0,15.0,0.0,32.0,32.0,20.0,20.0,2.0,2.0,7,1.0,0.0,0.0,0.0
6050,60.0,283.0,1.0,27.0,0.0,9.0,0.0,26.0,26.0,14.0,14.0,2.0,2.0,7,1.0,0.0,0.0,0.0
4457,6.0,180.0,1.0,7.0,0.0,0.0,0.0,-1.0,-1.0,-1.0,-1.0,-1.0,-1.0,0,-1.0,-1.0,-1.0,-1.0
8394,266.0,362.0,4.0,582.0,30.0,2.0,1.0,134.0,134.0,44.0,44.0,7.0,7.0,16,8.0,2.0,3.0,0.0
5030,7.0,180.0,2.0,13.0,0.0,0.0,0.0,-1.0,-1.0,-1.0,-1.0,-1.0,-1.0,0,-1.0,-1.0,-1.0,-1.0
7621,85.0,368.0,2.0,393.0,31.0,0.0,1.0,132.0,132.0,127.0,127.0,0.0,0.0,10,1.0,0.0,0.0,0.0
339,77.0,379.0,1.0,16.0,16.0,-1.0,2.0,11.0,11.0,3.0,3.0,0.0,1.0,1,1.0,3.0,4.0,0.0
4201,37.0,180.0,1.0,49.0,0.0,0.0,0.0,-1.0,-1.0,-1.0,-1.0,-1.0,-1.0,0,-1.0,-1.0,-1.0,-1.0
8125,349.0,384.0,50.0,5545.0,33.0,0.0,1.0,271.0,271.0,19.0,19.0,2.0,2.0,7,4.0,0.0,0.0,0.0
3651,-1.0,-1.0,-1.0,-1.0,-1.0,-1.0,2.0,5.0,5.0,1.0,1.0,1.0,1.0,1,1.0,1.0,1.0,0.0
124,7.0,257.0,3.0,16.0,50.0,0.0,1.0,17.0,17.0,3.0,3.0,1.0,1.0,2,1.0,2.0,3.0,0.0
6644,39.0,226.0,1.0,28.0,0.0,0.0,1.0,11.0,11.0,3.0,3.0,2.0,2.0,7,1.0,0.0,0.0,0.0
3025,78.0,319.0,6.0,53.0,0.0,6.0,1.0,4.0,4.0,1.0,1.0,0.0,1.0,1,1.0,1.0,1.0,1.0
2386,6.0,277.0,1.0,17.0,0.0,0.0,0.0,9.0,9.0,2.0,2.0,0.0,1.0,1,1.0,1.0,2.0,0.0
1965,10.0,180.0,1.0,9.0,0.0,0.0,0.0,8.0,8.0,2.0,2.0,1.0,1.0,2,1.0,1.0,1.0,1.0
2960,4.0,180.0,1.0,14.0,0.0,0.0,0.0,6.0,6.0,1.0,1.0,1.0,1.0,2,31.0,1.0,1.0,1.0
7257,75.0,226.0,4.0,314.0,0.0,0.0,1.0,168.0,168.0,122.0,122.0,2.0,2.0,7,4.0,0.0,0.0,0.0
8839,178.0,304.0,2.0,67.0,0.0,0.0,1.0,66.0,66.0,15.0,15.0,2.0,2.0,7,3.0,0.0,0.0,0.0
969,10.0,180.0,0.0,16.0,0.0,0.0,0.0,10.0,10.0,3.0,3.0,1.0,1.0,2,1.0,1.0,1.0,1.0
4308,4.0,226.0,1.0,14.0,0.0,0.0,0.0,-1.0,-1.0,-1.0,-1.0,-1.0,-1.0,0,-1.0,-1.0,-1.0,-1.0
9483,67.0,294.0,5.0,123.0,0.0,0.0,1.0,350.0,350.0,17.0,17.0,2.0,2.0,7,11.0,0.0,0.0,1.0
1588,17.0,180.0,1.0,10.0,0.0,0.0,0.0,9.0,9.0,3.0,3.0,1.0,1.0,2,1.0,1.0,2.0,0.0
935,22.0,258.0,1.0,10.0,7.0,0.0,0.0,10.0,10.0,3.0,3.0,1.0,1.0,2,1.0,1.0,1.0,1.0
6563,70.0,226.0,1.0,63.0,0.0,0.0,1.0,33.0,33.0,21.0,21.0,2.0,2.0,7,1.0,0.0,0.0,0.0
523,8.0,180.0,1.0,11.0,0.0,0.0,0.0,17.0,17.0,3.0,3.0,1.0,1.0,2,1.0,2.0,3.0,0.0
1353,10.0,259.0,1.0,10.0,8.0,0.0,0.0,9.0,9.0,1.0,1.0,1.0,1.0,2,1.0,1.0,2.0,1.0
6393,74.0,262.0,1.0,21.0,0.0,1.0,0.0,11.0,11.0,3.0,3.0,2.0,2.0,7,1.0,0.0,0.0,0.0
3138,247.0,314.0,2.0,23.0,17.0,0.0,1.0,8.0,8.0,1.0,1.0,1.0,1.0,2,1.0,0.0,0.0,0.0
1188,6.0,254.0,1.0,10.0,7.0,0.0,0.0,19.0,19.0,9.0,9.0,1.0,1.0,2,1.0,0.0,0.0,0.0
8021,52.0,347.0,2.0,248.0,23.0,0.0,1.0,121.0,121.0,113.0,113.0,0.0,0.0,10,4.0,0.0,0.0,0.0
7712,75.0,338.0,3.0,428.0,14.0,0.0,1.0,89.0,89.0,82.0,82.0,0.0,0.0,10,3.0,0.0,0.0,0.0
6745,94.0,471.0,1.0,99.0,18.0,1.0,1.0,33.0,33.0,30.0,30.0,0.0,0.0,7,1.0,0.0,0.0,0.0
8706,94.0,343.0,1.0,33.0,46.0,3.0,1.0,274.0,274.0,81.0,81.0,1.0,1.0,2,81.0,0.0,0.0,0.0
10490,69.9026341230909,287.8445731634659,18.368914632693183,71.26217073461363,11.204109774988638,0.0,1.0,36.41759757114773,36.41759757114773,12.417597571147727,12.417597571147727,2.0,2.0,7,5.0,0.0,0.0,0.0
877,77.0,329.0,1.0,16.0,3.0,-1.0,2.0,19.0,19.0,9.0,9.0,1.0,1.0,2,1.0,0.0,0.0,0.0
3294,128.0,180.0,1.0,77.0,0.0,0.0,0.0,4.0,4.0,1.0,1.0,0.0,1.0,1,1.0,1.0,1.0,1.0
8144,44.0,466.0,3.0,53.0,47.0,0.0,1.0,352.0,352.0,50.0,50.0,2.0,2.0,7,21.0,0.0,0.0,0.0
9385,102.0,294.0,1.0,111.0,1.0,1.0,1.0,27.0,27.0,9.0,9.0,2.0,2.0,7,1.0,0.0,0.0,0.0
8258,1.0,377.0,1.0,12.0,16.0,0.0,0.0,11.0,11.0,1.0,1.0,1.0,1.0,2,1.0,0.0,0.0,0.0
8437,298.0,262.0,5.0,33.0,0.0,5.0,0.0,18.0,18.0,10.0,10.0,1.0,1.0,2,5.0,0.0,0.0,0.0
4832,46.0,180.0,3.0,15.0,0.0,0.0,0.0,10.0,10.0,3.0,3.0,1.0,1.0,2,1.0,1.0,1.0,1.0
5942,32.0,301.0,1.0,37.0,0.0,0.0,1.0,17.0,17.0,14.0,14.0,0.0,0.0,7,1.0,0.0,0.0,0.0
3429,254.0,303.0,3.0,615.0,21.0,0.0,1.0,5.0,4.0,1.0,0.0,0.0,0.0,1,1.0,0.0,0.0,1.0
6879,394.0,317.0,42.0,208.0,31.0,1.0,1.0,11.0,11.0,3.0,3.0,2.0,2.0,7,1.0,0.0,0.0,0.0
7845,75.0,375.0,2.0,768.0,14.0,1.0,1.0,292.0,292.0,285.0,285.0,0.0,0.0,10,3.0,0.0,0.0,0.0
6299,77.0,265.0,1.0,21.0,0.0,1.0,0.0,11.0,11.0,3.0,3.0,2.0,2.0,7,1.0,0.0,0.0,0.0
4756,8.0,180.0,1.0,10.0,0.0,0.0,0.0,15.0,15.0,2.0,2.0,1.0,1.0,2,-1.0,1.0,-1.0,-1.0
10574,44.27528955378991,321.88830342442117,9.833772431684134,61.11169657557885,38.88830342442115,0.0,1.0,60.11169657557885,60.11169657557885,16.888303424421157,16.888303424421157,2.0,2.0,7,9.833772431684134,0.0,0.0,0.0
6897,96.0,262.0,1.0,21.0,0.0,1.0,0.0,177.0,177.0,28.0,28.0,3.0,3.0,10,1.0,0.0,0.0,0.0
9577,14.0,229.0,8.0,40.0,0.0,0.0,1.0,27.0,27.0,6.0,6.0,1.0,1.0,2,6.0,0.0,0.0,0.0
4384,4.0,180.0,1.0,8.0,0.0,0.0,0.0,-1.0,0.0,1.0,1.0,0.0,1.0,2,0.0,0.0,0.0,0.0
3542,6.0,180.0,1.0,7.0,0.0,0.0,0.0,9.0,9.0,3.0,3.0,1.0,1.0,2,1.0,1.0,2.0,0.0
5872,78.0,336.0,3.0,88.0,35.0,0.0,1.0,87.0,87.0,17.0,17.0,2.0,2.0,7,3.0,0.0,0.0,1.0
9541,15.0,302.0,4.0,64.0,14.0,0.0,1.0,51.0,51.0,18.0,18.0,2.0,2.0,7,11.0,0.0,0.0,0.0
782,17.0,180.0,1.0,10.0,0.0,0.0,0.0,11.0,11.0,3.0,3.0,0.0,1.0,1,1.0,3.0,4.0,0.0
2163,16.0,180.0,1.0,10.0,0.0,0.0,0.0,54.0,54.0,22.0,22.0,1.0,1.0,2,21.0,1.0,2.0,1.0
5719,55.0,424.0,2.0,39.0,114.0,0.0,1.0,38.0,38.0,16.0,16.0,2.0,2.0,7,2.0,0.0,0.0,0.0
8418,142.0,210.0,2.0,18.0,0.0,6.0,0.0,17.0,17.0,10.0,10.0,1.0,1.0,2,2.0,0.0,0.0,0.0
760,15.0,224.0,0.0,20.0,7.0,0.0,0.0,19.0,19.0,6.0,6.0,2.0,2.0,7,1.0,1.0,2.0,1.0
514,15.0,180.0,1.0,10.0,0.0,0.0,0.0,15.0,15.0,2.0,2.0,1.0,1.0,2,1.0,2.0,3.0,1.0
1605,19.0,180.0,1.0,9.0,0.0,0.0,0.0,34.0,34.0,12.0,12.0,4.0,4.0,12,2.0,2.0,2.0,0.0
4279,8.0,180.0,1.0,11.0,0.0,0.0,0.0,-1.0,0.0,1.0,1.0,0.0,2.0,2,0.0,0.0,1.0,0.0
7013,86.0,438.0,1.0,141.0,14.0,1.0,1.0,34.0,34.0,31.0,31.0,0.0,0.0,7,1.0,0.0,0.0,0.0
2891,7.0,248.0,1.0,19.0,0.0,0.0,0.0,9.0,9.0,3.0,3.0,1.0,1.0,2,1.0,1.0,2.0,0.0
3930,-1.0,-1.0,-1.0,-1.0,-1.0,-1.0,2.0,64.0,64.0,10.0,10.0,2.0,2.0,7,2.0,0.0,0.0,0.0
2152,12.0,337.0,6.0,23.0,18.0,0.0,1.0,9.0,9.0,3.0,3.0,1.0,1.0,2,1.0,1.0,1.0,1.0
9100,278.0,1076.0,2.0,232.0,13.0,2.0,1.0,25.0,25.0,22.0,22.0,0.0,0.0,7,1.0,0.0,0.0,0.0
193,8.0,180.0,1.0,11.0,0.0,0.0,0.0,21.0,21.0,11.0,11.0,1.0,1.0,2,1.0,5.0,6.0,0.0
742,5.0,180.0,7.0,18.0,0.0,0.0,0.0,13.0,13.0,2.0,2.0,1.0,1.0,2,1.0,2.0,3.0,1.0
9196,30.0,260.0,1.0,12.0,0.0,1.0,0.0,23.0,23.0,11.0,11.0,2.0,2.0,7,1.0,0.0,0.0,0.0
8804,240.0,295.0,52.0,1632.0,0.0,0.0,1.0,162.0,162.0,65.0,65.0,2.0,2.0,2,52.0,0.0,0.0,0.0
1870,3.0,250.0,1.0,15.0,0.0,0.0,0.0,4.0,4.0,1.0,1.0,0.0,1.0,1,1.0,1.0,1.0,1.0
2211,15.0,180.0,1.0,10.0,0.0,0.0,0.0,6.0,7.0,1.0,1.0,1.0,1.0,2,1.0,1.0,1.0,1.0
7807,87.0,384.0,2.0,219.0,30.0,0.0,1.0,61.0,61.0,54.0,54.0,0.0,0.0,12,3.0,0.0,0.0,0.0
3638,-1.0,-1.0,-1.0,-1.0,-1.0,-1.0,2.0,8.0,8.0,2.0,2.0,1.0,1.0,2,1.0,1.0,1.0,1.0
8593,209.0,348.0,4.0,154.0,54.0,99.0,1.0,116.0,116.0,110.0,110.0,0.0,0.0,7,4.0,0.0,0.0,0.0
5038,564.0,180.0,51.0,128.0,0.0,21.0,1.0,17.0,12.0,4.0,4.0,1.0,1.0,2,2.0,1.0,1.0,1.0
9041,117.0,283.0,1.0,37.0,0.0,19.0,0.0,26.0,26.0,14.0,14.0,2.0,2.0,7,1.0,0.0,0.0,0.0
6196,71.0,283.0,1.0,24.0,0.0,6.0,0.0,11.0,11.0,3.0,3.0,2.0,2.0,7,1.0,0.0,0.0,0.0
3200,2.0,250.0,1.0,15.0,0.0,0.0,0.0,4.0,4.0,1.0,1.0,0.0,1.0,1,1.0,1.0,1.0,1.0
8566,184.0,305.0,4.0,929.0,6.0,38.0,1.0,148.0,148.0,99.0,99.0,2.0,2.0,7,4.0,0.0,0.0,0.0
11056,138.1396531925851,303.6034680741492,2.0,273.53618511843587,5.3017340370746044,7.882774459319367,1.0,81.78797657054318,81.78797657054318,50.83791915551048,50.83791915551048,1.7206936148298417,1.7206936148298417,7,2.279306385170158,0.0,0.0,0.0
6019,36.0,298.0,1.0,12.0,0.0,1.0,0.0,11.0,11.0,3.0,3.0,2.0,2.0,7,1.0,0.0,0.0,0.0
10872,80.39522933345266,283.0,1.0,22.395229333452665,0.0,4.395229333452666,0.0,21.395229333452665,21.395229333452665,9.395229333452667,9.395229333452667,2.0,2.0,7,1.0,0.0,0.0,0.0
9902,4.0,464.0,2.0,14.0,12.0,0.0,1.0,8.0,8.0,2.0,2.0,1.0,1.0,2,1.0,1.0,1.0,1.0
409,12.0,180.0,1.0,9.0,0.0,0.0,0.0,19.0,19.0,5.0,5.0,1.0,1.0,2,2.0,2.0,3.0,1.0
578,15.0,180.0,1.0,10.0,0.0,0.0,0.0,15.0,15.0,2.0,2.0,1.0,1.0,2,1.0,1.0,2.0,0.0
692,2048.0,180.0,1.0,111714.0,0.0,0.0,0.0,10.0,10.0,3.0,3.0,1.0,1.0,2,1.0,1.0,1.0,1.0
6274,384.0,282.0,9.0,82.0,0.0,9.0,1.0,52.0,52.0,12.0,12.0,2.0,2.0,7,5.0,0.0,0.0,0.0
9642,25.0,252.0,11.0,46.0,0.0,0.0,1.0,66.0,66.0,26.0,26.0,6.0,6.0,12,16.0,0.0,0.0,0.0
4927,79.0,267.0,1.0,48.0,0.0,1.0,0.0,115.0,115.0,67.0,67.0,3.0,3.0,10,8.0,1.0,1.0,1.0
8847,183.0,304.0,2.0,88.0,0.0,0.0,1.0,87.0,87.0,17.0,17.0,2.0,2.0,7,2.0,0.0,0.0,0.0
5925,91.0,318.0,12.0,70.0,28.0,0.0,1.0,69.0,69.0,21.0,21.0,2.0,2.0,7,12.0,0.0,0.0,0.0
9333,26.0,298.0,1.0,12.0,0.0,1.0,0.0,24.0,24.0,12.0,12.0,2.0,2.0,7,1.0,0.0,0.0,0.0
9700,52.0,229.0,35.0,119.0,0.0,0.0,1.0,77.0,77.0,22.0,22.0,1.0,1.0,2,22.0,0.0,0.0,0.0
1157,8.0,180.0,1.0,11.0,0.0,0.0,0.0,12.0,12.0,3.0,3.0,1.0,1.0,2,1.0,1.0,2.0,0.0
7481,80.0,411.0,4.0,494.0,30.0,0.0,1.0,85.0,85.0,77.0,77.0,0.0,0.0,13,4.0,0.0,0.0,0.0
9203,27.0,298.0,1.0,12.0,0.0,1.0,0.0,26.0,26.0,14.0,14.0,2.0,2.0,7,1.0,0.0,0.0,0.0
3133,4.0,180.0,1.0,14.0,0.0,0.0,0.0,9.0,9.0,2.0,2.0,2.0,2.0,2,1.0,2.0,3.0,0.0
590,8.0,180.0,1.0,10.0,0.0,0.0,0.0,14.0,14.0,11.0,11.0,0.0,0.0,2,1.0,0.0,1.0,0.0
1575,2048.0,256.0,5.0,28.0,0.0,0.0,0.0,4.0,4.0,1.0,1.0,1.0,1.0,2,0.0,1.0,1.0,1.0
4574,9.0,180.0,1.0,9.0,0.0,0.0,0.0,19.0,19.0,3.0,3.0,3.0,3.0,10,3.0,2.0,2.0,2.0
3129,1.0,180.0,1.0,111113.0,0.0,0.0,0.0,9.0,9.0,2.0,2.0,2.0,2.0,2,1.0,2.0,3.0,0.0
10458,58.16432106561174,335.0,4.291080266402934,39.58216053280587,8.0,0.0,1.0,38.58216053280587,38.58216053280587,11.0,11.0,1.0,1.0,2,4.291080266402934,0.0,0.0,0.0
6250,77.0,283.0,1.0,26.0,0.0,8.0,0.0,39.0,39.0,27.0,27.0,2.0,2.0,7,1.0,0.0,0.0,0.0
6752,39.0,298.0,1.0,12.0,0.0,1.0,0.0,11.0,11.0,3.0,3.0,2.0,2.0,7,1.0,0.0,0.0,0.0
2396,7.0,239.0,1.0,10.0,8.0,0.0,1.0,9.0,9.0,2.0,2.0,0.0,1.0,2,0.0,1.0,2.0,0.0
9926,75.0,313.0,1.0,16.0,5.0,-1.0,2.0,8.0,7.0,2.0,2.0,1.0,1.0,2,1.0,1.0,1.0,1.0
3124,77.0,376.0,1.0,16.0,16.0,-1.0,2.0,9.0,9.0,3.0,3.0,1.0,1.0,2,1.0,1.0,1.0,1.0
5040,4.0,180.0,1.0,14.0,0.0,0.0,0.0,10.0,10.0,-1.0,3.0,11.0,-1.0,19,1.0,-1.0,-1.0,-1.0
743,23.0,277.0,1.0,30.0,0.0,0.0,0.0,22.0,22.0,7.0,7.0,1.0,1.0,2,6.0,1.0,2.0,1.0
1948,22.0,258.0,1.0,10.0,7.0,0.0,0.0,9.0,9.0,2.0,2.0,0.0,1.0,1,1.0,1.0,2.0,0.0
182,15.0,180.0,1.0,10.0,0.0,0.0,0.0,10.0,10.0,3.0,3.0,1.0,1.0,2,1.0,1.0,1.0,1.0
3547,4.0,377.0,2.0,13.0,11.0,0.0,1.0,9.0,9.0,2.0,2.0,0.0,1.0,1,1.0,1.0,2.0,0.0
4338,4.0,250.0,1.0,15.0,0.0,0.0,0.0,19.0,19.0,9.0,9.0,1.0,1.0,2,1.0,0.0,0.0,0.0
2716,17.0,251.0,1.0,10.0,7.0,0.0,0.0,9.0,9.0,2.0,2.0,0.0,1.0,2,0.0,1.0,2.0,0.0
5490,37.0,402.0,5.0,57.0,13.0,0.0,1.0,36.0,36.0,28.0,28.0,0.0,0.0,10,5.0,0.0,0.0,0.0
1053,12.0,180.0,1.0,9.0,0.0,0.0,0.0,30.0,30.0,17.0,17.0,0.0,0.0,10,1.0,1.0,2.0,0.0
9252,21.0,283.0,1.0,10.0,0.0,1.0,0.0,44.0,44.0,27.0,27.0,2.0,2.0,7,3.0,0.0,0.0,0.0
653,17.0,345.0,9.0,29.0,13.0,0.0,1.0,13.0,13.0,2.0,2.0,1.0,1.0,2,1.0,2.0,3.0,1.0
148,7.0,239.0,1.0,10.0,8.0,0.0,1.0,19.0,19.0,9.0,9.0,1.0,1.0,2,1.0,0.0,0.0,0.0
708,58.0,321.0,4.0,25.0,10.0,4.0,1.0,11.0,11.0,3.0,3.0,0.0,1.0,1,1.0,3.0,4.0,0.0
369,14.0,224.0,0.0,20.0,7.0,0.0,0.0,17.0,17.0,3.0,3.0,1.0,1.0,2,1.0,2.0,3.0,0.0
23,7.0,246.0,1.0,19.0,0.0,0.0,0.0,17.0,17.0,3.0,3.0,1.0,1.0,2,1.0,2.0,3.0,0.0
1285,12.0,224.0,0.0,20.0,7.0,0.0,0.0,10.0,10.0,3.0,3.0,1.0,1.0,2,1.0,1.0,1.0,1.0
1957,11.0,265.0,1.0,19.0,7.0,0.0,1.0,8.0,8.0,2.0,2.0,1.0,1.0,2,1.0,1.0,1.0,1.0
8025,76.0,411.0,2.0,545.0,31.0,0.0,1.0,56.0,56.0,50.0,50.0,0.0,0.0,10,2.0,0.0,0.0,0.0
2260,9.0,180.0,1.0,10.0,0.0,0.0,0.0,9.0,9.0,1.0,1.0,1.0,1.0,2,1.0,1.0,2.0,1.0
5628,41.0,299.0,3.0,27.0,8.0,0.0,1.0,26.0,26.0,6.0,6.0,1.0,1.0,2,3.0,0.0,0.0,0.0
1199,147.0,256.0,1.0,18.0,0.0,0.0,0.0,13.0,13.0,2.0,2.0,1.0,1.0,2,1.0,2.0,3.0,1.0
4508,8.0,180.0,2.0,13.0,0.0,0.0,0.0,15.0,15.0,2.0,2.0,1.0,1.0,2,1.0,2.0,3.0,1.0
8661,27.0,431.0,1.0,99.0,22.0,6.0,1.0,40.0,40.0,18.0,18.0,2.0,2.0,7,6.0,0.0,0.0,0.0
2283,7.0,201.0,1.0,996.0,0.0,0.0,0.0,9.0,9.0,2.0,2.0,0.0,1.0,1,1.0,1.0,2.0,0.0
1192,232.0,180.0,1.0,6.0,0.0,0.0,0.0,13.0,13.0,2.0,2.0,1.0,1.0,2,1.0,2.0,3.0,1.0
8298,102.0,385.0,2.0,560.0,27.0,0.0,1.0,216.0,216.0,92.0,92.0,2.0,2.0,2,2.0,2.0,3.0,0.0
10083,95.0,305.0,2.0,403.36021195776624,6.0,17.510752926325672,1.0,77.08602341060538,77.08602341060538,42.17204682121076,42.17204682121076,2.0,2.0,7,2.0,0.0,0.0,0.0
8542,236.0,271.0,1.0,125.0,0.0,37.0,1.0,9.0,9.0,4.0,4.0,1.0,1.0,2,2.0,0.0,0.0,0.0
7932,80.0,379.0,2.0,369.0,17.0,0.0,1.0,61.0,61.0,55.0,55.0,0.0,0.0,10,2.0,0.0,0.0,0.0
5605,391.0,251.0,80.0,270.0,0.0,0.0,1.0,269.0,269.0,80.0,80.0,1.0,1.0,2,80.0,0.0,0.0,0.0
8240,5.0,357.0,2.0,9.0,20.0,0.0,1.0,8.0,8.0,2.0,2.0,1.0,1.0,2,2.0,0.0,0.0,0.0
7762,71.0,384.0,2.0,261.0,24.0,2.0,1.0,76.0,76.0,69.0,69.0,0.0,0.0,12,2.0,0.0,0.0,0.0
4808,4.0,247.0,1.0,16.0,0.0,0.0,0.0,26.0,26.0,12.0,12.0,1.0,1.0,1,2.0,0.0,0.0,0.0
2693,700.0,180.0,7.0,348.0,0.0,-1.0,2.0,9.0,9.0,3.0,3.0,1.0,1.0,2,1.0,1.0,2.0,0.0
4251,81.0,256.0,1.0,72.0,0.0,1.0,0.0,0.0,1.0,1.0,0.0,1.0,1.0,2,0.0,1.0,0.0,0.0
9612,120.0,254.0,1.0,53.0,0.0,0.0,1.0,55.0,55.0,18.0,18.0,2.0,2.0,7,3.0,0.0,0.0,0.0
2798,6.0,209.0,1.0,15.0,0.0,0.0,0.0,9.0,9.0,3.0,3.0,1.0,1.0,2,1.0,1.0,1.0,1.0
10153,77.68831138306051,377.81457484028465,4.885281436156582,919.0822514892526,36.12049101053379,0.0,1.0,61.955988032028486,61.955988032028486,55.72655090434165,55.72655090434165,0.0,0.0,2,4.152958085124558,0.0,0.0,0.0
2511,4.0,180.0,1.0,14.0,0.0,0.0,0.0,8.0,8.0,2.0,2.0,1.0,1.0,2,1.0,1.0,1.0,1.0
9451,357.0,294.0,18.0,150.0,0.0,0.0,1.0,45.0,45.0,19.0,19.0,2.0,2.0,7,1.0,0.0,0.0,0.0
1908,23.0,180.0,0.0,26.0,0.0,0.0,0.0,9.0,9.0,3.0,3.0,1.0,1.0,2,1.0,1.0,1.0,1.0
7830,99.0,383.0,2.0,799.0,14.0,0.0,1.0,58.0,58.0,52.0,52.0,0.0,0.0,10,2.0,0.0,0.0,0.0
8068,311.0,383.0,2.0,471.0,29.0,0.0,1.0,299.0,299.0,261.0,261.0,0.0,0.0,12,0.0,0.0,1.0,0.0
1706,106.0,315.0,1.0,24.0,23.0,0.0,0.0,8.0,8.0,2.0,2.0,1.0,1.0,2,1.0,1.0,1.0,1.0
1464,1.0,180.0,1.0,111714.0,0.0,0.0,0.0,8.0,8.0,2.0,2.0,1.0,1.0,2,1.0,1.0,1.0,1.0
3800,-1.0,-1.0,-1.0,-1.0,-1.0,-1.0,2.0,624.0,624.0,88.0,88.0,2.0,2.0,7,24.0,1.0,1.0,2.0
3033,53.0,226.0,6.0,38.0,0.0,0.0,1.0,9.0,9.0,2.0,2.0,2.0,2.0,2,1.0,2.0,3.0,0.0
2771,4.0,180.0,1.0,14.0,0.0,0.0,0.0,9.0,9.0,2.0,2.0,1.0,1.0,2,0.0,0.0,0.0,0.0
6418,85.0,262.0,1.0,21.0,0.0,1.0,0.0,30.0,30.0,18.0,18.0,2.0,2.0,7,1.0,0.0,0.0,0.0
10887,17.884934852981495,229.0,10.73744571081791,47.91735884812657,0.0,0.0,1.0,66.55753257350925,66.55753257350925,18.705021715672835,18.705021715672835,1.0,1.0,2,18.557532573509253,0.0,0.0,0.0
9056,29.0,260.0,1.0,12.0,0.0,1.0,0.0,11.0,11.0,3.0,3.0,2.0,2.0,7,1.0,0.0,0.0,0.0
30,11.0,224.0,0.0,20.0,7.0,0.0,0.0,19.0,19.0,9.0,9.0,1.0,1.0,2,1.0,0.0,0.0,0.0
2306,95.0,180.0,1.0,9.0,0.0,0.0,0.0,9.0,9.0,2.0,2.0,0.0,1.0,1,1.0,2.0,3.0,0.0
7302,68.0,498.0,8.0,782.0,68.0,0.0,1.0,59.0,59.0,28.0,28.0,2.0,2.0,7,9.0,0.0,0.0,0.0
1226,14.0,256.0,2.0,22.0,15.0,-1.0,2.0,14.0,14.0,2.0,2.0,1.0,1.0,2,1.0,2.0,3.0,1.0
2329,35.0,350.0,14.0,41.0,16.0,14.0,1.0,9.0,9.0,2.0,2.0,0.0,1.0,1,1.0,1.0,2.0,0.0
3413,12.0,180.0,1.0,9.0,0.0,0.0,0.0,9.0,9.0,2.0,2.0,2.0,2.0,2,1.0,2.0,3.0,0.0
10101,84.44487363888624,283.0,1.5551263611137665,32.555126361113764,0.0,12.3346209166587,0.0,30.444873638886232,30.444873638886232,18.444873638886232,18.444873638886232,2.0,2.0,7,1.0,0.0,0.0,0.0
173,41.0,180.0,1.0,11.0,0.0,0.0,0.0,14.0,15.0,1.0,1.0,1.0,1.0,1,2.0,2.0,3.0,0.0
10642,196.4304700598169,351.33674810756446,3.966325189243556,2663.266456643375,14.0,0.0,1.0,79.62957708167912,79.62957708167912,21.4480168625271,21.4480168625271,1.9326503784871116,1.9326503784871116,2,2.0,1.9326503784871116,2.8989755677306674,0.0
3241,4.0,216.0,1.0,28.0,0.0,0.0,0.0,9.0,9.0,3.0,3.0,1.0,1.0,2,1.0,1.0,1.0,1.0
4955,607.0,180.0,0.0,1848.0,0.0,0.0,0.0,-1.0,-1.0,-1.0,-1.0,-1.0,-1.0,0,-1.0,-1.0,-1.0,-1.0
6068,73.0,262.0,1.0,21.0,0.0,1.0,0.0,6.0,6.0,2.0,2.0,1.0,1.0,2,1.0,0.0,0.0,0.0
3742,-1.0,-1.0,-1.0,-1.0,-1.0,-1.0,2.0,6.0,6.0,2.0,2.0,1.0,1.0,2,1.0,0.0,0.0,0.0
5920,407.0,335.0,52.0,4991.0,24.0,0.0,1.0,328.0,328.0,107.0,107.0,2.0,2.0,7,52.0,0.0,0.0,0.0
9290,17.0,298.0,1.0,13.0,0.0,1.0,0.0,27.0,27.0,16.0,16.0,2.0,2.0,7,1.0,0.0,0.0,0.0
8066,337.0,383.0,3.0,449.0,29.0,0.0,1.0,377.0,377.0,18.0,18.0,2.0,2.0,7,6.0,0.0,0.0,0.0
10986,364.508421243265,292.26038620002686,36.49045592429965,162.996631502694,28.750842124326503,0.7508421243265015,1.0,161.996631502694,161.996631502694,47.2525263729795,47.2525263729795,1.2502807081088338,1.2502807081088338,3,36.49045592429965,0.0,0.0,0.0
807,17.0,248.0,1.0,10.0,9.0,0.0,0.0,10.0,10.0,3.0,3.0,1.0,1.0,2,1.0,1.0,1.0,1.0
1469,17.0,180.0,1.0,10.0,0.0,0.0,0.0,4.0,4.0,1.0,1.0,0.0,1.0,1,1.0,1.0,1.0,1.0
3902,42.0,433.0,2.0,54.0,48.0,1.0,1.0,66.0,66.0,10.0,10.0,2.0,2.0,7,2.0,0.0,0.0,0.0
7227,56.0,305.0,2.0,371.0,6.0,18.0,1.0,70.0,70.0,36.0,36.0,2.0,2.0,7,1.0,0.0,0.0,0.0
493,12.0,180.0,1.0,9.0,0.0,0.0,0.0,13.0,13.0,3.0,3.0,1.0,1.0,2,2.0,1.0,2.0,1.0
6747,89.0,262.0,1.0,21.0,0.0,1.0,0.0,98.0,98.0,17.0,17.0,2.0,2.0,7,1.0,0.0,0.0,0.0
1001,327.0,266.0,1.0,49.0,0.0,0.0,0.0,10.0,10.0,3.0,3.0,1.0,1.0,2,1.0,1.0,1.0,1.0
2317,8.0,180.0,1.0,10.0,0.0,0.0,0.0,9.0,9.0,3.0,3.0,1.0,1.0,2,1.0,1.0,2.0,0.0
9691,23.0,229.0,14.0,53.0,0.0,0.0,1.0,60.0,60.0,16.0,16.0,2.0,2.0,7,13.0,0.0,0.0,0.0
9963,77.0,372.0,1.0,16.0,16.0,-1.0,2.0,8.0,7.0,2.0,1.0,0.0,0.0,1,1.0,1.0,1.0,1.0
972,9.0,180.0,1.0,9.0,0.0,0.0,0.0,13.0,13.0,5.0,5.0,1.0,1.0,2,1.0,3.0,4.0,0.0
5404,95.0,329.0,4.0,40.0,37.0,0.0,1.0,39.0,39.0,12.0,12.0,2.0,2.0,7,4.0,0.0,0.0,0.0
2380,37.0,180.0,1.0,11.0,0.0,0.0,0.0,71.0,71.0,56.0,56.0,1.0,1.0,2,1.0,3.0,4.0,0.0
7804,96.0,371.0,2.0,844.0,35.0,0.0,1.0,73.0,73.0,66.0,66.0,0.0,0.0,10,3.0,0.0,0.0,0.0
6585,98.0,283.0,1.0,33.0,0.0,15.0,0.0,213.0,213.0,26.0,26.0,2.0,2.0,7,1.0,0.0,0.0,0.0
5791,41.0,335.0,2.0,26.0,8.0,0.0,1.0,25.0,25.0,7.0,7.0,1.0,1.0,2,2.0,0.0,0.0,0.0
4707,5.0,180.0,3.0,16.0,0.0,0.0,0.0,-1.0,-1.0,-1.0,-1.0,-1.0,-1.0,0,-1.0,-1.0,-1.0,-1.0
6861,87.0,262.0,1.0,21.0,0.0,1.0,0.0,23.0,23.0,12.0,12.0,2.0,2.0,7,1.0,0.0,0.0,0.0
10942,13.160904583450687,229.0,6.540226145862672,34.89079151051935,0.0,0.0,1.0,56.540226145862675,56.540226145862675,20.10920848948065,20.10920848948065,1.729886927068664,1.729886927068664,5,16.459773854137328,0.0,0.0,0.0
7913,57.0,363.0,1.0,30.0,23.0,0.0,1.0,122.0,122.0,49.0,49.0,2.0,2.0,7,2.0,0.0,1.0,0.0
8576,114.0,305.0,4.0,588.0,6.0,36.0,1.0,117.0,117.0,111.0,111.0,0.0,0.0,7,4.0,0.0,0.0,0.0
4110,7.0,180.0,1.0,7.0,0.0,0.0,0.0,-1.0,-1.0,-1.0,-1.0,-1.0,-1.0,0,-1.0,-1.0,-1.0,-1.0
6738,66.0,262.0,1.0,21.0,0.0,1.0,0.0,11.0,11.0,3.0,3.0,2.0,2.0,7,1.0,0.0,0.0,0.0
1663,2.0,180.0,1.0,111614.0,0.0,0.0,0.0,9.0,9.0,2.0,2.0,0.0,1.0,2,0.0,1.0,2.0,0.0
7334,51.0,482.0,5.0,383.0,66.0,0.0,1.0,764.0,764.0,82.0,82.0,6.0,6.0,12,62.0,0.0,0.0,0.0
3345,8.0,224.0,4.0,18.0,28.0,0.0,1.0,9.0,9.0,3.0,3.0,1.0,1.0,2,1.0,1.0,1.0,1.0
198,87.0,331.0,1.0,32.0,42.0,0.0,1.0,11.0,11.0,3.0,3.0,0.0,1.0,1,1.0,3.0,4.0,0.0
1058,1.0,180.0,1.0,7.0,0.0,0.0,0.0,17.0,17.0,3.0,3.0,1.0,1.0,2,1.0,2.0,3.0,0.0
640,15.0,254.0,1.0,16.0,1.0,-1.0,2.0,19.0,19.0,9.0,9.0,1.0,1.0,2,1.0,0.0,0.0,0.0
7309,36.0,546.0,4.0,231.0,84.0,0.0,1.0,45.0,45.0,24.0,24.0,2.0,2.0,7,5.0,0.0,0.0,0.0
319,9.0,180.0,1.0,9.0,0.0,0.0,0.0,13.0,12.0,2.0,2.0,0.0,1.0,1,1.0,1.0,3.0,1.0
7431,45.0,340.0,6.0,134.0,19.0,0.0,1.0,220.0,220.0,28.0,28.0,2.0,2.0,7,6.0,0.0,0.0,0.0
2662,296.0,180.0,1.0,6.0,0.0,0.0,0.0,9.0,9.0,3.0,3.0,1.0,1.0,2,1.0,1.0,1.0,1.0
10369,64.72462118928921,237.722285441058,29.241540396429738,103.24154039642974,0.0,0.0,1.0,49.34539138750408,49.34539138750408,12.862310594644606,12.862310594644606,1.0,1.0,2,11.620770198214869,0.0,0.0,0.0
9308,123.0,265.0,2.0,24.0,0.0,2.0,0.0,45.0,45.0,33.0,33.0,0.0,0.0,10,2.0,0.0,0.0,0.0
9946,78.0,335.0,1.0,16.0,16.0,-1.0,2.0,9.0,9.0,3.0,3.0,1.0,1.0,2,1.0,1.0,1.0,1.0
1920,2.0,250.0,1.0,15.0,0.0,0.0,0.0,9.0,9.0,1.0,1.0,1.0,1.0,2,1.0,1.0,2.0,1.0
1952,11.0,180.0,1.0,9.0,0.0,0.0,0.0,9.0,9.0,3.0,3.0,1.0,1.0,2,1.0,1.0,2.0,0.0
371,7.0,250.0,1.0,15.0,0.0,0.0,0.0,29.0,29.0,1.0,1.0,1.0,1.0,2,25.0,1.0,1.0,1.0
585,37.0,180.0,1.0,11.0,0.0,0.0,0.0,15.0,15.0,7.0,7.0,1.0,1.0,2,1.0,3.0,4.0,0.0
2830,3.0,180.0,0.0,8.0,0.0,0.0,0.0,5.0,5.0,0.0,0.0,1.0,1.0,2,0.0,0.0,0.0,0.0
7729,94.0,448.0,1.0,551.0,30.0,0.0,1.0,86.0,86.0,77.0,77.0,0.0,0.0,12,4.0,0.0,0.0,0.0
10783,89.53970851470146,283.0,1.0,25.35980567646764,0.0,7.359805676467641,0.0,26.0,26.0,14.0,14.0,2.0,2.0,7,1.0,0.0,0.0,0.0
10927,248.9631749257154,370.8914074826669,2.0,373.80736501485694,25.79508999009539,6.301227502476152,1.0,75.61473002971383,75.61473002971383,59.48158746285771,59.48158746285771,0.0,0.0,9,3.096317492571542,0.0,0.0,0.0
76,2.0,180.0,0.0,8.0,0.0,0.0,0.0,30.0,30.0,4.0,4.0,1.0,1.0,2,1.0,1.0,2.0,1.0
6334,83.0,283.0,1.0,29.0,0.0,11.0,0.0,12.0,12.0,4.0,4.0,2.0,2.0,7,1.0,0.0,0.0,0.0
6862,87.0,265.0,1.0,21.0,0.0,1.0,0.0,6.0,6.0,2.0,2.0,1.0,1.0,2,1.0,0.0,0.0,0.0
5093,37.0,180.0,1.0,11.0,0.0,0.0,0.0,-1.0,0.0,0.0,1.0,0.0,1.0,2,0.0,0.0,0.0,0.0
2368,7.0,180.0,1.0,10.0,0.0,0.0,0.0,9.0,9.0,2.0,2.0,0.0,1.0,1,1.0,2.0,3.0,0.0
8817,265.0,288.0,6.0,101.0,18.0,1.0,1.0,55.0,55.0,46.0,46.0,0.0,0.0,7,6.0,0.0,0.0,0.0
7644,57.0,437.0,2.0,206.0,24.0,0.0,1.0,241.0,241.0,149.0,149.0,4.0,4.0,10,1.0,2.0,2.0,2.0
6145,82.0,283.0,1.0,30.0,0.0,12.0,0.0,6.0,6.0,2.0,2.0,1.0,1.0,2,1.0,0.0,0.0,0.0
4735,4.0,180.0,7.0,18.0,0.0,0.0,0.0,-1.0,-1.0,-1.0,-1.0,-1.0,-1.0,0,-1.0,-1.0,-1.0,-1.0
375,9.0,180.0,1.0,9.0,0.0,0.0,0.0,121.0,121.0,14.0,14.0,3.0,3.0,10,3.0,2.0,3.0,0.0
80,15.0,224.0,0.0,20.0,7.0,0.0,0.0,21.0,21.0,10.0,10.0,1.0,1.0,2,2.0,0.0,0.0,0.0
7650,67.0,365.0,2.0,297.0,32.0,0.0,1.0,45.0,45.0,38.0,38.0,0.0,0.0,12,3.0,0.0,0.0,0.0
8031,61.0,366.0,1.0,284.0,30.0,0.0,1.0,51.0,51.0,45.0,45.0,0.0,0.0,13,2.0,0.0,0.0,0.0
2170,3.0,180.0,1.0,8.0,0.0,-1.0,2.0,9.0,9.0,2.0,2.0,0.0,1.0,2,0.0,1.0,2.0,0.0
10940,204.2705837648536,278.08529821555084,8.847055843235736,71.16763327496528,0.0,3.8647081175731968,1.0,36.864708117573194,36.864708117573194,17.11763960808934,17.11763960808934,1.2882360391910657,1.2882360391910657,7,2.9323540587865984,0.0,0.0,0.0
2786,4.0,180.0,1.0,14.0,0.0,0.0,0.0,7.0,7.0,2.0,2.0,1.0,1.0,2,1.0,1.0,1.0,1.0
7389,74.0,352.0,1.0,740.0,27.0,0.0,1.0,77.0,77.0,71.0,71.0,0.0,0.0,12,2.0,0.0,0.0,0.0
2898,6.0,180.0,5.0,16.0,0.0,0.0,0.0,31.0,31.0,15.0,15.0,2.0,2.0,2,2.0,0.0,0.0,0.0
7574,326.0,384.0,8.0,2325.0,31.0,0.0,1.0,242.0,242.0,229.0,229.0,0.0,0.0,12,8.0,0.0,0.0,0.0
6786,84.0,265.0,1.0,21.0,0.0,1.0,0.0,48.0,48.0,35.0,35.0,2.0,2.0,7,2.0,0.0,0.0,0.0
5480,63.0,455.0,11.0,76.0,13.0,0.0,1.0,50.0,50.0,35.0,35.0,0.0,0.0,12,11.0,0.0,0.0,0.0
189,9.0,180.0,1.0,9.0,0.0,0.0,0.0,17.0,17.0,3.0,3.0,1.0,1.0,2,7.0,1.0,1.0,1.0
5611,48.0,303.0,7.0,51.0,8.0,0.0,1.0,50.0,50.0,15.0,15.0,2.0,2.0,7,7.0,0.0,0.0,0.0
10889,174.06578591105773,398.90570686081725,1.0021928637019246,182.13815041322124,23.01096431850962,0.9978071362980754,1.0,97.96272131706728,97.96272131706728,25.00438572740385,25.00438572740385,3.0,3.0,10,1.9978071362980754,2.0,2.0021928637019246,0.0
2892,5.0,180.0,7.0,18.0,0.0,0.0,0.0,8.0,8.0,2.0,2.0,1.0,1.0,2,1.0,1.0,1.0,1.0
11022,81.98965460092424,389.50258634976893,2.0,419.3795261120956,30.49741365023106,0.0,1.0,80.74870682511553,80.74870682511553,73.49741365023105,73.49741365023105,0.0,0.0,10,3.25129317488447,0.0,0.0,0.0
9743,59.0,229.0,40.0,134.0,0.0,0.0,1.0,34.0,34.0,8.0,8.0,1.0,1.0,2,8.0,0.0,0.0,0.0
3170,5.0,180.0,7.0,18.0,0.0,0.0,0.0,8.0,7.0,2.0,2.0,1.0,1.0,2,1.0,1.0,1.0,1.0
2059,10.0,296.0,1.0,10.0,16.0,0.0,1.0,8.0,8.0,2.0,2.0,1.0,1.0,2,1.0,1.0,1.0,1.0
4449,54.0,226.0,6.0,38.0,0.0,0.0,1.0,15.0,15.0,3.0,3.0,1.0,1.0,2,5.0,1.0,1.0,1.0
7177,75.0,226.0,3.0,547.0,0.0,31.0,1.0,37.0,37.0,18.0,18.0,2.0,2.0,7,2.0,0.0,0.0,0.0
948,12.0,366.0,7.0,25.0,10.0,0.0,1.0,14.0,14.0,2.0,2.0,1.0,1.0,2,1.0,2.0,3.0,1.0
5724,53.0,383.0,1.0,40.0,73.0,0.0,1.0,39.0,39.0,16.0,16.0,2.0,2.0,7,1.0,0.0,0.0,0.0
10640,119.79438636000144,283.0,1.0,28.98128786667148,0.0,10.98128786667148,0.0,8.99064393333574,8.99064393333574,2.598128786667148,2.598128786667148,1.5981287866671479,1.5981287866671479,4,1.0,0.0,0.0,0.0
8194,381.0,379.0,1.0,55.0,6.0,0.0,1.0,50.0,50.0,16.0,16.0,1.0,1.0,2,1.0,5.0,6.0,1.0
10871,63.57989138405818,265.0,1.0,21.0,0.0,1.0,0.0,6.0,6.0,2.0,2.0,1.0,1.0,2,1.0,0.0,0.0,0.0
6234,71.0,262.0,1.0,21.0,0.0,1.0,0.0,6.0,6.0,2.0,2.0,1.0,1.0,2,1.0,0.0,0.0,0.0
10379,21.08907898101278,287.9109210189872,6.643684075948878,106.13789554430673,0.08907898101278067,0.0,1.0,29.26723694303834,29.26723694303834,10.356315924051122,10.356315924051122,2.0,2.0,7,4.821842037974439,0.0,0.0,0.0
8007,92.0,410.0,4.0,471.0,23.0,0.0,1.0,278.0,278.0,266.0,266.0,0.0,0.0,10,8.0,0.0,0.0,0.0
3106,16.0,205.0,1.0,49.0,4.0,0.0,0.0,7.0,6.0,1.0,1.0,0.0,1.0,2,1.0,1.0,2.0,0.0
5566,396.0,308.0,11.0,537.0,15.0,14.0,1.0,110.0,110.0,41.0,41.0,2.0,2.0,7,11.0,0.0,0.0,0.0
7545,409.0,398.0,4.0,610.0,24.0,5.0,1.0,292.0,292.0,60.0,60.0,4.0,4.0,10,6.0,0.0,0.0,0.0
2110,15.0,250.0,1.0,16.0,1.0,-1.0,2.0,4.0,4.0,1.0,1.0,0.0,1.0,1,1.0,1.0,1.0,1.0
8432,283.0,365.0,6.0,220.0,72.0,6.0,1.0,71.0,71.0,42.0,42.0,3.0,3.0,10,6.0,0.0,0.0,0.0
1517,14.0,371.0,1.0,16.0,16.0,-1.0,2.0,9.0,9.0,2.0,2.0,0.0,1.0,1,1.0,1.0,2.0,0.0
7430,77.0,341.0,6.0,591.0,19.0,0.0,1.0,62.0,62.0,40.0,40.0,0.0,0.0,2,0.0,0.0,0.0,0.0
8868,164.0,304.0,3.0,111.0,0.0,0.0,1.0,109.0,109.0,17.0,17.0,2.0,2.0,7,3.0,0.0,0.0,0.0
3702,-1.0,-1.0,-1.0,-1.0,-1.0,-1.0,2.0,58.0,58.0,5.0,5.0,0.0,0.0,2,1.0,0.0,0.0,0.0
10023,4.0,377.0,2.0,13.0,11.0,0.0,1.0,8.0,8.0,2.0,2.0,1.0,1.0,2,1.0,1.0,1.0,1.0
5979,76.0,283.0,1.0,24.0,0.0,6.0,0.0,23.0,23.0,11.0,11.0,2.0,2.0,7,1.0,0.0,0.0,0.0
10595,56.77484171849794,335.0,3.5496834369958776,39.0,8.0,0.0,1.0,38.0,38.0,11.0,11.0,1.0,1.0,2,3.5496834369958776,0.0,0.0,0.0
873,4.0,396.0,2.0,14.0,11.0,0.0,1.0,17.0,17.0,3.0,3.0,1.0,1.0,2,7.0,1.0,1.0,1.0
1205,9.0,180.0,1.0,9.0,0.0,0.0,0.0,11.0,11.0,2.0,2.0,1.0,1.0,2,2.0,1.0,2.0,1.0
7015,82.0,262.0,1.0,21.0,0.0,1.0,0.0,35.0,35.0,30.0,30.0,0.0,0.0,10,1.0,0.0,0.0,0.0
809,7.0,250.0,1.0,15.0,0.0,0.0,0.0,19.0,19.0,9.0,9.0,1.0,1.0,2,1.0,0.0,0.0,0.0
9219,28.0,298.0,1.0,12.0,0.0,1.0,0.0,27.0,27.0,15.0,15.0,2.0,2.0,7,1.0,0.0,0.0,0.0
5115,6.0,300.0,1.0,15.0,0.0,0.0,0.0,12.0,12.0,2.0,2.0,1.0,1.0,2,1.0,0.0,0.0,0.0
1816,28.0,266.0,1.0,12.0,0.0,1.0,0.0,9.0,9.0,1.0,1.0,1.0,1.0,2,1.0,1.0,2.0,1.0
7201,65.0,305.0,3.0,551.0,6.0,26.0,1.0,88.0,88.0,54.0,54.0,2.0,2.0,7,2.0,0.0,0.0,0.0
8938,30.0,298.0,1.0,12.0,0.0,1.0,0.0,11.0,11.0,3.0,3.0,2.0,2.0,7,1.0,0.0,0.0,0.0
10370,48.19164899593465,300.3017126105699,3.4383297991869295,293.80835100406534,0.0,0.0,1.0,36.94496819268237,36.94496819268237,11.314989397560788,11.314989397560788,2.0,2.0,7,3.8766595983738594,0.0,0.0,0.4383297991869297
4795,35.0,238.0,1.0,13.0,0.0,1.0,0.0,-1.0,0.0,1.0,1.0,0.0,1.0,2,0.0,0.0,0.0,0.0
3965,433.0,311.0,1.0,30.0,0.0,4.0,1.0,10.0,10.0,3.0,3.0,1.0,1.0,2,1.0,1.0,1.0,1.0
5579,56.0,327.0,2.0,110.0,29.0,0.0,1.0,29.0,29.0,9.0,9.0,2.0,2.0,7,2.0,0.0,0.0,0.0
8820,149.0,303.0,10.0,92.0,17.0,0.0,1.0,91.0,91.0,18.0,18.0,1.0,1.0,2,10.0,0.0,0.0,0.0
3070,15.0,256.0,1.0,16.0,0.0,0.0,0.0,4.0,4.0,1.0,1.0,1.0,1.0,2,0.0,1.0,1.0,1.0
7238,67.0,305.0,2.0,431.0,6.0,27.0,1.0,105.0,105.0,99.0,99.0,0.0,0.0,7,4.0,0.0,0.0,0.0
9886,77.0,376.0,1.0,16.0,16.0,-1.0,2.0,8.0,8.0,2.0,2.0,1.0,1.0,2,1.0,1.0,1.0,1.0
6719,75.0,262.0,1.0,21.0,0.0,1.0,0.0,38.0,38.0,26.0,26.0,2.0,2.0,7,1.0,0.0,0.0,0.0
10232,44.196531974280155,363.7034239683448,2.0,71.75855992086201,23.18274798615085,4.986216011870698,1.0,192.94486404748278,192.94486404748278,89.12761203363364,89.12761203363364,2.0,2.0,2,4.337927996043101,1.6620720039568992,2.662072003956899,0.0
3150,6.0,256.0,1.0,16.0,0.0,0.0,0.0,8.0,8.0,2.0,2.0,1.0,1.0,2,1.0,1.0,1.0,1.0
5713,57.0,388.0,2.0,43.0,78.0,0.0,1.0,42.0,42.0,17.0,17.0,2.0,2.0,7,2.0,0.0,0.0,0.0
2826,76.0,335.0,1.0,16.0,16.0,-1.0,2.0,9.0,9.0,3.0,3.0,1.0,1.0,2,1.0,1.0,1.0,1.0
3852,35.0,418.0,3.0,73.0,49.0,0.0,1.0,70.0,70.0,4.0,4.0,1.0,1.0,2,3.0,0.0,0.0,1.0
2614,301.0,297.0,1.0,83.0,3.0,1.0,0.0,9.0,9.0,3.0,3.0,1.0,1.0,2,1.0,1.0,1.0,1.0
10606,13.032948807519384,251.7473924756847,5.087863486718359,26.274573395994874,0.0,0.0,1.0,143.34047101103366,143.34047101103366,61.901153577441846,61.901153577441846,1.9890170641602052,1.9890170641602052,6,48.05491467919897,0.0,0.0,0.0
6963,56.0,309.0,1.0,17.0,0.0,0.0,1.0,34.0,34.0,31.0,31.0,0.0,0.0,7,1.0,0.0,0.0,0.0
3617,8.0,262.0,1.0,10.0,10.0,0.0,0.0,9.0,9.0,2.0,2.0,0.0,1.0,1,1.0,1.0,2.0,0.0
5456,406.0,271.0,51.0,221.0,0.0,0.0,1.0,220.0,220.0,69.0,69.0,2.0,2.0,7,51.0,0.0,0.0,0.0
8332,230.0,486.0,1.0,78.0,31.0,0.0,1.0,371.0,371.0,31.0,31.0,2.0,2.0,7,2.0,1.0,2.0,0.0
7605,92.0,367.0,3.0,677.0,30.0,0.0,1.0,62.0,62.0,56.0,56.0,0.0,0.0,10,2.0,0.0,0.0,0.0
6581,77.0,265.0,1.0,21.0,0.0,1.0,0.0,11.0,11.0,3.0,3.0,2.0,2.0,7,1.0,0.0,0.0,0.0
2496,806.0,203.0,1.0,10.0,0.0,0.0,0.0,89.0,89.0,31.0,31.0,1.0,1.0,7,12.0,4.0,5.0,0.0
7329,54.0,382.0,6.0,646.0,87.0,0.0,1.0,442.0,442.0,33.0,33.0,1.0,1.0,2,25.0,0.0,0.0,0.0
6533,82.0,262.0,1.0,21.0,0.0,1.0,0.0,15.0,15.0,12.0,12.0,0.0,0.0,7,1.0,0.0,0.0,0.0
7375,75.0,332.0,2.0,274.0,16.0,1.0,1.0,63.0,63.0,57.0,57.0,0.0,0.0,10,2.0,0.0,0.0,0.0
4037,7.0,180.0,1.0,8.0,0.0,0.0,0.0,14.0,14.0,2.0,2.0,1.0,1.0,2,1.0,2.0,3.0,1.0
4916,77.0,346.0,1.0,16.0,16.0,-1.0,2.0,-1.0,0.0,1.0,1.0,0.0,2.0,2,0.0,0.0,0.0,0.0
1076,175.0,339.0,2.0,26.0,41.0,1.0,1.0,24.0,24.0,8.0,8.0,1.0,1.0,2,7.0,1.0,2.0,1.0
10607,75.22896628422349,226.0,3.0,598.8036853194192,0.0,27.71494380703915,1.0,116.51862912645836,116.51862912645836,76.80368531941923,76.80368531941923,2.0,2.0,7,3.7429887614078297,0.0,0.0,0.0
1069,5.0,180.0,7.0,18.0,0.0,0.0,0.0,15.0,15.0,2.0,2.0,1.0,1.0,2,1.0,1.0,2.0,0.0
10380,89.0,263.23962729480485,1.0,21.0,0.0,1.0,0.0,6.0,6.0,2.0,2.0,1.0,1.0,2,1.0,0.0,0.0,0.0
1136,10.0,180.0,15.0,45.0,0.0,0.0,0.0,14.0,14.0,2.0,2.0,1.0,1.0,2,1.0,2.0,3.0,1.0
999,8.0,180.0,1.0,10.0,0.0,0.0,0.0,1.0,0.0,1.0,0.0,0.0,0.0,1,0.0,0.0,0.0,0.0
2715,2.0,180.0,1.0,111614.0,0.0,0.0,0.0,8.0,8.0,2.0,2.0,1.0,1.0,2,1.0,1.0,1.0,1.0
9711,19.0,229.0,11.0,50.0,0.0,0.0,1.0,71.0,71.0,19.0,19.0,1.0,1.0,2,19.0,0.0,0.0,0.0
7190,74.0,296.0,1.0,159.0,1.0,3.0,1.0,43.0,43.0,23.0,23.0,2.0,2.0,7,1.0,0.0,0.0,0.0
6676,81.0,262.0,1.0,21.0,0.0,1.0,0.0,11.0,11.0,3.0,3.0,2.0,2.0,7,1.0,0.0,0.0,0.0
10635,58.7059391618278,403.39208111756295,2.0,55.31385804426487,93.39208111756294,0.0,1.0,54.31385804426487,54.31385804426487,18.803959441218534,18.803959441218534,2.0,2.0,7,2.0,0.0,0.0,0.9019797206092671
8216,1.0,371.0,1.0,7.0,19.0,0.0,1.0,6.0,6.0,1.0,1.0,1.0,1.0,2,1.0,0.0,0.0,0.0
261,9.0,180.0,1.0,9.0,0.0,0.0,0.0,2.0,2.0,1.0,1.0,1.0,1.0,2,0.0,1.0,1.0,1.0
3910,43.0,379.0,2.0,58.0,23.0,1.0,1.0,57.0,57.0,31.0,31.0,2.0,2.0,7,1.0,0.0,0.0,0.0
3297,9.0,180.0,1.0,9.0,0.0,0.0,0.0,34.0,34.0,2.0,2.0,1.0,1.0,2,1.0,1.0,2.0,0.0
6649,83.0,262.0,1.0,21.0,0.0,1.0,0.0,32.0,32.0,20.0,20.0,2.0,2.0,7,1.0,0.0,0.0,0.0
1695,17.0,180.0,1.0,10.0,0.0,0.0,0.0,9.0,9.0,1.0,1.0,1.0,1.0,2,1.0,2.0,1.0,1.0
8200,5.0,345.0,1.0,18.0,8.0,1.0,1.0,14.0,14.0,9.0,9.0,1.0,1.0,2,1.0,0.0,0.0,0.0
9258,21.0,298.0,1.0,12.0,0.0,1.0,0.0,6.0,6.0,2.0,2.0,1.0,1.0,2,1.0,0.0,0.0,0.0
6507,82.0,262.0,1.0,21.0,0.0,1.0,0.0,20.0,20.0,8.0,8.0,2.0,2.0,7,1.0,0.0,0.0,0.0
1713,3.0,218.0,1.0,10.0,0.0,0.0,0.0,8.0,8.0,2.0,2.0,1.0,1.0,2,1.0,1.0,1.0,1.0
3061,12.0,180.0,1.0,9.0,0.0,0.0,0.0,39.0,39.0,24.0,24.0,0.0,0.0,2,0.0,0.0,0.0,0.0
400,8.0,180.0,1.0,11.0,0.0,0.0,0.0,21.0,21.0,6.0,6.0,1.0,1.0,2,3.0,2.0,3.0,1.0
8795,235.0,300.0,123.0,399.0,19.0,0.0,1.0,398.0,398.0,124.0,124.0,2.0,2.0,7,123.0,0.0,0.0,1.0
3250,9.0,180.0,1.0,9.0,0.0,0.0,0.0,7.0,7.0,2.0,2.0,1.0,1.0,2,1.0,0.0,0.0,0.0
5277,15.0,371.0,1.0,16.0,16.0,-1.0,2.0,11.0,11.0,3.0,3.0,0.0,1.0,1,1.0,3.0,4.0,0.0
5627,38.0,299.0,2.0,26.0,8.0,0.0,1.0,25.0,25.0,5.0,5.0,1.0,1.0,2,2.0,0.0,0.0,0.0
4134,8.0,271.0,1.0,41.0,8.0,0.0,0.0,-1.0,-1.0,-1.0,-1.0,-1.0,-1.0,0,-1.0,-1.0,-1.0,-1.0
6388,84.0,283.0,1.0,28.0,0.0,10.0,0.0,6.0,6.0,2.0,2.0,1.0,1.0,2,1.0,0.0,0.0,0.0
864,8.0,180.0,1.0,10.0,0.0,0.0,0.0,18.0,18.0,4.0,4.0,1.0,1.0,2,3.0,1.0,2.0,1.0
1824,16.0,256.0,1.0,16.0,0.0,0.0,0.0,9.0,9.0,3.0,3.0,1.0,1.0,2,1.0,1.0,1.0,1.0
6489,64.0,262.0,1.0,21.0,0.0,1.0,0.0,6.0,6.0,2.0,2.0,1.0,1.0,2,1.0,0.0,0.0,0.0
9739,20.0,229.0,8.0,35.0,0.0,0.0,1.0,104.0,104.0,14.0,14.0,2.0,2.0,7,2.0,0.0,0.0,1.0
5530,375.0,429.0,40.0,2427.0,64.0,1.0,1.0,241.0,241.0,77.0,77.0,4.0,4.0,10,80.0,0.0,0.0,0.0
2433,6.0,180.0,1.0,10.0,0.0,0.0,0.0,9.0,9.0,1.0,1.0,1.0,1.0,2,1.0,1.0,2.0,1.0
8182,141.0,304.0,1.0,13.0,15.0,0.0,0.0,12.0,12.0,5.0,5.0,2.0,2.0,7,1.0,0.0,0.0,0.0
4303,8.0,180.0,1.0,11.0,0.0,0.0,0.0,3.0,3.0,0.0,0.0,1.0,1.0,2,0.0,1.0,2.0,0.0
3328,4.0,180.0,1.0,16.0,0.0,0.0,0.0,9.0,9.0,3.0,3.0,1.0,1.0,2,1.0,1.0,1.0,1.0
3362,5.0,180.0,1.0,132.0,0.0,0.0,0.0,9.0,9.0,3.0,3.0,1.0,1.0,2,1.0,1.0,1.0,1.0
5165,33.0,354.0,3.0,71.0,52.0,0.0,1.0,-1.0,-1.0,-1.0,-1.0,-1.0,-1.0,0,-1.0,-1.0,-1.0,-1.0
890,74.0,346.0,1.0,16.0,0.0,-1.0,2.0,10.0,10.0,3.0,3.0,1.0,1.0,2,1.0,1.0,1.0,1.0
5750,86.0,411.0,6.0,99.0,101.0,0.0,1.0,98.0,98.0,24.0,24.0,2.0,2.0,7,6.0,0.0,0.0,1.0
8890,11.0,253.0,4.0,21.0,0.0,0.0,1.0,20.0,20.0,5.0,5.0,2.0,2.0,7,4.0,0.0,0.0,0.0
7558,42.0,364.0,1.0,54.0,20.0,0.0,1.0,47.0,47.0,11.0,11.0,6.0,6.0,12,2.0,0.0,0.0,0.0
8485,153.0,283.0,2.0,83.0,0.0,62.0,0.0,30.0,30.0,4.0,4.0,1.0,1.0,2,1.0,0.0,0.0,0.0
4055,8.0,180.0,1.0,10.0,0.0,0.0,0.0,-1.0,0.0,1.0,1.0,0.0,2.0,2,0.0,0.0,1.0,0.0
4990,445.0,180.0,1.0,9.0,0.0,0.0,0.0,-1.0,-1.0,-1.0,-1.0,-1.0,-1.0,0,-1.0,-1.0,-1.0,-1.0
2297,80.0,275.0,1.0,50.0,3.0,1.0,0.0,9.0,9.0,1.0,1.0,1.0,1.0,2,1.0,1.0,2.0,1.0
5079,75.0,180.0,1.0,11.0,0.0,0.0,0.0,-1.0,-1.0,-1.0,-1.0,-1.0,-1.0,0,-1.0,-1.0,-1.0,-1.0
4041,35.0,238.0,1.0,17.0,0.0,1.0,0.0,-1.0,-1.0,-1.0,-1.0,-1.0,-1.0,0,-1.0,-1.0,-1.0,-1.0
1112,10.0,256.0,1.0,16.0,0.0,0.0,0.0,14.0,14.0,2.0,2.0,1.0,1.0,2,1.0,2.0,3.0,1.0
631,10.0,258.0,1.0,10.0,0.0,0.0,1.0,17.0,17.0,5.0,5.0,1.0,1.0,2,4.0,1.0,2.0,1.0
7009,33.0,303.0,1.0,50.0,0.0,0.0,1.0,33.0,33.0,30.0,30.0,0.0,0.0,7,1.0,0.0,0.0,0.0
8404,304.0,358.0,2.0,83.0,30.0,5.0,1.0,106.0,106.0,20.0,20.0,6.0,6.0,10,4.0,0.0,0.0,3.0
4054,4.0,216.0,1.0,28.0,0.0,0.0,0.0,-1.0,0.0,1.0,1.0,0.0,2.0,2,0.0,0.0,0.0,0.0
1838,102.0,180.0,1.0,6.0,0.0,0.0,0.0,8.0,8.0,2.0,2.0,1.0,1.0,2,1.0,1.0,1.0,1.0
5970,70.0,504.0,11.0,780.0,70.0,0.0,1.0,61.0,61.0,26.0,26.0,2.0,2.0,7,11.0,0.0,0.0,0.0
7100,92.0,283.0,1.0,33.0,0.0,15.0,0.0,6.0,6.0,2.0,2.0,1.0,1.0,2,1.0,0.0,0.0,0.0
5383,104.0,104.0,52.0,52.0,3.0,15.0,2.0,2.0,3.0,0.0,1.0,0.0,0.0,1,0.0,0.0,3.0,-1.0
7086,87.0,283.0,1.0,28.0,0.0,10.0,0.0,11.0,11.0,3.0,3.0,2.0,2.0,7,1.0,0.0,0.0,0.0
8390,116.0,417.0,4.0,612.0,34.0,0.0,1.0,76.0,76.0,28.0,28.0,2.0,2.0,7,2.0,2.0,3.0,0.0
10554,34.25872040516651,297.5995617219576,5.353198987083741,185.12936020258326,3.388080607749756,2.8234005064581296,1.0,97.31831736641773,97.31831736641773,44.85828212712414,44.85828212712414,2.0,2.0,7,14.624277062542848,0.0,0.0,0.0
6357,99.0,283.0,1.0,27.0,0.0,9.0,0.0,31.0,31.0,19.0,19.0,2.0,2.0,7,1.0,0.0,0.0,0.0
5370,-1.0,-1.0,-1.0,-1.0,-1.0,-1.0,2.0,27.0,27.0,9.0,9.0,1.0,1.0,2,6.0,2.0,3.0,1.0
3781,-1.0,-1.0,-1.0,-1.0,-1.0,-1.0,2.0,9.0,8.0,1.0,2.0,1.0,1.0,2,1.0,1.0,1.0,1.0
6762,91.0,283.0,1.0,29.0,0.0,11.0,0.0,44.0,44.0,32.0,32.0,0.0,0.0,10,2.0,0.0,0.0,0.0
11025,51.91286429123183,390.1950250193114,2.0,259.4460553447284,22.81535178157613,0.0,1.0,82.66183396581485,82.66183396581485,15.0,15.0,3.0,3.0,10,1.7282160728079572,1.2717839271920428,1.5435678543840854,0.0
5538,44.0,285.0,7.0,82.0,0.0,0.0,1.0,78.0,78.0,38.0,38.0,1.0,1.0,2,7.0,0.0,0.0,0.0
7665,74.0,425.0,2.0,108.0,28.0,0.0,1.0,86.0,86.0,33.0,33.0,3.0,3.0,10,2.0,0.0,0.0,0.0
3182,135.0,180.0,2.0,24.0,0.0,-1.0,2.0,8.0,8.0,2.0,2.0,1.0,1.0,2,1.0,1.0,1.0,1.0
4619,46.0,180.0,1.0,11.0,0.0,0.0,0.0,-1.0,0.0,1.0,1.0,0.0,2.0,2,0.0,0.0,0.0,0.0
6373,87.0,445.0,2.0,84.0,14.0,2.0,1.0,6.0,6.0,2.0,2.0,1.0,1.0,2,1.0,0.0,0.0,0.0
10293,65.0,393.0,2.0,495.0,30.0,0.0,1.0,53.24514195579946,53.24514195579946,46.03761829649955,46.03761829649955,0.0,0.0,10,3.207523659299911,0.0,0.0,0.0
1934,17.0,255.0,1.0,10.0,10.0,0.0,0.0,8.0,8.0,2.0,2.0,1.0,1.0,2,1.0,1.0,1.0,1.0
3535,6.0,180.0,3.0,16.0,0.0,0.0,0.0,59.0,59.0,40.0,40.0,1.0,1.0,13,3.0,0.0,0.0,0.0
7795,51.0,426.0,1.0,125.0,31.0,0.0,1.0,93.0,93.0,87.0,87.0,0.0,0.0,10,2.0,0.0,0.0,0.0
8762,162.0,267.0,23.0,158.0,8.0,0.0,1.0,157.0,157.0,40.0,40.0,2.0,2.0,7,23.0,0.0,0.0,0.0
8166,39.0,349.0,3.0,216.0,29.0,0.0,1.0,42.0,42.0,17.0,17.0,2.0,2.0,7,5.0,0.0,0.0,0.0
3141,37.0,180.0,1.0,11.0,0.0,0.0,0.0,4.0,4.0,1.0,1.0,1.0,1.0,2,0.0,1.0,1.0,1.0
5895,31.0,316.0,1.0,51.0,12.0,0.0,1.0,50.0,50.0,5.0,5.0,2.0,2.0,7,1.0,0.0,0.0,1.0
2631,9.0,180.0,1.0,9.0,0.0,0.0,0.0,378.0,378.0,18.0,18.0,0.0,0.0,7,1.0,0.0,0.0,1.0
295,9.0,180.0,1.0,9.0,0.0,0.0,0.0,18.0,18.0,3.0,3.0,1.0,1.0,2,2.0,2.0,3.0,1.0
10792,26.05292787750121,288.9735360612494,4.132319693753031,159.76182455124453,0.9735360612493937,0.0,1.0,22.920608183748183,22.920608183748183,5.973536061249394,5.973536061249394,2.0,2.0,7,2.0,0.0,0.0,0.0
2876,91.0,227.0,5.0,38.0,0.0,0.0,1.0,9.0,9.0,3.0,3.0,1.0,1.0,2,1.0,1.0,1.0,1.0
9922,60.0,371.0,1.0,16.0,16.0,-1.0,2.0,4.0,4.0,1.0,1.0,1.0,1.0,2,0.0,1.0,1.0,1.0
9718,123.0,229.0,79.0,260.0,0.0,0.0,1.0,80.0,80.0,22.0,22.0,1.0,1.0,2,22.0,0.0,0.0,0.0
4348,563.0,180.0,51.0,128.0,0.0,21.0,1.0,12.0,12.0,2.0,2.0,2.0,2.0,7,2.0,1.0,1.0,1.0
6076,86.0,283.0,1.0,32.0,0.0,14.0,0.0,32.0,32.0,20.0,20.0,2.0,2.0,7,1.0,0.0,0.0,0.0
7393,40.0,370.0,3.0,113.0,14.0,0.0,1.0,101.0,101.0,38.0,38.0,2.0,2.0,7,4.0,0.0,0.0,0.0
9396,22.0,295.0,1.0,51.0,0.0,1.0,1.0,22.0,22.0,19.0,19.0,0.0,0.0,7,1.0,0.0,0.0,0.0
8759,24.0,285.0,4.0,43.0,0.0,0.0,1.0,42.0,42.0,17.0,17.0,2.0,2.0,7,4.0,0.0,0.0,0.0
2446,59.0,371.0,1.0,16.0,16.0,-1.0,2.0,9.0,9.0,2.0,2.0,0.0,1.0,1,1.0,2.0,3.0,0.0
7595,68.0,366.0,2.0,322.0,23.0,7.0,1.0,113.0,113.0,98.0,98.0,0.0,0.0,13,4.0,0.0,0.0,0.0
2439,4.0,180.0,1.0,8.0,0.0,0.0,0.0,9.0,9.0,2.0,2.0,0.0,1.0,1,1.0,1.0,2.0,0.0
7982,76.0,368.0,2.0,612.0,29.0,0.0,1.0,51.0,51.0,45.0,45.0,0.0,0.0,12,2.0,0.0,0.0,0.0
7035,95.0,283.0,1.0,29.0,0.0,11.0,0.0,28.0,28.0,25.0,25.0,0.0,0.0,7,1.0,0.0,0.0,0.0
9687,32.0,288.0,11.0,184.0,0.0,0.0,1.0,112.0,112.0,33.0,33.0,2.0,2.0,7,31.0,0.0,0.0,0.0
656,17.0,377.0,9.0,29.0,19.0,0.0,1.0,17.0,17.0,5.0,5.0,1.0,1.0,2,4.0,1.0,2.0,1.0
2085,169.0,313.0,1.0,51.0,22.0,0.0,0.0,8.0,8.0,2.0,2.0,1.0,1.0,2,1.0,1.0,1.0,1.0
2509,38.0,180.0,1.0,11.0,0.0,0.0,0.0,8.0,8.0,2.0,2.0,1.0,1.0,2,1.0,1.0,1.0,1.0
6403,80.0,262.0,1.0,21.0,0.0,1.0,0.0,27.0,27.0,24.0,24.0,0.0,0.0,7,1.0,0.0,0.0,0.0
7924,86.0,376.0,2.0,432.0,14.0,0.0,1.0,133.0,133.0,49.0,49.0,2.0,2.0,7,2.0,1.0,2.0,0.0
9781,69.0,307.0,5.0,125.0,11.0,0.0,1.0,36.0,36.0,11.0,11.0,2.0,2.0,7,6.0,0.0,0.0,0.0
10174,38.25029517201121,506.0350817742617,4.464327881715887,391.85731152686355,70.67836059142057,0.0,1.0,44.60701635485234,44.60701635485234,13.857311526863546,13.857311526863546,2.0,2.0,7,7.142688473136454,0.0,0.0,0.0
6199,79.0,262.0,1.0,21.0,0.0,1.0,0.0,452.0,452.0,141.0,141.0,1.0,1.0,2,139.0,0.0,0.0,0.0
8942,26.0,260.0,1.0,12.0,0.0,1.0,0.0,11.0,11.0,3.0,3.0,2.0,2.0,7,1.0,0.0,0.0,0.0
9353,24.0,298.0,1.0,12.0,0.0,1.0,0.0,26.0,26.0,14.0,14.0,2.0,2.0,7,1.0,0.0,0.0,0.0
4001,7.0,201.0,1.0,996.0,0.0,0.0,0.0,-1.0,-1.0,-1.0,-1.0,-1.0,-1.0,0,-1.0,-1.0,-1.0,-1.0
5983,92.0,283.0,1.0,23.0,0.0,5.0,0.0,22.0,22.0,10.0,10.0,2.0,2.0,7,1.0,0.0,0.0,0.0
2074,2.0,180.0,1.0,263987.0,0.0,0.0,0.0,4.0,4.0,1.0,1.0,1.0,1.0,2,0.0,1.0,1.0,1.0
277,9.0,180.0,1.0,9.0,0.0,0.0,0.0,1.0,0.0,1.0,0.0,0.0,0.0,1,0.0,0.0,0.0,0.0
4254,9.0,180.0,1.0,9.0,0.0,0.0,0.0,-1.0,0.0,1.0,1.0,0.0,2.0,2,0.0,0.0,0.0,0.0
10794,86.5681721670325,418.1419368791156,1.8920430417581238,301.57376471208306,26.892043041758125,0.0,1.0,206.62494691867872,206.62494691867872,96.32387087472563,96.32387087472563,3.7840860835162475,3.7840860835162475,7,1.0,2.6477417494512583,3.6477417494512583,0.0
7235,73.0,226.0,4.0,313.0,0.0,0.0,1.0,114.0,114.0,108.0,108.0,0.0,0.0,7,4.0,0.0,0.0,0.0
9338,102.0,283.0,1.0,30.0,0.0,12.0,0.0,6.0,6.0,2.0,2.0,1.0,1.0,2,1.0,0.0,0.0,0.0
294,6.0,256.0,2.0,19.0,0.0,0.0,0.0,16.0,16.0,2.0,2.0,1.0,1.0,2,1.0,3.0,4.0,1.0
6848,79.0,262.0,1.0,21.0,0.0,1.0,0.0,22.0,22.0,10.0,10.0,2.0,2.0,7,1.0,0.0,0.0,0.0
9169,21.0,298.0,1.0,13.0,0.0,1.0,0.0,24.0,24.0,12.0,12.0,2.0,2.0,7,1.0,0.0,0.0,0.0
6302,74.0,272.0,1.0,21.0,0.0,1.0,0.0,32.0,32.0,28.0,28.0,0.0,0.0,7,2.0,0.0,0.0,0.0
9896,36.0,321.0,3.0,22.0,10.0,3.0,1.0,8.0,8.0,2.0,2.0,1.0,1.0,2,1.0,1.0,1.0,1.0
6735,94.0,283.0,1.0,42.0,0.0,24.0,0.0,6.0,6.0,2.0,2.0,1.0,1.0,2,1.0,0.0,0.0,0.0
9360,212.0,271.0,14.0,95.0,0.0,0.0,1.0,33.0,33.0,30.0,30.0,0.0,0.0,7,1.0,0.0,0.0,0.0
3517,223.0,271.0,1.0,75.0,0.0,3.0,0.0,7.0,6.0,1.0,1.0,0.0,1.0,2,1.0,1.0,2.0,0.0
6989,90.0,283.0,1.0,31.0,0.0,13.0,0.0,6.0,6.0,2.0,2.0,1.0,1.0,2,1.0,0.0,0.0,0.0
3324,72.0,288.0,1.0,14.0,0.0,0.0,0.0,30.0,30.0,4.0,4.0,1.0,1.0,2,1.0,1.0,2.0,1.0
3545,12.0,180.0,1.0,77.0,0.0,0.0,0.0,8.0,8.0,1.0,1.0,1.0,1.0,2,1.0,0.0,0.0,1.0
6939,93.0,283.0,1.0,32.0,0.0,14.0,0.0,24.0,24.0,12.0,12.0,2.0,2.0,7,1.0,0.0,0.0,0.0
1369,12.0,224.0,0.0,20.0,7.0,0.0,0.0,7.0,7.0,1.0,1.0,1.0,1.0,2,1.0,1.0,1.0,1.0
9096,28.0,260.0,1.0,12.0,0.0,1.0,0.0,24.0,24.0,12.0,12.0,2.0,2.0,7,1.0,0.0,0.0,0.0
4609,51.0,565.0,1.0,107.0,280.0,1.0,0.0,-1.0,-1.0,-1.0,-1.0,-1.0,-1.0,0,-1.0,-1.0,-1.0,-1.0
4163,4.0,180.0,1.0,14.0,0.0,0.0,0.0,0.0,1.0,1.0,0.0,1.0,1.0,2,0.0,1.0,0.0,0.0
9981,75.0,375.0,1.0,16.0,16.0,-1.0,2.0,9.0,9.0,3.0,3.0,1.0,1.0,2,1.0,1.0,1.0,1.0
1314,46.0,180.0,1.0,15.0,0.0,0.0,0.0,11.0,11.0,2.0,2.0,1.0,1.0,2,2.0,1.0,2.0,0.0
4085,6.0,180.0,2.0,9.0,0.0,0.0,0.0,10.0,10.0,3.0,3.0,1.0,1.0,2,1.0,1.0,1.0,1.0
1726,14.0,224.0,0.0,20.0,7.0,0.0,0.0,95.0,95.0,52.0,52.0,1.0,1.0,2,1.0,4.0,5.0,0.0
2357,9.0,180.0,1.0,10.0,0.0,0.0,0.0,9.0,9.0,2.0,2.0,0.0,1.0,1,1.0,1.0,2.0,0.0
3395,135.0,180.0,1.0,77.0,0.0,0.0,0.0,6.0,6.0,1.0,1.0,1.0,1.0,2,1.0,1.0,1.0,1.0
7741,89.0,389.0,1.0,620.0,32.0,0.0,1.0,134.0,134.0,127.0,127.0,0.0,0.0,12,2.0,0.0,0.0,0.0
7406,44.0,360.0,6.0,133.0,16.0,0.0,1.0,59.0,59.0,49.0,49.0,0.0,0.0,10,6.0,0.0,0.0,0.0
5886,58.0,319.0,2.0,28.0,28.0,0.0,1.0,27.0,27.0,8.0,8.0,2.0,2.0,7,2.0,0.0,0.0,0.0
9511,17.0,299.0,3.0,100.0,11.0,0.0,1.0,106.0,106.0,45.0,45.0,2.0,2.0,7,38.0,0.0,0.0,0.0
6051,44.0,477.0,6.0,466.0,61.0,0.0,1.0,43.0,43.0,17.0,17.0,2.0,2.0,7,6.0,0.0,0.0,0.0
9941,78.0,362.0,1.0,16.0,16.0,-1.0,2.0,9.0,9.0,3.0,3.0,1.0,1.0,2,1.0,1.0,1.0,1.0
6269,81.0,262.0,1.0,21.0,0.0,1.0,0.0,9.0,9.0,4.0,4.0,1.0,1.0,2,2.0,0.0,0.0,0.0
10484,54.32212704601846,605.938170573583,1.0,70.38611979142438,106.419738653369,2.612798549081183,1.0,35.419738653368995,35.419738653368995,28.80585844479337,28.80585844479337,0.2581343006125447,0.2581343006125447,7,1.0,0.0,0.0,0.12906715030627236
9746,16.0,229.0,13.0,51.0,0.0,0.0,1.0,174.0,174.0,53.0,53.0,1.0,1.0,2,53.0,0.0,0.0,0.0
1397,16.0,180.0,1.0,10.0,0.0,0.0,0.0,8.0,8.0,2.0,2.0,1.0,1.0,2,1.0,1.0,1.0,1.0
1244,1.0,180.0,1.0,111612.0,0.0,0.0,0.0,14.0,14.0,11.0,11.0,0.0,0.0,7,1.0,0.0,0.0,0.0
7620,94.0,421.0,1.0,618.0,32.0,1.0,1.0,59.0,59.0,53.0,53.0,0.0,0.0,10,2.0,0.0,0.0,0.0
833,4.0,480.0,2.0,13.0,16.0,0.0,1.0,21.0,21.0,11.0,11.0,1.0,1.0,2,1.0,5.0,6.0,0.0
149,2.0,180.0,1.0,111612.0,0.0,0.0,0.0,10.0,10.0,3.0,3.0,1.0,1.0,2,1.0,1.0,1.0,1.0
3647,-1.0,-1.0,-1.0,-1.0,-1.0,-1.0,2.0,7.0,7.0,2.0,2.0,1.0,1.0,2,1.0,0.0,0.0,0.0
5268,16.0,180.0,1.0,10.0,0.0,0.0,0.0,27.0,27.0,10.0,10.0,1.0,1.0,2,1.0,5.0,6.0,0.0
184,74.0,362.0,1.0,16.0,16.0,-1.0,2.0,10.0,10.0,3.0,3.0,1.0,1.0,2,1.0,1.0,1.0,1.0
9079,24.0,298.0,1.0,12.0,0.0,1.0,0.0,112.0,112.0,16.0,16.0,2.0,2.0,7,1.0,0.0,0.0,0.0
920,11.0,180.0,0.0,16.0,0.0,0.0,0.0,19.0,19.0,9.0,9.0,1.0,1.0,2,1.0,0.0,0.0,0.0
1487,16.0,180.0,1.0,10.0,0.0,0.0,0.0,9.0,9.0,1.0,1.0,1.0,1.0,2,1.0,1.0,2.0,1.0
2926,34.0,180.0,1.0,16.0,0.0,0.0,0.0,9.0,9.0,1.0,1.0,1.0,1.0,2,1.0,1.0,2.0,1.0
5610,79.0,322.0,14.0,77.0,44.0,0.0,1.0,76.0,76.0,23.0,23.0,2.0,2.0,7,14.0,0.0,0.0,0.0
5968,60.0,323.0,8.0,423.0,28.0,0.0,1.0,70.0,70.0,25.0,25.0,4.0,4.0,10,16.0,0.0,0.0,0.0
3634,38.0,256.0,1.0,28.0,0.0,4.0,0.0,9.0,9.0,3.0,3.0,1.0,1.0,2,1.0,1.0,2.0,0.0
10305,202.9116776782236,279.330962128295,7.941118452149068,66.97767284118945,0.0,4.5441611608881995,1.0,37.5441611608882,37.5441611608882,14.85279613037267,14.85279613037267,1.514720386962733,1.514720386962733,7,3.2720805804440998,0.0,0.0,0.0
8864,251.0,304.0,3.0,106.0,0.0,0.0,1.0,104.0,104.0,22.0,22.0,2.0,2.0,7,3.0,0.0,0.0,0.0
5742,54.0,363.0,1.0,41.0,53.0,0.0,1.0,40.0,40.0,17.0,17.0,2.0,2.0,7,1.0,0.0,0.0,1.0
2035,12.0,180.0,1.0,8.0,0.0,0.0,0.0,9.0,9.0,3.0,3.0,1.0,1.0,2,1.0,1.0,1.0,1.0
5777,53.0,403.0,1.0,35.0,93.0,0.0,1.0,34.0,34.0,15.0,15.0,2.0,2.0,7,1.0,0.0,0.0,0.0
264,8.0,180.0,1.0,11.0,0.0,0.0,0.0,11.0,11.0,4.0,4.0,1.0,1.0,2,1.0,1.0,1.0,1.0
3299,2.0,180.0,1.0,9.0,0.0,0.0,0.0,34.0,34.0,32.0,31.0,0.0,0.0,7,1.0,0.0,0.0,0.0
5419,67.0,297.0,18.0,75.0,0.0,0.0,1.0,74.0,74.0,19.0,19.0,1.0,1.0,2,18.0,0.0,0.0,0.0
2504,4.0,247.0,1.0,16.0,0.0,0.0,0.0,8.0,8.0,2.0,2.0,1.0,1.0,2,1.0,1.0,1.0,1.0
4692,873.0,275.0,1.0,45.0,3.0,0.0,0.0,-1.0,0.0,1.0,1.0,0.0,2.0,2,0.0,0.0,0.0,0.0
7566,42.0,374.0,2.0,82.0,18.0,0.0,1.0,78.0,78.0,70.0,70.0,0.0,0.0,10,4.0,0.0,0.0,0.0
3030,7.0,288.0,1.0,16.0,2.0,-1.0,2.0,44.0,44.0,8.0,8.0,1.0,1.0,2,1.0,0.0,0.0,0.0
4505,36.0,224.0,0.0,20.0,7.0,0.0,0.0,19.0,19.0,9.0,9.0,1.0,1.0,2,1.0,0.0,0.0,0.0
8401,267.0,342.0,27.0,307.0,32.0,2.0,1.0,1812.0,1812.0,47.0,47.0,2.0,2.0,7,26.0,0.0,0.0,0.0
10755,75.98752263658804,262.0,1.0,21.0,0.0,1.0,0.0,112.31253772764673,112.31253772764673,21.31253772764673,21.31253772764673,2.0,2.0,7,1.0,0.0,0.0,0.0
6792,86.0,283.0,1.0,26.0,0.0,8.0,0.0,11.0,11.0,3.0,3.0,2.0,2.0,7,1.0,0.0,0.0,0.0
2250,75.0,256.0,1.0,36.0,0.0,12.0,0.0,35.0,35.0,18.0,18.0,1.0,1.0,2,1.0,5.0,6.0,0.0
2395,5.0,218.0,1.0,10.0,0.0,0.0,0.0,9.0,9.0,2.0,2.0,0.0,1.0,1,1.0,1.0,2.0,0.0
1378,15.0,224.0,0.0,20.0,7.0,0.0,0.0,9.0,9.0,2.0,2.0,0.0,1.0,1,1.0,1.0,2.0,0.0
1500,30.0,256.0,1.0,16.0,0.0,0.0,0.0,8.0,8.0,2.0,2.0,1.0,1.0,2,1.0,1.0,1.0,1.0
2291,4.0,180.0,1.0,14.0,0.0,0.0,0.0,9.0,9.0,2.0,2.0,0.0,1.0,1,1.0,2.0,3.0,0.0
9932,76.0,380.0,1.0,16.0,16.0,-1.0,2.0,8.0,8.0,2.0,2.0,1.0,1.0,2,1.0,1.0,1.0,1.0
9276,152.0,298.0,1.0,117.0,0.0,1.0,1.0,151.0,151.0,21.0,21.0,3.0,3.0,10,2.0,0.0,0.0,0.0
9459,25.0,296.0,6.0,292.0,0.0,0.0,1.0,39.0,39.0,13.0,13.0,3.0,3.0,10,6.0,0.0,0.0,0.0
9301,28.0,238.0,1.0,14.0,0.0,0.0,1.0,30.0,30.0,4.0,4.0,1.0,1.0,2,1.0,0.0,0.0,0.0
7074,32.0,260.0,1.0,12.0,0.0,1.0,0.0,31.0,31.0,19.0,19.0,2.0,2.0,7,1.0,0.0,0.0,0.0
3454,26.0,25545.0,0.0,4.0,19.0,0.0,0.0,9.0,9.0,2.0,2.0,2.0,2.0,2,1.0,2.0,3.0,0.0
7761,75.0,389.0,2.0,2677.0,29.0,2.0,1.0,53.0,53.0,47.0,47.0,0.0,0.0,10,2.0,0.0,0.0,0.0
9676,14.0,288.0,3.0,68.0,0.0,0.0,1.0,43.0,43.0,10.0,10.0,2.0,2.0,7,4.0,0.0,0.0,0.0
3437,10.0,258.0,1.0,31.0,0.0,0.0,0.0,9.0,9.0,2.0,2.0,0.0,1.0,1,1.0,1.0,2.0,0.0
3966,46.0,180.0,1.0,11.0,0.0,0.0,0.0,-1.0,-1.0,-1.0,-1.0,-1.0,-1.0,0,-1.0,-1.0,-1.0,-1.0
7203,71.0,226.0,3.0,287.0,0.0,0.0,1.0,86.0,86.0,56.0,56.0,2.0,2.0,7,3.0,0.0,0.0,0.0
9001,25.0,260.0,1.0,12.0,0.0,1.0,0.0,29.0,29.0,17.0,17.0,2.0,2.0,7,1.0,0.0,0.0,0.0
3254,2.0,256.0,1.0,15.0,0.0,0.0,0.0,6.0,6.0,2.0,2.0,1.0,1.0,2,1.0,0.0,0.0,0.0
7428,58.0,337.0,8.0,149.0,19.0,0.0,1.0,98.0,98.0,42.0,42.0,2.0,2.0,7,8.0,0.0,0.0,0.0
10971,82.13053412147264,434.86946587852736,1.0,470.9310281000363,36.733991971418206,0.0,1.0,56.1330040142909,56.1330040142909,48.266008028581794,48.266008028581794,0.0,0.0,12,2.0,0.0,0.0,0.0
10672,32.43309780963085,299.0,1.0,22.13380438073829,8.0,0.0,1.0,21.13380438073829,21.13380438073829,4.0,4.0,1.0,1.0,2,1.0,0.0,0.0,0.0
51,15.0,224.0,0.0,20.0,7.0,0.0,0.0,10.0,10.0,3.0,3.0,1.0,1.0,2,1.0,1.0,1.0,1.0
6449,65.0,262.0,1.0,21.0,0.0,1.0,0.0,6.0,6.0,2.0,2.0,1.0,1.0,2,1.0,0.0,0.0,0.0
7792,87.0,383.0,2.0,460.0,16.0,0.0,1.0,63.0,63.0,56.0,56.0,0.0,0.0,12,3.0,0.0,0.0,0.0
10815,50.03675815107567,287.17426929424704,8.596324184892433,45.770593479139464,16.669840487043764,0.0,1.0,44.770593479139464,44.770593479139464,11.577945109354602,11.577945109354602,1.5963241848924334,1.5963241848924334,4,8.596324184892433,0.0,0.0,0.0
7633,88.0,384.0,2.0,96.0,23.0,13.0,1.0,50.0,50.0,45.0,45.0,0.0,0.0,10,1.0,0.0,0.0,0.0
7926,85.0,349.0,2.0,449.0,14.0,0.0,1.0,70.0,70.0,64.0,64.0,0.0,0.0,10,2.0,0.0,0.0,0.0
10039,34.71047628055246,298.0,1.3872108972217807,13.936054486108903,0.0,1.3872108972217807,0.0,139.9360544861089,139.9360544861089,25.0,25.0,3.612789102778219,3.612789102778219,11,1.6127891027782193,0.0,0.0,0.0
6870,85.0,272.0,1.0,21.0,0.0,1.0,0.0,12.0,12.0,4.0,4.0,2.0,2.0,7,1.0,0.0,0.0,0.0
1969,17.0,247.0,1.0,10.0,5.0,0.0,0.0,4.0,4.0,1.0,1.0,0.0,1.0,1,1.0,1.0,1.0,1.0
2713,5.0,180.0,1.0,8.0,0.0,0.0,0.0,4.0,4.0,1.0,1.0,0.0,1.0,1,1.0,1.0,1.0,1.0
7848,96.0,386.0,4.0,800.0,14.0,0.0,1.0,73.0,73.0,66.0,66.0,0.0,0.0,10,3.0,0.0,0.0,0.0
5578,80.0,353.0,2.0,45.0,48.0,0.0,1.0,44.0,44.0,11.0,11.0,2.0,2.0,7,2.0,0.0,0.0,1.0
9554,83.0,229.0,51.0,168.0,0.0,0.0,1.0,33.0,33.0,9.0,9.0,1.0,1.0,2,7.0,0.0,0.0,0.0
1514,3.0,180.0,0.0,11.0,0.0,0.0,0.0,9.0,9.0,2.0,2.0,0.0,1.0,1,1.0,1.0,2.0,0.0
7631,67.0,352.0,1.0,451.0,14.0,0.0,1.0,82.0,82.0,76.0,76.0,0.0,0.0,10,2.0,0.0,0.0,0.0
10395,378.3817870238085,354.80151774801595,19.374198283728745,385.8242839682553,34.0,3.0,1.0,385.03035496031913,385.03035496031913,35.962056299601095,35.962056299601095,2.0,2.0,7,19.969645039680877,0.0,0.0,0.0
8304,111.0,346.0,4.0,946.0,14.0,0.0,1.0,450.0,450.0,102.0,102.0,2.0,2.0,7,2.0,1.0,2.0,0.0
3333,9.0,376.0,5.0,20.0,0.0,0.0,1.0,8.0,8.0,2.0,2.0,1.0,1.0,2,1.0,1.0,1.0,1.0
168,5.0,201.0,1.0,79.0,0.0,0.0,0.0,19.0,19.0,9.0,9.0,1.0,1.0,2,1.0,0.0,0.0,0.0
2322,6.0,218.0,1.0,10.0,0.0,0.0,0.0,9.0,9.0,2.0,2.0,0.0,1.0,2,0.0,1.0,2.0,0.0
4671,73.0,364.0,1.0,16.0,16.0,-1.0,2.0,-1.0,-1.0,-1.0,-1.0,-1.0,-1.0,0,-1.0,-1.0,-1.0,-1.0
424,14.0,256.0,1.0,16.0,0.0,0.0,0.0,10.0,10.0,3.0,3.0,1.0,1.0,2,1.0,1.0,1.0,1.0
2602,76.0,325.0,1.0,16.0,10.0,-1.0,2.0,8.0,8.0,2.0,2.0,1.0,1.0,2,1.0,1.0,1.0,1.0
3494,421.0,410.0,36.0,805.0,40.0,369.0,1.0,9.0,9.0,3.0,3.0,1.0,1.0,2,1.0,1.0,1.0,1.0
4256,5.0,218.0,1.0,10.0,0.0,0.0,0.0,21.0,21.0,13.0,13.0,0.0,0.0,10,1.0,2.0,4.0,0.0
9437,122.0,250.0,19.0,198.0,0.0,0.0,1.0,230.0,230.0,68.0,68.0,2.0,2.0,7,60.0,0.0,0.0,0.0
1354,2.0,180.0,1.0,111612.0,0.0,0.0,0.0,9.0,9.0,2.0,2.0,0.0,1.0,1,1.0,1.0,2.0,0.0
3758,-1.0,-1.0,-1.0,-1.0,-1.0,-1.0,2.0,95.0,95.0,20.0,20.0,3.0,3.0,10,4.0,1.0,1.0,1.0
7237,95.0,305.0,4.0,799.0,6.0,47.0,1.0,126.0,126.0,90.0,90.0,2.0,2.0,7,4.0,0.0,0.0,0.0
9349,20.0,283.0,1.0,10.0,0.0,1.0,0.0,9.0,9.0,4.0,4.0,1.0,1.0,2,1.0,0.0,0.0,0.0
3537,300.0,273.0,1.0,69.0,0.0,3.0,0.0,9.0,10.0,5.0,5.0,1.0,1.0,2,1.0,1.0,1.0,1.0
7907,94.0,395.0,1.0,1220.0,27.0,0.0,1.0,88.0,88.0,79.0,79.0,0.0,0.0,14,3.0,0.0,0.0,0.0
3156,8.0,180.0,1.0,10.0,0.0,0.0,0.0,8.0,8.0,2.0,2.0,1.0,1.0,2,1.0,1.0,2.0,0.0
3326,54.0,180.0,1.0,77.0,0.0,0.0,0.0,35.0,35.0,18.0,18.0,1.0,1.0,2,1.0,5.0,6.0,0.0
4000,8.0,180.0,1.0,11.0,0.0,0.0,0.0,-1.0,0.0,1.0,1.0,0.0,1.0,2,0.0,0.0,0.0,0.0
11067,75.38779532479634,366.36732280512217,1.9387795324796337,345.6938976623982,17.673425142724028,0.0,1.0,59.571456727357436,59.571456727357436,52.6326771948778,52.6326771948778,0.0,0.0,11,2.938779532479634,0.0,0.0,0.0
9307,27.0,298.0,1.0,12.0,0.0,1.0,0.0,52.0,52.0,24.0,24.0,2.0,2.0,7,8.0,0.0,0.0,0.0
853,8.0,180.0,1.0,16.0,0.0,0.0,0.0,10.0,10.0,3.0,3.0,1.0,1.0,2,1.0,1.0,1.0,1.0
8192,94.0,282.0,1.0,35.0,44.0,0.0,1.0,34.0,34.0,8.0,8.0,1.0,1.0,2,1.0,0.0,0.0,1.0
10598,89.13710342597072,355.16077589692077,2.36643103587683,463.5720861748329,14.63356896412317,0.0,1.0,166.83215517938416,166.83215517938416,64.40424135421706,64.40424135421706,4.0,4.0,8,4.63356896412317,0.0,0.0,0.0
7179,68.0,226.0,2.0,490.0,0.0,23.0,1.0,132.0,132.0,89.0,89.0,2.0,2.0,7,3.0,0.0,0.0,0.0
2258,7.0,298.0,1.0,16.0,2.0,-1.0,2.0,9.0,9.0,1.0,1.0,1.0,1.0,2,1.0,1.0,2.0,1.0
53,16.0,180.0,1.0,10.0,0.0,0.0,0.0,11.0,11.0,3.0,3.0,0.0,1.0,1,1.0,3.0,4.0,0.0
6923,81.0,262.0,1.0,21.0,0.0,1.0,0.0,17.0,17.0,6.0,6.0,2.0,2.0,7,2.0,0.0,0.0,0.0
10524,131.6246104705566,447.824328305156,10.640641230393474,1348.363885832157,45.50400768995921,0.679679384803263,1.0,49.01150369728647,49.01150369728647,16.097595386024473,16.097595386024473,1.679679384803263,1.679679384803263,4,2.0,0.679679384803263,1.0195190772048943,0.0
2177,15.0,250.0,1.0,16.0,0.0,-1.0,2.0,9.0,9.0,3.0,3.0,1.0,1.0,2,1.0,1.0,1.0,1.0
6290,79.0,283.0,1.0,32.0,0.0,14.0,0.0,32.0,32.0,20.0,20.0,2.0,2.0,7,1.0,0.0,0.0,0.0
6642,82.0,283.0,1.0,25.0,0.0,7.0,0.0,34.0,34.0,31.0,31.0,0.0,0.0,7,1.0,0.0,0.0,0.0
10556,77.63751224611771,283.0,1.0,28.63751224611771,0.0,10.63751224611771,0.0,27.0,27.0,15.0,15.0,2.0,2.0,7,1.0,0.0,0.0,0.0
3995,74.0,315.0,1.0,22.0,23.0,0.0,0.0,22.0,22.0,7.0,7.0,1.0,1.0,2,6.0,1.0,2.0,1.0
4715,7.0,180.0,0.0,1991.0,0.0,0.0,0.0,-1.0,-1.0,-1.0,-1.0,-1.0,-1.0,0,-1.0,-1.0,-1.0,-1.0
3700,-1.0,-1.0,-1.0,-1.0,-1.0,-1.0,2.0,68.0,68.0,51.0,51.0,1.0,1.0,2,1.0,5.0,6.0,0.0
5091,67.0,273.0,1.0,36.0,3.0,0.0,0.0,-1.0,0.0,0.0,1.0,0.0,1.0,2,0.0,0.0,0.0,0.0
10131,64.73457247208269,226.0,2.911524157360895,253.5843865177743,0.0,0.0,1.0,88.12342022333851,88.12342022333851,56.68104101014299,56.68104101014299,2.0,2.0,7,2.088475842639105,0.0,0.0,0.0
5697,76.0,299.0,10.0,52.0,8.0,0.0,1.0,51.0,51.0,14.0,14.0,1.0,1.0,2,10.0,0.0,0.0,0.0
2841,84.0,180.0,2.0,24.0,0.0,-1.0,2.0,89.0,89.0,31.0,31.0,1.0,1.0,7,12.0,4.0,5.0,0.0
7798,400.0,393.0,2.0,776.0,23.0,0.0,1.0,93.0,93.0,87.0,87.0,0.0,0.0,10,2.0,0.0,0.0,0.0
1212,7.0,201.0,1.0,996.0,0.0,0.0,0.0,14.0,14.0,2.0,2.0,1.0,1.0,2,1.0,2.0,3.0,1.0
7764,38.0,455.0,1.0,230.0,23.0,0.0,1.0,140.0,140.0,33.0,33.0,4.0,4.0,7,2.0,2.0,3.0,0.0
9885,32.0,316.0,2.0,22.0,8.0,2.0,1.0,9.0,9.0,3.0,3.0,1.0,1.0,2,1.0,1.0,1.0,1.0
10444,32.83161303810405,302.42826603630346,1.0519758148815033,50.0,0.0,0.0,1.0,11.363830704170525,11.363830704170525,3.0519758148815033,3.0519758148815033,1.9480241851184967,1.9480241851184967,6,1.0519758148815033,0.0,0.0,0.0
3848,33.0,320.0,3.0,71.0,43.0,0.0,1.0,72.0,72.0,5.0,5.0,1.0,1.0,2,4.0,0.0,0.0,1.0
3994,7.0,250.0,1.0,15.0,0.0,0.0,0.0,-1.0,-1.0,-1.0,-1.0,-1.0,-1.0,0,-1.0,-1.0,-1.0,-1.0
10811,284.55348548917095,279.82689698249834,5.551264654998878,71.86329425333632,0.0,5.551264654998878,1.0,79.96582356333408,79.96582356333408,21.863294253336324,21.863294253336324,2.0,2.0,7,6.309808764165358,0.0,0.0,0.0
10000,37.0,299.0,9.0,26.0,16.0,0.0,1.0,9.0,9.0,3.0,3.0,1.0,1.0,2,1.0,1.0,1.0,1.0
3591,1.0,180.0,1.0,111612.0,0.0,0.0,0.0,8.0,8.0,2.0,2.0,1.0,1.0,2,1.0,1.0,2.0,0.0
8049,67.0,588.0,7.0,62.0,102.0,0.0,1.0,51.0,51.0,45.0,45.0,0.0,0.0,10,2.0,0.0,0.0,0.0
6924,79.0,226.0,1.0,28.0,0.0,11.0,0.0,6.0,6.0,2.0,2.0,1.0,1.0,2,1.0,0.0,0.0,0.0
515,17.0,180.0,1.0,10.0,0.0,0.0,0.0,21.0,21.0,11.0,11.0,1.0,1.0,2,1.0,5.0,6.0,0.0
8263,1.0,352.0,1.0,12.0,15.0,0.0,0.0,9.0,9.0,2.0,2.0,1.0,1.0,2,1.0,0.0,0.0,0.0
2709,87.0,266.0,1.0,43.0,0.0,0.0,0.0,9.0,9.0,3.0,3.0,1.0,1.0,2,1.0,1.0,1.0,1.0
356,5.0,201.0,1.0,79.0,0.0,0.0,0.0,14.0,14.0,2.0,2.0,1.0,1.0,2,1.0,2.0,3.0,1.0
6962,34.0,250.0,1.0,20.0,0.0,0.0,1.0,13.0,13.0,4.0,4.0,1.0,1.0,2,1.0,0.0,0.0,0.0
8118,332.0,319.0,12.0,2093.0,0.0,0.0,1.0,477.0,477.0,25.0,25.0,2.0,2.0,7,13.0,0.0,0.0,1.0
5501,97.0,306.0,25.0,74.0,0.0,0.0,1.0,73.0,73.0,30.0,30.0,2.0,2.0,7,25.0,0.0,0.0,1.0
8721,375.0,339.0,1.0,240.0,42.0,7.0,1.0,35.0,35.0,9.0,9.0,2.0,2.0,7,2.0,0.0,0.0,0.0
3320,16.0,180.0,1.0,77.0,0.0,0.0,0.0,6.0,6.0,1.0,1.0,1.0,1.0,2,1.0,1.0,0.0,0.0
59,1.0,180.0,1.0,111612.0,0.0,0.0,0.0,19.0,19.0,9.0,9.0,1.0,1.0,2,1.0,0.0,0.0,0.0
9140,25.0,298.0,1.0,12.0,0.0,1.0,0.0,41.0,41.0,29.0,29.0,2.0,2.0,7,1.0,0.0,0.0,0.0
5439,331.0,305.0,10.0,70.0,12.0,2.0,1.0,69.0,69.0,20.0,20.0,2.0,2.0,7,10.0,0.0,0.0,0.0
9776,51.0,293.0,4.0,291.0,0.0,0.0,1.0,42.0,42.0,13.0,13.0,2.0,2.0,7,5.0,0.0,0.0,1.0
281,2.0,256.0,1.0,15.0,0.0,0.0,0.0,19.0,19.0,9.0,9.0,1.0,1.0,2,1.0,0.0,0.0,0.0
10700,118.44763483749618,297.35984299932494,32.887006834795955,496.058665494262,3.1464573324332568,0.0,1.0,111.06692833445842,111.06692833445842,41.28031400135011,41.28031400135011,2.0,2.0,3,32.887006834795955,0.0,0.0,0.0
3348,12.0,180.0,1.0,9.0,0.0,0.0,0.0,7.0,7.0,1.0,1.0,1.0,1.0,2,1.0,1.0,2.0,0.0
1629,16.0,399.0,6.0,23.0,15.0,0.0,1.0,9.0,9.0,3.0,3.0,1.0,1.0,2,1.0,1.0,1.0,1.0
2782,8.0,180.0,1.0,11.0,0.0,0.0,0.0,7.0,7.0,2.0,2.0,1.0,1.0,2,1.0,1.0,1.0,1.0
9747,11.0,229.0,6.0,27.0,0.0,0.0,1.0,133.0,133.0,40.0,40.0,1.0,1.0,2,40.0,0.0,0.0,0.0
5148,33.0,463.0,4.0,69.0,95.0,0.0,1.0,-1.0,-1.0,-1.0,-1.0,-1.0,-1.0,0,-1.0,-1.0,-1.0,-1.0
8643,252.0,349.0,15.0,1185.0,30.0,3.0,1.0,291.0,291.0,43.0,43.0,2.0,2.0,7,22.0,0.0,0.0,0.0
3575,7.0,201.0,1.0,996.0,0.0,0.0,0.0,5.0,4.0,1.0,0.0,0.0,0.0,1,1.0,0.0,0.0,1.0
7325,73.0,349.0,2.0,401.0,61.0,0.0,1.0,20.0,20.0,17.0,17.0,0.0,0.0,7,1.0,0.0,0.0,0.0
10412,28.18415380399243,287.49839425975523,3.8667018677400655,49.05085567173249,2.365096127495269,0.0,1.0,272.0444327107533,272.0444327107533,81.0,81.0,3.5904711617514193,3.5904711617514193,8,57.5492499314877,0.0,0.0,0.0
1276,2.0,180.0,1.0,9.0,0.0,0.0,0.0,15.0,15.0,2.0,2.0,1.0,1.0,2,1.0,1.0,2.0,0.0
9475,11.0,282.0,8.0,38.0,0.0,0.0,1.0,44.0,44.0,11.0,11.0,2.0,2.0,7,9.0,0.0,0.0,1.0
4047,77.0,352.0,1.0,16.0,10.0,-1.0,2.0,-1.0,-1.0,-1.0,-1.0,-1.0,-1.0,0,-1.0,-1.0,-1.0,-1.0
1530,16.0,180.0,1.0,10.0,0.0,0.0,0.0,4.0,4.0,1.0,1.0,0.0,1.0,1,1.0,1.0,1.0,1.0
6991,85.0,283.0,1.0,26.0,0.0,8.0,0.0,11.0,11.0,3.0,3.0,2.0,2.0,7,1.0,0.0,0.0,0.0
805,2048.0,180.0,1.0,16.0,0.0,0.0,0.0,10.0,10.0,2.0,2.0,1.0,1.0,2,1.0,1.0,2.0,0.0
10805,76.8857241933966,562.1719338632265,9.114275806603402,1095.2285516132067,88.05731128774218,0.0,1.0,140.00104030664284,140.00104030664284,46.02882902831156,46.02882902831156,2.0,2.0,7,29.914553221708157,0.0,0.0,0.0
1529,17.0,180.0,1.0,10.0,0.0,0.0,0.0,68.0,68.0,51.0,51.0,1.0,1.0,2,1.0,5.0,6.0,0.0
6854,87.0,272.0,1.0,21.0,0.0,1.0,0.0,26.0,26.0,14.0,14.0,2.0,2.0,7,1.0,0.0,0.0,0.0
9893,4.0,504.0,2.0,14.0,14.0,0.0,1.0,9.0,9.0,3.0,3.0,1.0,1.0,2,1.0,1.0,1.0,1.0
8241,5.0,352.0,2.0,9.0,15.0,0.0,1.0,8.0,8.0,2.0,2.0,1.0,1.0,2,2.0,0.0,0.0,0.0
5666,74.0,332.0,2.0,201.0,34.0,0.0,1.0,200.0,200.0,24.0,24.0,2.0,2.0,7,2.0,0.0,0.0,0.0
2691,15.0,224.0,0.0,20.0,7.0,0.0,0.0,89.0,89.0,20.0,20.0,9.0,9.0,18,1.0,0.0,0.0,0.0
5654,69.0,360.0,7.0,88.0,58.0,0.0,1.0,87.0,87.0,20.0,20.0,2.0,2.0,7,7.0,0.0,0.0,0.0
3054,5.0,180.0,1.0,10.0,0.0,0.0,0.0,8.0,8.0,2.0,2.0,1.0,1.0,2,1.0,1.0,1.0,1.0
8993,102.0,283.0,2.0,38.0,0.0,17.0,0.0,6.0,6.0,2.0,2.0,1.0,1.0,2,1.0,0.0,0.0,0.0
1367,13.0,180.0,1.0,348.0,0.0,0.0,0.0,9.0,9.0,3.0,3.0,1.0,1.0,2,1.0,1.0,1.0,1.0
5406,31.0,295.0,10.0,47.0,31.0,0.0,1.0,46.0,46.0,10.0,10.0,1.0,1.0,2,10.0,0.0,0.0,0.0
8616,132.0,346.0,3.0,131.0,52.0,72.0,1.0,105.0,105.0,100.0,100.0,0.0,0.0,7,3.0,0.0,0.0,0.0
2464,9.0,250.0,1.0,15.0,0.0,0.0,0.0,9.0,9.0,1.0,1.0,1.0,1.0,2,1.0,1.0,2.0,1.0
0,8.0,180.0,1.0,11.0,0.0,0.0,0.0,10.0,10.0,3.0,3.0,1.0,1.0,2,1.0,1.0,1.0,1.0
10399,39.5785899597907,304.93712803216744,9.389974056293022,52.93712803216744,11.874256064334883,0.0,1.0,45.641461927623254,45.641461927623254,11.094307951748839,11.094307951748839,1.5157179919581396,1.5157179919581396,4,3.5785899597906985,0.0,0.0,0.0
4568,38.0,311.0,1.0,200005.0,9.0,0.0,1.0,-1.0,-1.0,-1.0,-1.0,-1.0,-1.0,0,-1.0,-1.0,-1.0,-1.0
6044,62.0,550.0,7.0,628.0,82.0,0.0,1.0,59.0,59.0,28.0,28.0,2.0,2.0,7,7.0,0.0,0.0,0.0
5072,5.0,223.0,1.0,15.0,0.0,0.0,0.0,17.0,17.0,14.0,14.0,0.0,0.0,7,1.0,0.0,0.0,0.0
9461,34.0,294.0,2.0,182.0,1.0,2.0,1.0,41.0,41.0,14.0,14.0,2.0,2.0,7,1.0,0.0,0.0,0.0
176,9.0,180.0,1.0,9.0,0.0,0.0,0.0,24.0,24.0,8.0,8.0,1.0,1.0,2,7.0,1.0,2.0,1.0
1022,17.0,250.0,1.0,15.0,0.0,0.0,0.0,30.0,30.0,4.0,4.0,1.0,1.0,2,1.0,1.0,2.0,1.0
9769,11.0,271.0,5.0,26.0,0.0,0.0,1.0,25.0,25.0,5.0,5.0,2.0,2.0,7,3.0,0.0,0.0,1.0
8704,397.0,302.0,6.0,595.0,0.0,8.0,1.0,30.0,30.0,26.0,26.0,0.0,0.0,2,2.0,0.0,0.0,0.0
1286,37.0,180.0,1.0,11.0,0.0,0.0,0.0,14.0,15.0,1.0,1.0,1.0,1.0,1,1.0,2.0,3.0,0.0
7063,84.0,283.0,1.0,23.0,0.0,5.0,0.0,11.0,11.0,3.0,3.0,2.0,2.0,7,1.0,0.0,0.0,0.0
9654,16.0,271.0,7.0,34.0,0.0,0.0,1.0,107.0,107.0,31.0,31.0,2.0,2.0,7,29.0,0.0,0.0,1.0
2409,7.0,250.0,1.0,15.0,0.0,0.0,0.0,9.0,9.0,2.0,2.0,0.0,1.0,2,0.0,1.0,2.0,0.0
5908,83.0,319.0,8.0,49.0,28.0,0.0,1.0,48.0,48.0,15.0,15.0,2.0,2.0,7,8.0,0.0,0.0,0.0
3008,306.0,351.0,3.0,32.0,54.0,0.0,1.0,39.0,39.0,24.0,24.0,0.0,0.0,2,0.0,0.0,0.0,0.0
5951,79.0,262.0,1.0,21.0,0.0,1.0,0.0,6.0,6.0,2.0,2.0,1.0,1.0,2,1.0,0.0,0.0,0.0
6543,74.0,262.0,1.0,21.0,0.0,1.0,0.0,41.0,41.0,29.0,29.0,2.0,2.0,7,1.0,0.0,0.0,0.0
2384,73.0,286.0,1.0,34.0,0.0,0.0,0.0,9.0,9.0,2.0,2.0,0.0,1.0,2,0.0,1.0,2.0,0.0
8958,27.0,298.0,1.0,12.0,0.0,1.0,0.0,26.0,26.0,9.0,9.0,2.0,2.0,7,4.0,0.0,0.0,0.0
1348,13.0,180.0,1.0,9.0,0.0,0.0,0.0,8.0,8.0,2.0,2.0,1.0,1.0,2,1.0,1.0,1.0,1.0
5416,35.0,303.0,9.0,82.0,0.0,0.0,1.0,81.0,81.0,19.0,19.0,2.0,2.0,7,9.0,0.0,0.0,0.0
9246,27.0,298.0,1.0,12.0,0.0,1.0,0.0,138.0,138.0,19.0,19.0,2.0,2.0,7,1.0,0.0,0.0,0.0
4275,50.0,180.0,3.0,15.0,0.0,0.0,0.0,-1.0,-1.0,-1.0,-1.0,-1.0,-1.0,0,-1.0,-1.0,-1.0,-1.0
6674,95.0,283.0,1.0,29.0,0.0,11.0,0.0,11.0,11.0,3.0,3.0,2.0,2.0,7,1.0,0.0,0.0,0.0
6440,77.0,262.0,1.0,21.0,0.0,1.0,0.0,199.0,199.0,24.0,24.0,2.0,2.0,7,1.0,0.0,0.0,0.0
532,4.0,256.0,1.0,15.0,0.0,0.0,0.0,10.0,10.0,3.0,3.0,1.0,1.0,2,1.0,1.0,1.0,1.0
10438,358.94612152075337,376.1179784443677,1.9865303801883414,2547.08081771887,28.69019874433185,0.013469619811658728,1.0,58.35345824904038,58.35345824904038,53.3130493896054,53.3130493896054,0.026939239623317457,0.026939239623317457,7,2.9730607603766828,0.0,0.0,0.0
10534,17.79838282923771,266.71504067632895,3.7204312455366106,21.521509359378136,0.0,0.31989218861584734,0.6801078113841527,152.91665784709127,152.91665784709127,59.12097030245737,59.12097030245737,2.0,2.0,7,48.63978437723169,0.0,0.0,0.0
380,6.0,300.0,1.0,15.0,0.0,0.0,0.0,15.0,15.0,2.0,2.0,1.0,1.0,2,1.0,1.0,2.0,0.0
10552,86.67148775412701,283.0,1.0,29.342975508254032,0.0,11.342975508254032,0.0,37.657024491745965,37.657024491745965,25.657024491745968,25.657024491745968,2.0,2.0,7,1.0,0.0,0.0,0.0
3346,6.0,250.0,1.0,15.0,0.0,0.0,0.0,5.0,4.0,1.0,0.0,0.0,0.0,1,1.0,0.0,0.0,1.0
7133,71.0,262.0,1.0,21.0,0.0,1.0,0.0,11.0,11.0,3.0,3.0,2.0,2.0,7,1.0,0.0,0.0,0.0
2681,80.0,180.0,1.0,10.0,0.0,0.0,0.0,8.0,8.0,2.0,2.0,1.0,1.0,2,1.0,1.0,1.0,1.0
930,54.0,292.0,1.0,10.0,17.0,0.0,1.0,10.0,10.0,3.0,3.0,1.0,1.0,2,1.0,1.0,1.0,1.0
2626,17.0,229.0,1.0,31.0,0.0,1.0,1.0,9.0,9.0,3.0,3.0,1.0,1.0,2,1.0,1.0,1.0,1.0
2526,5.0,197.0,2.0,30.0,4.0,-1.0,2.0,4.0,4.0,1.0,1.0,0.0,1.0,1,1.0,1.0,1.0,1.0
11061,25.390708331778576,298.0,1.0,12.0,0.0,1.0,0.0,11.0,11.0,3.0,3.0,2.0,2.0,7,1.0,0.0,0.0,0.0
11110,78.6919680308225,262.0,1.0,21.0,0.0,1.0,0.0,83.15180818493494,83.15180818493494,23.15180818493493,23.15180818493493,2.0,2.0,7,12.7634565239823,0.0,0.0,0.0
8611,109.0,305.0,4.0,883.0,6.0,56.0,1.0,154.0,154.0,111.0,111.0,2.0,2.0,7,3.0,0.0,0.0,0.0
9672,16.0,298.0,4.0,84.0,10.0,0.0,1.0,32.0,32.0,9.0,9.0,2.0,2.0,7,4.0,0.0,0.0,0.0
1059,5.0,218.0,1.0,10.0,0.0,0.0,0.0,17.0,17.0,3.0,3.0,1.0,1.0,2,1.0,1.0,1.0,1.0
4176,83.0,256.0,1.0,47.0,0.0,0.0,1.0,-1.0,-1.0,-1.0,-1.0,-1.0,-1.0,0,-1.0,-1.0,-1.0,-1.0
7090,71.0,283.0,1.0,28.0,0.0,10.0,0.0,32.0,32.0,18.0,18.0,2.0,2.0,7,2.0,0.0,0.0,0.0
73,8.0,180.0,1.0,11.0,0.0,0.0,0.0,14.0,14.0,2.0,2.0,1.0,1.0,2,1.0,2.0,3.0,1.0
5972,90.0,262.0,1.0,21.0,0.0,1.0,0.0,6.0,6.0,2.0,2.0,1.0,1.0,2,1.0,0.0,0.0,0.0
3173,53.0,226.0,6.0,38.0,0.0,0.0,1.0,40.0,40.0,24.0,24.0,1.0,1.0,13,3.0,0.0,0.0,1.0
2604,22.0,258.0,1.0,10.0,7.0,0.0,0.0,9.0,9.0,2.0,2.0,0.0,1.0,1,1.0,2.0,3.0,0.0
7236,88.0,305.0,4.0,742.0,6.0,42.0,1.0,81.0,81.0,40.0,40.0,2.0,2.0,7,4.0,0.0,0.0,0.0
1252,154.0,180.0,1.0,6.0,0.0,0.0,0.0,24.0,24.0,8.0,8.0,1.0,1.0,2,7.0,1.0,2.0,1.0
4394,529.0,296.0,1.0,87.0,8.0,3.0,0.0,-1.0,-1.0,-1.0,-1.0,-1.0,-1.0,0,-1.0,-1.0,-1.0,-1.0
9784,40.0,295.0,3.0,232.0,0.0,0.0,1.0,28.0,28.0,8.0,8.0,2.0,2.0,7,4.0,0.0,0.0,0.0
1864,13.0,383.0,5.0,21.0,19.0,0.0,1.0,9.0,9.0,3.0,3.0,1.0,1.0,2,1.0,1.0,2.0,0.0
9653,28.0,284.0,12.0,51.0,6.0,0.0,1.0,49.0,49.0,17.0,17.0,2.0,2.0,7,6.0,0.0,0.0,0.0
4603,75.0,327.0,1.0,16.0,16.0,-1.0,2.0,0.0,1.0,1.0,0.0,1.0,1.0,2,0.0,1.0,0.0,0.0
9373,109.0,296.0,2.0,184.0,1.0,1.0,1.0,49.0,49.0,24.0,24.0,2.0,2.0,7,2.0,0.0,0.0,0.0
8680,144.0,384.0,2.0,163.0,40.0,4.0,1.0,45.0,45.0,24.0,24.0,6.0,6.0,12,1.0,0.0,0.0,0.0
9316,30.0,260.0,1.0,12.0,0.0,1.0,0.0,28.0,28.0,25.0,25.0,0.0,0.0,7,1.0,0.0,0.0,0.0
9449,15.0,280.0,3.0,39.0,0.0,0.0,1.0,158.0,158.0,18.0,18.0,1.0,1.0,2,18.0,0.0,0.0,0.0
9733,36.0,288.0,13.0,69.0,0.0,0.0,1.0,153.0,153.0,17.0,17.0,2.0,2.0,7,11.0,0.0,0.0,1.0
8580,135.0,296.0,2.0,203.0,1.0,3.0,1.0,50.0,50.0,24.0,24.0,2.0,2.0,7,2.0,0.0,0.0,0.0
10316,98.22300927259886,415.15754708333293,2.5539814548022743,122.09379600282502,11.223009272598862,0.22300927259886283,1.0,31.33097218220341,31.33097218220341,16.676111271186354,16.676111271186354,1.5539814548022743,1.5539814548022743,7,2.5539814548022743,0.0,0.0,0.0
10393,35.57793241412773,290.8993041364252,3.3668986211915928,187.6786282777025,1.8441351717445431,0.42206758587227156,1.0,30.266202757616814,30.266202757616814,8.899304136425222,8.899304136425222,2.0,2.0,7,2.5779324141277282,0.0,0.0,0.0
1290,9.0,180.0,1.0,9.0,0.0,0.0,0.0,21.0,21.0,13.0,13.0,0.0,0.0,10,1.0,2.0,4.0,0.0
2995,16.0,180.0,1.0,10.0,0.0,0.0,0.0,39.0,39.0,24.0,24.0,0.0,0.0,2,0.0,0.0,0.0,0.0
4957,7.0,180.0,1.0,11.0,0.0,0.0,0.0,17.0,17.0,5.0,5.0,2.0,2.0,7,1.0,0.0,0.0,0.0
6648,78.0,283.0,1.0,33.0,0.0,15.0,0.0,6.0,6.0,2.0,2.0,1.0,1.0,2,1.0,0.0,0.0,0.0
455,16.0,180.0,1.0,10.0,0.0,0.0,0.0,17.0,17.0,3.0,3.0,1.0,1.0,2,1.0,2.0,3.0,0.0
6427,67.0,265.0,1.0,21.0,0.0,1.0,0.0,36.0,36.0,24.0,24.0,2.0,2.0,7,1.0,0.0,0.0,0.0
815,2.0,222.0,1.0,15.0,0.0,0.0,0.0,14.0,14.0,2.0,2.0,1.0,1.0,2,1.0,2.0,3.0,1.0
7614,83.0,411.0,3.0,464.0,31.0,0.0,1.0,163.0,163.0,61.0,61.0,6.0,6.0,12,2.0,0.0,0.0,0.0
9278,23.0,298.0,1.0,12.0,0.0,1.0,0.0,29.0,29.0,17.0,17.0,2.0,2.0,7,1.0,0.0,0.0,0.0
2920,243.0,347.0,1.0,21.0,48.0,0.0,0.0,4.0,4.0,1.0,1.0,0.0,1.0,1,1.0,1.0,1.0,1.0
2638,16.0,180.0,1.0,77.0,0.0,0.0,0.0,39.0,39.0,24.0,24.0,0.0,0.0,2,0.0,0.0,0.0,0.0
10157,68.91121449977985,338.0514038342873,4.088785500220149,69.87383283384702,11.34111983252612,0.0,1.0,35.39252366681343,35.39252366681343,28.696261833406716,28.696261833406716,0.0,0.0,7,4.088785500220149,0.0,0.0,0.0
5672,51.0,485.0,2.0,85.0,75.0,0.0,1.0,84.0,84.0,16.0,16.0,2.0,2.0,7,2.0,0.0,0.0,0.0
3130,26.0,25660.0,0.0,4.0,19.0,0.0,0.0,9.0,9.0,1.0,1.0,1.0,1.0,2,1.0,1.0,2.0,1.0
10972,11.0,229.0,6.0,27.0,0.0,0.0,1.0,28.090621001898857,28.090621001898857,7.362484007595429,7.362484007595429,2.0,2.0,7,4.909378998101142,0.0,0.0,0.0
8036,68.0,381.0,2.0,201.0,29.0,0.0,1.0,48.0,48.0,42.0,42.0,0.0,0.0,10,2.0,0.0,0.0,0.0
9471,14.0,253.0,5.0,26.0,0.0,0.0,1.0,64.0,64.0,20.0,20.0,2.0,2.0,7,12.0,0.0,0.0,0.0
4700,77.0,331.0,1.0,16.0,4.0,-1.0,2.0,-1.0,-1.0,-1.0,-1.0,-1.0,-1.0,0,-1.0,-1.0,-1.0,-1.0
9621,288.0,259.0,81.0,275.0,11.0,0.0,1.0,49.0,49.0,20.0,20.0,2.0,2.0,7,7.0,0.0,0.0,0.0
2777,15.0,371.0,1.0,16.0,16.0,-1.0,2.0,39.0,39.0,24.0,24.0,0.0,0.0,2,0.0,0.0,0.0,0.0
2222,1083.0,204.0,4.0,61.0,0.0,0.0,0.0,9.0,9.0,2.0,2.0,1.0,1.0,2,1.0,1.0,1.0,1.0
8544,167.0,305.0,4.0,806.0,6.0,34.0,1.0,54.0,54.0,28.0,28.0,2.0,2.0,7,3.0,0.0,0.0,0.0
7097,77.0,262.0,1.0,21.0,0.0,1.0,0.0,137.0,137.0,28.0,28.0,2.0,2.0,7,1.0,0.0,0.0,0.0
7544,376.0,405.0,2.0,494.0,24.0,5.0,1.0,766.0,766.0,130.0,130.0,3.0,3.0,10,5.0,0.0,0.0,0.0
8159,66.0,393.0,6.0,70.0,40.0,0.0,1.0,171.0,171.0,27.0,27.0,2.0,2.0,7,6.0,0.0,0.0,0.0
5280,111.0,269.0,1.0,100.0,8.0,1.0,0.0,13.0,13.0,2.0,2.0,1.0,1.0,2,1.0,2.0,3.0,1.0
3719,-1.0,-1.0,-1.0,-1.0,-1.0,-1.0,2.0,8.0,0.0,1.0,1.0,0.0,1.0,1,1.0,0.0,0.0,0.0
10332,24.66144041129231,298.0,1.0,12.0,0.0,1.0,0.0,111.64576164516924,111.64576164516924,17.322880822584626,17.322880822584626,2.0,2.0,7,1.0,0.0,0.0,0.0
7523,43.0,378.0,2.0,260.0,30.0,0.0,1.0,318.0,318.0,312.0,312.0,0.0,0.0,7,2.0,0.0,0.0,0.0
5751,60.0,377.0,2.0,41.0,43.0,0.0,1.0,40.0,40.0,16.0,16.0,2.0,2.0,7,2.0,0.0,0.0,0.0
3873,34.0,380.0,3.0,69.0,67.0,0.0,1.0,68.0,68.0,4.0,4.0,1.0,1.0,2,3.0,0.0,0.0,1.0
1203,36.0,258.0,1.0,10.0,7.0,0.0,0.0,17.0,17.0,3.0,3.0,1.0,1.0,2,7.0,1.0,1.0,1.0
1405,2.0,180.0,0.0,10.0,0.0,0.0,0.0,9.0,9.0,3.0,3.0,1.0,1.0,2,1.0,1.0,1.0,1.0
1699,23.0,258.0,1.0,10.0,7.0,0.0,0.0,8.0,8.0,2.0,2.0,1.0,1.0,2,1.0,1.0,1.0,1.0
7823,81.0,386.0,1.0,460.0,14.0,0.0,1.0,61.0,61.0,54.0,54.0,0.0,0.0,10,3.0,0.0,0.0,0.0
6163,94.0,283.0,1.0,42.0,0.0,24.0,0.0,23.0,23.0,11.0,11.0,2.0,2.0,7,1.0,0.0,0.0,0.0
4718,49.0,192.0,1.0,30.0,0.0,1.0,0.0,0.0,1.0,1.0,0.0,1.0,1.0,2,0.0,0.0,0.0,0.0
10623,304.1925218850883,307.40804538131204,1.0,30.6005672664003,20.183909237375953,0.0,0.0,29.6005672664003,29.6005672664003,5.0,5.0,2.0,2.0,7,1.0,0.0,0.0,0.0
4878,90.0,180.0,1.0,77.0,0.0,0.0,0.0,15.0,15.0,2.0,2.0,1.0,1.0,2,1.0,1.0,2.0,0.0
5927,45.0,229.0,14.0,55.0,0.0,0.0,1.0,54.0,54.0,14.0,14.0,1.0,1.0,2,14.0,0.0,0.0,0.0
9466,38.0,252.0,12.0,52.0,0.0,0.0,1.0,47.0,47.0,19.0,19.0,2.0,2.0,7,6.0,0.0,0.0,0.0
163,1225.0,305.0,1.0,23.0,22.0,0.0,0.0,10.0,9.0,4.0,4.0,0.0,0.0,1,1.0,0.0,0.0,0.0
2047,12.0,180.0,1.0,9.0,0.0,0.0,0.0,95.0,95.0,52.0,52.0,1.0,1.0,2,1.0,4.0,5.0,0.0
9677,26.0,288.0,7.0,122.0,0.0,0.0,1.0,48.0,48.0,13.0,13.0,2.0,2.0,7,11.0,0.0,0.0,0.0
6966,87.0,292.0,3.0,43.0,15.0,0.0,1.0,34.0,34.0,6.0,6.0,1.0,1.0,2,1.0,0.0,0.0,0.0
6342,87.0,283.0,1.0,34.0,0.0,16.0,0.0,6.0,6.0,2.0,2.0,1.0,1.0,2,1.0,0.0,0.0,0.0
3360,12.0,224.0,0.0,20.0,7.0,0.0,0.0,32.0,32.0,14.0,14.0,2.0,2.0,7,1.0,0.0,0.0,0.0
5294,2.0,180.0,1.0,11.0,0.0,0.0,1.0,14.0,14.0,2.0,2.0,1.0,1.0,2,1.0,2.0,3.0,1.0
8600,141.0,360.0,3.0,157.0,66.0,90.0,1.0,114.0,114.0,109.0,109.0,0.0,0.0,7,3.0,0.0,0.0,0.0
4118,9.0,301.0,1.0,16.0,2.0,-1.0,2.0,-1.0,-1.0,-1.0,-1.0,11.0,-1.0,19,-1.0,-1.0,-1.0,-1.0
5866,31.0,334.0,1.0,39.0,47.0,0.0,1.0,38.0,38.0,5.0,5.0,2.0,2.0,7,1.0,0.0,0.0,1.0
3412,6.0,300.0,1.0,15.0,0.0,0.0,0.0,8.0,8.0,2.0,2.0,1.0,1.0,2,1.0,1.0,1.0,1.0
5101,461.0,321.0,48.0,246.0,33.0,0.0,1.0,-1.0,-1.0,-1.0,-1.0,-1.0,-1.0,0,-1.0,-1.0,-1.0,-1.0
641,1.0,180.0,1.0,111113.0,0.0,0.0,0.0,10.0,10.0,2.0,2.0,1.0,1.0,2,1.0,1.0,2.0,0.0
9878,77.0,325.0,1.0,16.0,16.0,-1.0,2.0,8.0,8.0,2.0,2.0,1.0,1.0,2,1.0,1.0,1.0,1.0
6750,31.0,260.0,1.0,12.0,0.0,1.0,0.0,80.0,80.0,25.0,25.0,3.0,3.0,10,4.0,0.0,0.0,0.0
1343,1.0,180.0,1.0,111113.0,0.0,0.0,0.0,9.0,9.0,2.0,2.0,0.0,1.0,1,1.0,2.0,3.0,0.0
4480,7.0,254.0,3.0,16.0,47.0,0.0,1.0,-1.0,-1.0,-1.0,-1.0,-1.0,-1.0,0,-1.0,-1.0,-1.0,-1.0
888,14.0,371.0,1.0,16.0,16.0,-1.0,2.0,24.0,24.0,8.0,8.0,1.0,1.0,2,7.0,1.0,2.0,1.0
9749,10.0,229.0,6.0,27.0,0.0,0.0,1.0,59.0,59.0,16.0,16.0,1.0,1.0,2,16.0,0.0,0.0,0.0
9277,17.0,298.0,1.0,13.0,0.0,1.0,0.0,35.0,35.0,21.0,21.0,2.0,2.0,7,2.0,0.0,0.0,0.0
3927,-1.0,-1.0,-1.0,-1.0,-1.0,-1.0,2.0,60.0,60.0,9.0,9.0,2.0,2.0,7,3.0,0.0,0.0,0.0
531,17.0,180.0,1.0,10.0,0.0,0.0,0.0,30.0,30.0,4.0,4.0,1.0,1.0,2,1.0,1.0,2.0,1.0
6031,81.0,272.0,1.0,21.0,0.0,1.0,0.0,6.0,6.0,2.0,2.0,1.0,1.0,2,1.0,0.0,0.0,0.0
8002,80.0,381.0,2.0,375.0,30.0,0.0,1.0,151.0,151.0,138.0,138.0,0.0,0.0,10,9.0,0.0,0.0,0.0
7483,93.0,413.0,4.0,504.0,16.0,0.0,1.0,66.0,66.0,57.0,57.0,0.0,0.0,12,5.0,0.0,0.0,0.0
7249,78.0,226.0,4.0,857.0,0.0,24.0,1.0,49.0,49.0,32.0,32.0,2.0,2.0,7,2.0,0.0,0.0,0.0
7875,66.0,397.0,3.0,464.0,29.0,0.0,1.0,61.0,61.0,54.0,54.0,0.0,0.0,13,2.0,0.0,0.0,0.0
1795,13.0,224.0,0.0,20.0,7.0,0.0,0.0,9.0,9.0,3.0,3.0,1.0,1.0,2,1.0,1.0,1.0,1.0
6784,76.0,283.0,1.0,27.0,0.0,9.0,0.0,6.0,6.0,2.0,2.0,1.0,1.0,2,1.0,0.0,0.0,0.0
10226,20.762807698034983,260.0,1.0,12.0,0.0,1.0,0.0,11.0,11.0,3.0,3.0,2.0,2.0,7,1.0,0.0,0.0,0.0
6028,94.0,262.0,1.0,21.0,0.0,1.0,0.0,6.0,6.0,2.0,2.0,1.0,1.0,2,1.0,0.0,0.0,0.0
2109,16.0,180.0,1.0,10.0,0.0,0.0,0.0,7.0,7.0,1.0,1.0,0.0,1.0,1,0.0,0.0,0.0,0.0
9340,28.0,283.0,1.0,10.0,0.0,1.0,0.0,6.0,6.0,2.0,2.0,1.0,1.0,2,1.0,0.0,0.0,0.0
5681,74.0,396.0,2.0,168.0,83.0,0.0,1.0,167.0,167.0,23.0,23.0,2.0,2.0,7,2.0,0.0,0.0,0.0
3166,275.0,296.0,1.0,81.0,8.0,1.0,0.0,9.0,9.0,3.0,3.0,1.0,1.0,2,1.0,1.0,1.0,1.0
266,15.0,180.0,1.0,10.0,0.0,0.0,0.0,19.0,19.0,7.0,7.0,1.0,1.0,2,5.0,1.0,2.0,1.0
3763,-1.0,-1.0,-1.0,-1.0,-1.0,-1.0,2.0,6.0,6.0,1.0,1.0,1.0,1.0,2,1.0,1.0,1.0,0.0
811,1.0,180.0,1.0,111113.0,0.0,0.0,0.0,11.0,11.0,3.0,3.0,0.0,1.0,1,1.0,3.0,4.0,0.0
360,10.0,377.0,5.0,21.0,10.0,0.0,1.0,19.0,19.0,9.0,9.0,1.0,1.0,2,1.0,0.0,0.0,0.0
1460,11.0,258.0,1.0,31.0,0.0,0.0,0.0,9.0,9.0,2.0,2.0,0.0,1.0,1,1.0,1.0,2.0,0.0
952,31.0,255.0,1.0,10.0,6.0,0.0,0.0,24.0,24.0,8.0,8.0,1.0,1.0,2,7.0,1.0,2.0,1.0
2160,17.0,180.0,1.0,10.0,0.0,0.0,0.0,7.0,7.0,1.0,1.0,1.0,1.0,2,1.0,1.0,1.0,1.0
1799,268.0,289.0,1.0,35.0,0.0,1.0,0.0,9.0,9.0,3.0,3.0,1.0,1.0,2,1.0,1.0,1.0,1.0
7468,65.0,412.0,2.0,596.0,43.0,0.0,1.0,110.0,110.0,104.0,104.0,0.0,0.0,10,2.0,0.0,0.0,0.0
9766,26.0,271.0,11.0,48.0,0.0,0.0,1.0,43.0,43.0,10.0,10.0,2.0,2.0,7,9.0,0.0,0.0,1.0
8124,61.0,180.0,3.0,108.0,0.0,0.0,1.0,46.0,46.0,15.0,15.0,2.0,2.0,7,2.0,0.0,0.0,0.0
7000,92.0,408.0,1.0,40.0,8.0,24.0,0.0,6.0,6.0,2.0,2.0,1.0,1.0,2,1.0,0.0,0.0,0.0
9759,17.0,252.0,12.0,48.0,0.0,0.0,1.0,92.0,92.0,9.0,9.0,3.0,3.0,10,10.0,0.0,0.0,0.0
3337,4.0,224.0,1.0,10.0,0.0,0.0,0.0,6.0,6.0,1.0,1.0,1.0,1.0,2,1.0,1.0,1.0,1.0
10731,57.75975493178553,334.89146358117347,4.108536418826505,39.0,8.0,0.0,1.0,38.0,38.0,11.0,11.0,1.0,1.0,2,4.108536418826505,0.0,0.0,0.0
5427,387.0,320.0,11.0,154.0,31.0,3.0,1.0,153.0,153.0,54.0,54.0,2.0,2.0,7,11.0,0.0,0.0,0.0
7711,91.0,415.0,4.0,669.0,26.0,0.0,1.0,118.0,118.0,110.0,110.0,0.0,0.0,13,4.0,0.0,0.0,0.0
8932,123.0,298.0,1.0,12.0,0.0,1.0,0.0,11.0,11.0,3.0,3.0,2.0,2.0,7,1.0,0.0,0.0,0.0
8946,13.0,297.0,1.0,22.0,18.0,0.0,1.0,23.0,23.0,20.0,20.0,0.0,0.0,7,1.0,0.0,0.0,0.0
9570,17.0,229.0,4.0,21.0,0.0,0.0,1.0,25.0,25.0,5.0,5.0,1.0,1.0,2,5.0,0.0,0.0,0.0
6564,97.0,283.0,1.0,25.0,0.0,7.0,0.0,-1.0,-1.0,-1.0,-1.0,-1.0,-1.0,0,-1.0,-1.0,-1.0,-1.0
9172,26.0,260.0,1.0,12.0,0.0,1.0,0.0,29.0,29.0,11.0,11.0,2.0,2.0,7,4.0,0.0,0.0,0.0
2100,2048.0,240.0,2.0,31.0,14.0,0.0,0.0,9.0,9.0,3.0,3.0,1.0,1.0,2,1.0,1.0,1.0,1.0
8478,107.0,282.0,4.0,45.0,0.0,4.0,1.0,43.0,43.0,11.0,11.0,2.0,2.0,7,4.0,0.0,0.0,0.0
6724,32.0,298.0,1.0,12.0,0.0,1.0,0.0,16.0,16.0,5.0,5.0,2.0,2.0,7,2.0,0.0,0.0,0.0
9346,148.0,265.0,2.0,24.0,0.0,2.0,0.0,9.0,9.0,4.0,4.0,1.0,1.0,2,1.0,0.0,0.0,0.0
5175,38.0,404.0,2.0,54.0,31.0,1.0,1.0,-1.0,-1.0,-1.0,-1.0,-1.0,-1.0,0,-1.0,-1.0,-1.0,-1.0
9703,14.0,229.0,4.0,22.0,0.0,0.0,1.0,38.0,38.0,10.0,10.0,1.0,1.0,2,10.0,0.0,0.0,0.0
10272,39.26392589824411,283.6598147456103,3.131962949122056,22.111407185952903,1.4515924403426208,2.868037050877944,0.13196294912205642,78.34018525438972,78.34018525438972,43.50729603331907,43.50729603331907,1.7360741017558872,1.7360741017558872,7,12.0,0.0,0.0,0.0
4231,4.0,227.0,1.0,14.0,0.0,0.0,0.0,-1.0,-1.0,-1.0,-1.0,-1.0,-1.0,0,-1.0,-1.0,-1.0,-1.0
9942,76.0,368.0,1.0,16.0,16.0,-1.0,2.0,4.0,4.0,1.0,1.0,1.0,1.0,2,0.0,1.0,1.0,1.0
2191,11.0,256.0,2.0,22.0,15.0,0.0,1.0,9.0,9.0,3.0,3.0,1.0,1.0,2,1.0,1.0,1.0,1.0
8403,186.0,369.0,2.0,148.0,40.0,0.0,1.0,155.0,155.0,63.0,63.0,4.0,4.0,12,2.0,0.0,0.0,0.0
3164,2.0,180.0,1.0,111612.0,0.0,0.0,0.0,7.0,6.0,2.0,2.0,1.0,1.0,2,1.0,1.0,1.0,1.0
8466,172.0,282.0,5.0,53.0,0.0,5.0,1.0,63.0,63.0,14.0,14.0,2.0,2.0,7,6.0,0.0,0.0,0.0
10178,77.37828091140176,265.0,1.0,21.0,0.0,1.0,0.0,27.0,27.0,15.0,15.0,2.0,2.0,7,1.0,0.0,0.0,0.0
88,76.0,180.0,1.0,11.0,0.0,0.0,0.0,12.0,12.0,3.0,3.0,1.0,1.0,2,1.0,1.0,2.0,0.0
2324,76.0,380.0,1.0,16.0,16.0,-1.0,2.0,9.0,9.0,1.0,1.0,1.0,1.0,2,1.0,1.0,2.0,1.0
8490,258.0,412.0,17.0,1504.0,47.0,3.0,1.0,26.0,26.0,14.0,14.0,2.0,2.0,7,1.0,0.0,0.0,0.0
8012,46.0,382.0,2.0,81.0,23.0,5.0,1.0,68.0,68.0,18.0,18.0,3.0,3.0,10,2.0,2.0,3.0,0.0
3776,-1.0,-1.0,-1.0,-1.0,-1.0,-1.0,2.0,62.0,62.0,41.0,41.0,1.0,1.0,13,4.0,0.0,0.0,0.0
315,4.0,180.0,1.0,14.0,0.0,0.0,0.0,15.0,15.0,2.0,2.0,1.0,1.0,2,1.0,2.0,3.0,1.0
7758,72.0,420.0,5.0,418.0,28.0,0.0,1.0,50.0,50.0,45.0,45.0,0.0,0.0,10,1.0,0.0,0.0,0.0
3117,17.0,180.0,1.0,10.0,0.0,0.0,0.0,48.0,48.0,6.0,6.0,1.0,1.0,2,1.0,0.0,0.0,0.0
4618,9.0,220.0,1.0,11.0,0.0,0.0,0.0,-1.0,-1.0,-1.0,-1.0,-1.0,-1.0,0,-1.0,-1.0,-1.0,-1.0
2020,1.0,180.0,1.0,111714.0,0.0,0.0,0.0,9.0,9.0,1.0,1.0,1.0,1.0,2,1.0,1.0,2.0,1.0
2002,16.0,180.0,1.0,10.0,0.0,0.0,0.0,7.0,7.0,2.0,2.0,1.0,1.0,2,1.0,1.0,1.0,1.0
2974,7.0,239.0,1.0,10.0,8.0,0.0,1.0,5.0,5.0,0.0,0.0,1.0,1.0,2,1.0,0.0,0.0,0.0
1275,5.0,246.0,1.0,16.0,0.0,0.0,0.0,19.0,19.0,9.0,9.0,1.0,1.0,2,1.0,0.0,0.0,0.0
7277,58.0,226.0,4.0,285.0,0.0,0.0,1.0,52.0,52.0,28.0,28.0,2.0,2.0,7,1.0,0.0,0.0,0.0
528,10.0,256.0,1.0,16.0,0.0,0.0,0.0,13.0,13.0,2.0,2.0,1.0,1.0,2,1.0,2.0,3.0,1.0
6188,31.0,298.0,1.0,12.0,0.0,1.0,0.0,36.0,36.0,24.0,24.0,2.0,2.0,7,1.0,0.0,0.0,0.0
4404,77.0,354.0,1.0,16.0,7.0,-1.0,2.0,19.0,19.0,9.0,9.0,1.0,1.0,2,1.0,0.0,0.0,0.0
9697,17.0,229.0,10.0,39.0,0.0,0.0,1.0,36.0,36.0,10.0,10.0,1.0,1.0,2,10.0,0.0,0.0,0.0
3598,7.0,248.0,1.0,10.0,10.0,0.0,0.0,8.0,7.0,2.0,2.0,1.0,1.0,2,1.0,1.0,1.0,1.0
5230,16.0,180.0,1.0,77.0,0.0,0.0,0.0,14.0,14.0,2.0,2.0,1.0,1.0,2,1.0,2.0,3.0,1.0
3681,-1.0,-1.0,-1.0,-1.0,-1.0,-1.0,2.0,4.0,4.0,1.0,1.0,1.0,1.0,2,1.0,1.0,1.0,1.0
1318,2.0,180.0,0.0,9.0,0.0,0.0,0.0,30.0,29.0,11.0,11.0,0.0,1.0,2,4.0,1.0,2.0,1.0
6743,96.0,283.0,1.0,32.0,0.0,14.0,0.0,30.0,30.0,18.0,18.0,2.0,2.0,7,1.0,0.0,0.0,0.0
7085,75.0,265.0,1.0,21.0,0.0,1.0,0.0,11.0,11.0,3.0,3.0,2.0,2.0,7,1.0,0.0,0.0,0.0
5778,60.0,383.0,3.0,50.0,73.0,0.0,1.0,49.0,49.0,20.0,20.0,2.0,2.0,7,3.0,0.0,0.0,0.0
3034,738.0,277.0,7.0,443.0,0.0,32.0,1.0,9.0,9.0,3.0,3.0,1.0,1.0,2,1.0,1.0,1.0,1.0
6383,87.0,283.0,1.0,32.0,0.0,14.0,0.0,46.0,46.0,33.0,33.0,0.0,0.0,7,11.0,0.0,0.0,0.0
4811,32.0,180.0,1.0,6.0,0.0,0.0,0.0,-1.0,-1.0,-1.0,-1.0,-1.0,-1.0,0,-1.0,-1.0,-1.0,-1.0
10348,97.39884598685548,302.26365341012263,15.000961677620433,1138.4046160525781,10.666346107459855,0.0,1.0,86.13230754387153,86.13230754387153,26.39884598685548,26.39884598685548,2.1332692214919713,2.1332692214919713,7,19.334615570160576,0.26653844298394236,0.3998076644759134,0.0
1166,77.0,180.0,1.0,11.0,0.0,0.0,0.0,20.0,20.0,5.0,5.0,1.0,1.0,2,4.0,1.0,2.0,1.0
4725,8.0,180.0,1.0,10.0,0.0,0.0,0.0,26.0,26.0,10.0,10.0,1.0,1.0,2,8.0,1.0,2.0,1.0
11048,293.4345884545838,347.4345884545838,2.0,90.92405865906217,30.0,3.679323556822972,1.0,95.43458845458377,95.43458845458377,33.8671026533588,33.8671026533588,3.3586471136459437,3.3586471136459437,8,2.679323556822972,0.0,0.0,1.0189853352344578
10359,88.29286730108656,262.0,1.0,21.0,0.0,1.0,0.0,111.05007110760592,111.05007110760592,18.58573460217312,18.58573460217312,2.0,2.0,7,1.0,0.0,0.0,0.0
6236,74.0,371.0,3.0,30.0,11.0,0.0,1.0,39.0,39.0,14.0,14.0,3.0,3.0,10,2.0,0.0,0.0,0.0
1222,17.0,180.0,1.0,10.0,0.0,0.0,0.0,16.0,16.0,4.0,4.0,1.0,1.0,2,3.0,1.0,2.0,1.0
10256,88.78668996205985,321.06812132981776,9.708837013696705,420.3016801749072,3.310626223394082,2.0097316185453935,1.0,361.0194632370908,361.0194632370908,32.757495106423676,32.757495106423676,2.0,2.0,7,18.41767402739341,0.0,0.0,0.0
6604,74.0,262.0,1.0,21.0,0.0,1.0,0.0,9.0,9.0,4.0,4.0,1.0,1.0,2,2.0,0.0,0.0,0.0
4943,4.0,402.0,2.0,14.0,11.0,0.0,1.0,10.0,10.0,2.0,2.0,2.0,2.0,2,1.0,2.0,3.0,0.0
4255,6.0,180.0,5.0,16.0,0.0,0.0,0.0,-1.0,0.0,1.0,1.0,0.0,2.0,2,0.0,0.0,0.0,0.0
6883,75.0,283.0,1.0,25.0,0.0,7.0,0.0,11.0,11.0,3.0,3.0,2.0,2.0,7,1.0,0.0,0.0,0.0
1982,123.0,180.0,2.0,62.0,0.0,0.0,1.0,9.0,9.0,3.0,3.0,1.0,1.0,2,1.0,1.0,1.0,1.0
10355,92.0,262.1046788617453,1.0,21.0,0.0,1.0,0.0,9.0,9.0,4.0,4.0,1.0,1.0,2,1.0,0.0,0.0,0.0
4020,4.0,180.0,3.0,17.0,0.0,0.0,0.0,-1.0,-1.0,-1.0,-1.0,-1.0,-1.0,0,-1.0,-1.0,-1.0,-1.0
8563,192.0,305.0,4.0,919.0,6.0,42.0,1.0,118.0,118.0,80.0,80.0,2.0,2.0,7,4.0,0.0,0.0,0.0
3482,13.0,180.0,2.0,24.0,0.0,0.0,0.0,9.0,9.0,2.0,2.0,0.0,1.0,1,1.0,1.0,2.0,0.0
7066,77.0,283.0,1.0,32.0,0.0,14.0,0.0,6.0,6.0,2.0,2.0,1.0,1.0,2,1.0,0.0,0.0,0.0
1538,15.0,224.0,0.0,20.0,7.0,0.0,0.0,5.0,4.0,1.0,0.0,0.0,0.0,1,1.0,0.0,0.0,1.0
10930,97.7077333910384,283.0,1.0,34.89253365071118,0.0,8.399732958250427,0.3538666955191979,14.0,14.0,11.0,11.0,0.0,0.0,7,1.0,0.0,0.0,0.0
2744,47.0,551.0,1.0,107.0,266.0,1.0,1.0,8.0,8.0,2.0,2.0,1.0,1.0,2,1.0,1.0,1.0,1.0
1553,2.0,222.0,1.0,15.0,0.0,0.0,0.0,9.0,9.0,1.0,1.0,1.0,1.0,2,1.0,1.0,2.0,1.0
7341,76.0,517.0,10.0,1097.0,73.0,0.0,1.0,47.0,47.0,23.0,23.0,2.0,2.0,7,6.0,0.0,0.0,0.0
2817,74.0,320.0,1.0,16.0,16.0,-1.0,2.0,8.0,8.0,2.0,2.0,1.0,1.0,2,1.0,1.0,1.0,1.0
10215,15.179713074322006,252.52246413429026,4.0449282685805015,24.044928268580502,4.702177208612258,0.0,1.0,23.044928268580502,23.044928268580502,5.0,5.0,1.4775358657097493,1.4775358657097493,4,4.0449282685805015,0.0,0.0,0.0
7960,92.0,365.0,3.0,582.0,14.0,0.0,1.0,53.0,53.0,48.0,48.0,0.0,0.0,10,1.0,0.0,0.0,0.0
8810,21.0,277.0,1.0,24.0,0.0,0.0,1.0,18.0,18.0,5.0,5.0,2.0,2.0,7,1.0,0.0,0.0,0.0
2381,4.0,247.0,1.0,16.0,0.0,0.0,0.0,48.0,48.0,12.0,12.0,2.0,2.0,7,1.0,1.0,2.0,1.0
5186,48.0,413.0,3.0,64.0,42.0,1.0,1.0,-1.0,-1.0,-1.0,-1.0,-1.0,-1.0,0,-1.0,-1.0,-1.0,-1.0
4526,53.0,507.0,2.0,39.0,49.0,0.0,0.0,-1.0,-1.0,-1.0,-1.0,-1.0,-1.0,0,-1.0,-1.0,-1.0,-1.0
3524,43.0,335.0,1.0,17.0,15.0,1.0,1.0,9.0,9.0,3.0,3.0,1.0,1.0,2,1.0,1.0,1.0,1.0
2629,4.0,180.0,1.0,14.0,0.0,0.0,0.0,9.0,9.0,3.0,3.0,1.0,1.0,2,1.0,1.0,1.0,1.0
7447,68.0,431.0,1.0,439.0,40.0,0.0,1.0,119.0,119.0,110.0,110.0,0.0,0.0,13,4.0,0.0,0.0,0.0
4123,9.0,180.0,1.0,10.0,0.0,0.0,0.0,-1.0,-1.0,-1.0,-1.0,-1.0,-1.0,0,-1.0,-1.0,-1.0,-1.0
10512,20.046000008458982,298.0,1.0,13.0,0.0,1.0,0.0,22.09200001691796,22.09200001691796,10.092000016917961,10.092000016917961,2.0,2.0,7,1.0,0.0,0.0,0.0
2766,6.0,241.0,1.0,10.0,5.0,0.0,0.0,9.0,9.0,3.0,3.0,1.0,1.0,2,1.0,1.0,1.0,1.0
1656,17.0,180.0,1.0,10.0,0.0,0.0,0.0,5.0,4.0,1.0,0.0,0.0,0.0,1,1.0,0.0,0.0,1.0
4818,61.0,180.0,1.0,8.0,0.0,0.0,0.0,-1.0,-1.0,-1.0,-1.0,-1.0,-1.0,0,-1.0,-1.0,-1.0,-1.0
7896,70.0,408.0,2.0,335.0,29.0,0.0,1.0,94.0,94.0,85.0,85.0,0.0,0.0,12,4.0,1.0,1.0,0.0
9161,27.0,260.0,1.0,12.0,0.0,1.0,0.0,88.0,88.0,22.0,22.0,2.0,2.0,7,1.0,0.0,0.0,0.0
7743,99.0,429.0,3.0,623.0,33.0,0.0,1.0,94.0,94.0,86.0,86.0,0.0,0.0,12,3.0,0.0,0.0,0.0
1843,12.0,180.0,5.0,88.0,0.0,0.0,1.0,9.0,9.0,3.0,3.0,1.0,1.0,2,1.0,1.0,1.0,1.0
6842,95.0,273.0,1.0,29.0,0.0,0.0,1.0,6.0,6.0,2.0,2.0,1.0,1.0,2,1.0,0.0,0.0,0.0
3151,8.0,256.0,2.0,22.0,15.0,0.0,1.0,8.0,7.0,2.0,2.0,1.0,1.0,2,1.0,1.0,1.0,1.0
10845,15.997777815231196,274.9955556304624,4.501666638576603,33.9966667228468,0.0,0.0,1.0,36.9966667228468,36.9966667228468,8.0,8.0,2.0,2.0,7,6.499444453807799,0.0,0.0,0.4994444538077989
3386,9.0,180.0,1.0,9.0,0.0,0.0,0.0,7.0,7.0,1.0,1.0,1.0,1.0,2,1.0,1.0,1.0,1.0
5046,76.0,374.0,1.0,16.0,16.0,-1.0,2.0,-1.0,-1.0,-1.0,-1.0,-1.0,-1.0,0,-1.0,-1.0,-1.0,-1.0
9403,26.0,289.0,1.0,44.0,1.0,0.0,1.0,273.0,273.0,81.0,81.0,4.0,4.0,10,54.0,0.0,0.0,0.0
4025,77.0,77185.0,0.0,5.0,76993.0,0.0,0.0,24.0,24.0,8.0,8.0,1.0,1.0,2,2.0,1.0,2.0,1.0
9620,181.0,271.0,1.0,44.0,0.0,0.0,1.0,91.0,91.0,23.0,23.0,2.0,2.0,7,9.0,0.0,0.0,0.0
10671,66.53023694234894,286.74020309344195,12.850507733604854,60.83986460437204,0.0,0.0,1.0,25.889695359837088,25.889695359837088,7.049830755465049,7.049830755465049,2.0,2.0,7,2.4199323021860195,0.0,0.0,0.0
426,15.0,180.0,1.0,10.0,0.0,0.0,0.0,10.0,10.0,2.0,2.0,1.0,1.0,2,1.0,1.0,2.0,0.0
4094,33.0,551.0,1.0,107.0,266.0,1.0,1.0,10.0,10.0,2.0,2.0,2.0,2.0,2,1.0,2.0,3.0,0.0
5574,86.0,517.0,2.0,244.0,62.0,0.0,1.0,243.0,243.0,196.0,196.0,2.0,2.0,7,2.0,0.0,0.0,0.0
1923,22.0,258.0,1.0,10.0,7.0,0.0,0.0,9.0,9.0,1.0,1.0,1.0,1.0,2,1.0,1.0,2.0,1.0
6223,38.0,297.0,9.0,344.0,1.0,0.0,1.0,11.0,11.0,3.0,3.0,2.0,2.0,7,1.0,0.0,0.0,0.0
11097,40.77606328316463,517.4787343367075,5.776063283164629,390.2547976198721,73.22393671683537,0.0,1.0,47.59841792088427,47.59841792088427,19.135114035695196,19.135114035695196,2.4478734336707424,2.4478734336707424,7,8.911177318859824,0.0,0.0,0.0
7054,75.0,272.0,1.0,21.0,0.0,1.0,0.0,136.0,136.0,24.0,24.0,2.0,2.0,7,1.0,0.0,0.0,0.0
8596,205.0,347.0,4.0,146.0,53.0,95.0,1.0,109.0,109.0,103.0,103.0,0.0,0.0,7,4.0,0.0,0.0,0.0
8683,319.0,362.0,1.0,117.0,31.0,4.0,1.0,225.0,225.0,39.0,39.0,2.0,2.0,7,2.0,0.0,0.0,0.0
6177,84.0,265.0,1.0,21.0,0.0,1.0,0.0,6.0,6.0,2.0,2.0,1.0,1.0,2,1.0,0.0,0.0,0.0
6898,42.0,323.0,6.0,376.0,30.0,0.0,1.0,6.0,6.0,2.0,2.0,1.0,1.0,2,1.0,0.0,0.0,0.0
9016,22.0,298.0,1.0,13.0,0.0,1.0,0.0,12.0,12.0,6.0,6.0,1.0,1.0,2,3.0,0.0,0.0,0.0
2542,15.0,224.0,0.0,20.0,7.0,0.0,0.0,9.0,9.0,2.0,2.0,2.0,2.0,2,1.0,2.0,3.0,0.0
8185,79.0,286.0,1.0,44.0,0.0,1.0,0.0,42.0,43.0,4.0,5.0,1.0,1.0,2,1.0,0.0,0.0,0.0
9183,239.0,180.0,1.0,16.0,0.0,0.0,1.0,13.0,13.0,3.0,3.0,1.0,1.0,2,1.0,0.0,0.0,1.0
3515,19.0,180.0,1.0,10.0,0.0,0.0,0.0,9.0,8.0,2.0,2.0,0.0,0.0,1,1.0,2.0,3.0,0.0
7031,81.0,265.0,1.0,21.0,0.0,1.0,0.0,11.0,11.0,3.0,3.0,2.0,2.0,7,1.0,0.0,0.0,0.0
10939,83.02290718775353,413.19847795472987,2.27480974434123,531.2289953688341,30.72519025565877,0.0,1.0,91.47328769907107,91.47328769907107,83.92366821038861,83.92366821038861,0.0,0.0,10,3.27480974434123,0.0,0.0,0.0
5807,53.0,334.0,2.0,43.0,8.0,0.0,1.0,42.0,42.0,12.0,12.0,1.0,1.0,2,2.0,0.0,0.0,0.0
4969,77.0,354.0,1.0,16.0,14.0,-1.0,2.0,28.0,28.0,5.0,5.0,1.0,1.0,2,1.0,1.0,2.0,0.0
9980,77.0,355.0,1.0,16.0,16.0,-1.0,2.0,5.0,4.0,1.0,0.0,0.0,0.0,1,1.0,0.0,0.0,1.0
7019,84.0,262.0,1.0,21.0,0.0,1.0,0.0,24.0,24.0,12.0,12.0,2.0,2.0,7,1.0,0.0,0.0,0.0
6387,70.0,364.0,16.0,540.0,59.0,0.0,1.0,6.0,6.0,2.0,2.0,1.0,1.0,2,1.0,0.0,0.0,0.0
6156,78.0,272.0,1.0,21.0,0.0,1.0,0.0,32.0,32.0,20.0,20.0,2.0,2.0,7,1.0,0.0,0.0,0.0
10381,81.0,283.0,1.0,32.905131982998,0.0,14.175219971663337,0.0,26.824780028336665,26.824780028336665,3.3649560056673327,3.3649560056673327,1.0,1.0,2,1.0,0.0,0.0,0.0
6548,82.0,283.0,1.0,32.0,0.0,14.0,0.0,11.0,11.0,3.0,3.0,2.0,2.0,7,1.0,0.0,0.0,0.0
7241,85.0,305.0,3.0,705.0,6.0,39.0,1.0,116.0,116.0,111.0,111.0,0.0,0.0,7,3.0,0.0,0.0,0.0
7363,92.0,355.0,2.0,626.0,30.0,0.0,1.0,73.0,73.0,67.0,67.0,0.0,0.0,10,2.0,0.0,0.0,0.0
7476,98.0,373.0,4.0,856.0,30.0,0.0,1.0,80.0,80.0,73.0,73.0,0.0,0.0,12,3.0,0.0,0.0,0.0
1841,12.0,298.0,1.0,16.0,2.0,-1.0,2.0,8.0,8.0,2.0,2.0,1.0,1.0,2,1.0,1.0,1.0,1.0
5400,42.0,328.0,13.0,71.0,45.0,0.0,1.0,70.0,70.0,15.0,15.0,2.0,2.0,7,13.0,0.0,0.0,0.0
1209,9.0,180.0,1.0,9.0,0.0,0.0,0.0,29.0,29.0,10.0,10.0,1.0,1.0,2,7.0,2.0,3.0,1.0
9166,105.0,262.0,1.0,21.0,0.0,1.0,0.0,27.0,27.0,15.0,15.0,2.0,2.0,7,1.0,0.0,0.0,0.0
474,306.0,180.0,1.0,9.0,0.0,0.0,0.0,19.0,19.0,9.0,9.0,1.0,1.0,2,1.0,0.0,0.0,0.0
3311,17.0,180.0,1.0,10.0,0.0,0.0,0.0,9.0,9.0,2.0,2.0,1.0,1.0,2,1.0,1.0,1.0,1.0
8407,12.0,180.0,1.0,9.0,0.0,0.0,0.0,-1.0,-1.0,-1.0,-1.0,-1.0,-1.0,0,-1.0,-1.0,-1.0,-1.0
8848,183.0,304.0,2.0,73.0,0.0,0.0,1.0,72.0,72.0,15.0,15.0,2.0,2.0,7,2.0,0.0,0.0,0.0
4596,76.0,327.0,1.0,16.0,3.0,-1.0,2.0,-1.0,-1.0,-1.0,-1.0,-1.0,-1.0,0,-1.0,-1.0,-1.0,-1.0
3235,2.0,180.0,1.0,8.0,0.0,0.0,0.0,39.0,39.0,24.0,24.0,0.0,0.0,2,0.0,0.0,0.0,0.0
7656,58.0,359.0,2.0,81.0,29.0,0.0,1.0,61.0,61.0,55.0,55.0,0.0,0.0,10,2.0,0.0,0.0,0.0
9775,50.0,287.0,4.0,187.0,0.0,0.0,1.0,28.0,28.0,5.0,5.0,2.0,2.0,7,4.0,0.0,0.0,1.0
10427,68.426080756068,283.0,1.0,24.0,0.0,6.0,0.0,6.0,6.0,2.0,2.0,1.0,1.0,2,1.0,0.0,0.0,0.0
9322,113.0,259.0,4.0,50.0,3.0,0.0,1.0,-1.0,-1.0,-1.0,-1.0,-1.0,-1.0,0,-1.0,-1.0,-1.0,-1.0
7448,63.0,431.0,1.0,434.0,40.0,0.0,1.0,214.0,214.0,60.0,60.0,0.0,0.0,7,1.0,0.0,0.0,0.0
5060,8.0,180.0,1.0,10.0,0.0,0.0,0.0,12.0,12.0,2.0,2.0,2.0,2.0,7,2.0,1.0,1.0,1.0
4407,8.0,180.0,1.0,10.0,0.0,0.0,0.0,-1.0,0.0,1.0,1.0,0.0,2.0,2,0.0,0.0,1.0,0.0
131,10.0,258.0,1.0,31.0,0.0,0.0,0.0,10.0,10.0,3.0,3.0,1.0,1.0,2,1.0,1.0,1.0,1.0
5410,82.0,297.0,23.0,89.0,0.0,0.0,1.0,88.0,88.0,24.0,24.0,1.0,1.0,2,23.0,0.0,0.0,0.0
1341,16.0,180.0,1.0,10.0,0.0,0.0,0.0,9.0,9.0,3.0,3.0,1.0,1.0,2,1.0,1.0,1.0,1.0
2184,11.0,438.0,4.0,19.0,8.0,0.0,1.0,9.0,9.0,3.0,3.0,1.0,1.0,2,1.0,1.0,1.0,1.0
10294,320.52523838319496,346.6267830182179,19.5255339343165,341.52494283207346,30.372921430660547,3.4067696423348637,1.0,529.1190598431032,529.1190598431032,33.915083919692684,33.915083919692684,2.0,2.0,7,9.966151788325682,6.101544635022956,6.304929456190387,0.0
8786,24.0,285.0,3.0,43.0,0.0,1.0,1.0,28.0,28.0,23.0,23.0,0.0,0.0,7,3.0,0.0,0.0,0.0
6728,97.0,262.0,1.0,21.0,0.0,1.0,0.0,6.0,6.0,2.0,2.0,1.0,1.0,2,1.0,0.0,0.0,0.0
9002,25.0,298.0,1.0,12.0,0.0,1.0,0.0,6.0,6.0,2.0,2.0,1.0,1.0,2,1.0,0.0,0.0,0.0
7946,52.0,367.0,2.0,83.0,25.0,2.0,1.0,37.0,37.0,32.0,32.0,0.0,0.0,2,3.0,0.0,0.0,0.0
247,13.0,517.0,6.0,23.0,10.0,0.0,1.0,19.0,19.0,9.0,9.0,1.0,1.0,2,1.0,0.0,0.0,0.0
10150,91.0979808777777,368.3919235111108,6.951009561111153,969.6037724916679,16.46540916944405,0.0,1.0,205.39192351111078,205.39192351111078,164.17577053333235,164.17577053333235,0.0,0.0,12,7.951009561111153,0.0,0.0,0.0
29,89.0,331.0,5.0,204.0,43.0,15.0,1.0,100.0,100.0,38.0,38.0,16.0,16.0,18,12.0,16.0,16.0,0.0
1119,2.0,180.0,1.0,10.0,0.0,0.0,0.0,15.0,15.0,2.0,2.0,1.0,1.0,2,1.0,1.0,2.0,0.0
5827,51.0,273.0,1.0,57.0,0.0,0.0,1.0,32.0,32.0,29.0,29.0,0.0,0.0,7,1.0,0.0,0.0,0.0
7570,74.0,371.0,1.0,473.0,16.0,0.0,1.0,119.0,119.0,111.0,111.0,0.0,0.0,10,4.0,0.0,0.0,0.0
7407,73.0,368.0,6.0,362.0,16.0,0.0,1.0,51.0,51.0,29.0,29.0,0.0,0.0,2,0.0,0.0,0.0,0.0
7573,354.0,392.0,5.0,3392.0,31.0,0.0,1.0,224.0,224.0,214.0,214.0,0.0,0.0,12,6.0,0.0,0.0,0.0
4842,9.0,180.0,1.0,9.0,0.0,0.0,0.0,13.0,13.0,1.0,1.0,1.0,1.0,2,1.0,0.0,0.0,0.0
6171,83.0,265.0,1.0,21.0,0.0,1.0,0.0,31.0,31.0,19.0,19.0,2.0,2.0,7,1.0,0.0,0.0,0.0
5973,77.0,283.0,1.0,28.0,0.0,10.0,0.0,27.0,27.0,15.0,15.0,2.0,2.0,7,1.0,0.0,0.0,0.0
10290,31.196344034676827,283.80060932755384,13.601218655107724,59.00304663776931,7.794516052015243,0.0,1.0,80.19025075913821,80.19025075913821,16.592078741799796,16.592078741799796,1.800609327553862,1.800609327553862,6,6.788422776476622,0.0,0.0,0.8006093275538619
10944,48.77608251756527,558.7010314695659,7.3880412587826365,338.3235736592461,83.71628881147845,0.0,1.0,7.0199312353622725,7.0199312353622725,2.2039862470724545,2.2039862470724545,1.2039862470724545,1.2039862470724545,3,1.0,0.0,0.0,0.0
4666,85.0,180.0,1.0,77.0,0.0,0.0,0.0,-1.0,0.0,1.0,1.0,0.0,2.0,2,0.0,0.0,1.0,0.0
633,77.0,338.0,1.0,16.0,0.0,-1.0,2.0,15.0,15.0,2.0,2.0,1.0,1.0,2,1.0,1.0,2.0,0.0
8238,1.0,361.0,1.0,7.0,12.0,0.0,1.0,6.0,6.0,1.0,1.0,1.0,1.0,2,1.0,0.0,0.0,0.0
8152,46.0,443.0,4.0,56.0,33.0,0.0,1.0,154.0,154.0,27.0,27.0,2.0,2.0,7,5.0,0.0,0.0,0.0
4745,78.0,326.0,1.0,16.0,16.0,-1.0,2.0,-1.0,-1.0,-1.0,-1.0,-1.0,-1.0,0,-1.0,-1.0,-1.0,-1.0
10306,23.223055657676994,229.0,11.0,44.59231478077434,0.0,0.0,1.0,47.8884721711615,47.8884721711615,12.296157390387167,12.296157390387167,1.0,1.0,2,12.296157390387167,0.0,0.0,0.0
868,4.0,216.0,1.0,28.0,0.0,0.0,0.0,30.0,30.0,4.0,4.0,1.0,1.0,2,1.0,1.0,2.0,1.0
9512,21.0,288.0,7.0,124.0,0.0,0.0,1.0,30.0,30.0,8.0,8.0,2.0,2.0,7,3.0,0.0,0.0,0.0
9641,28.0,252.0,13.0,51.0,0.0,0.0,1.0,164.0,164.0,27.0,27.0,2.0,2.0,2,12.0,0.0,0.0,0.0
4923,531.0,245.0,1.0,49.0,0.0,12.0,0.0,-1.0,-1.0,-1.0,-1.0,-1.0,-1.0,0,-1.0,-1.0,-1.0,-1.0
7165,94.0,283.0,1.0,28.0,0.0,10.0,0.0,6.0,6.0,2.0,2.0,1.0,1.0,2,1.0,0.0,0.0,0.0
9735,74.0,286.0,2.0,105.0,3.0,0.0,1.0,68.0,68.0,21.0,21.0,2.0,2.0,7,13.0,0.0,0.0,1.0
7613,37.0,360.0,2.0,51.0,23.0,5.0,1.0,68.0,68.0,62.0,62.0,0.0,0.0,10,2.0,0.0,0.0,0.0
6119,71.0,265.0,1.0,21.0,0.0,1.0,0.0,11.0,11.0,3.0,3.0,2.0,2.0,7,1.0,0.0,0.0,0.0
4129,8.0,180.0,1.0,10.0,0.0,0.0,0.0,0.0,1.0,1.0,0.0,1.0,1.0,2,0.0,0.0,0.0,0.0
3559,8.0,239.0,1.0,10.0,8.0,0.0,1.0,4.0,4.0,1.0,1.0,0.0,1.0,1,1.0,1.0,1.0,1.0
2503,46.0,180.0,2.0,14.0,0.0,0.0,0.0,9.0,9.0,1.0,1.0,1.0,1.0,2,1.0,1.0,2.0,1.0
3567,7.0,201.0,1.0,996.0,0.0,0.0,0.0,4.0,4.0,1.0,1.0,1.0,1.0,2,0.0,1.0,1.0,1.0
4693,77.0,363.0,1.0,16.0,9.0,-1.0,2.0,-1.0,-1.0,-1.0,-1.0,-1.0,-1.0,0,-1.0,-1.0,-1.0,-1.0
860,68.0,275.0,1.0,38.0,3.0,0.0,0.0,19.0,19.0,9.0,9.0,1.0,1.0,2,1.0,0.0,0.0,0.0
7785,84.0,387.0,2.0,431.0,33.0,0.0,1.0,82.0,82.0,76.0,76.0,0.0,0.0,10,2.0,0.0,0.0,0.0
4105,8.0,180.0,1.0,11.0,0.0,0.0,0.0,-1.0,0.0,1.0,1.0,0.0,2.0,2,0.0,0.0,1.0,0.0
7218,66.0,305.0,3.0,530.0,6.0,18.0,1.0,56.0,56.0,35.0,35.0,2.0,2.0,7,2.0,0.0,0.0,0.0
4885,35.0,238.0,1.0,13.0,0.0,1.0,0.0,10.0,10.0,2.0,2.0,1.0,1.0,2,1.0,1.0,1.0,0.0
2310,9.0,180.0,31.0,70.0,0.0,0.0,0.0,9.0,9.0,2.0,2.0,0.0,1.0,1,1.0,2.0,3.0,0.0
2759,16.0,253.0,1.0,16.0,1.0,-1.0,2.0,8.0,8.0,2.0,2.0,1.0,1.0,2,1.0,1.0,1.0,1.0
6975,67.0,262.0,1.0,21.0,0.0,1.0,0.0,30.0,30.0,18.0,18.0,2.0,2.0,7,1.0,0.0,0.0,0.0
848,74.0,324.0,1.0,16.0,16.0,-1.0,2.0,17.0,17.0,3.0,3.0,1.0,1.0,2,7.0,1.0,1.0,1.0
1243,8.0,180.0,1.0,10.0,0.0,0.0,0.0,18.0,18.0,5.0,5.0,1.0,1.0,2,4.0,1.0,2.0,1.0
4713,7.0,196.0,1.0,14.0,0.0,0.0,1.0,-1.0,-1.0,-1.0,-1.0,-1.0,-1.0,0,-1.0,-1.0,-1.0,-1.0
5325,-1.0,-1.0,-1.0,-1.0,-1.0,-1.0,2.0,11.0,11.0,3.0,3.0,0.0,1.0,1,1.0,3.0,4.0,0.0
6502,93.0,262.0,1.0,21.0,0.0,1.0,0.0,33.0,33.0,30.0,30.0,0.0,0.0,7,1.0,0.0,0.0,0.0
6179,86.0,454.0,1.0,103.0,13.0,1.0,1.0,11.0,11.0,3.0,3.0,2.0,2.0,7,1.0,0.0,0.0,0.0
1180,2.0,180.0,1.0,9.0,0.0,0.0,0.0,10.0,10.0,3.0,3.0,1.0,1.0,2,1.0,1.0,1.0,1.0
3460,23.0,277.0,1.0,30.0,0.0,0.0,0.0,8.0,8.0,2.0,2.0,1.0,1.0,2,1.0,1.0,1.0,1.0
6493,85.0,283.0,1.0,26.0,0.0,8.0,0.0,6.0,6.0,2.0,2.0,1.0,1.0,2,1.0,0.0,0.0,0.0
2371,7.0,180.0,1.0,10.0,0.0,0.0,0.0,7.0,6.0,1.0,1.0,0.0,1.0,2,1.0,1.0,2.0,0.0
2,4.0,468.0,2.0,13.0,16.0,0.0,1.0,12.0,12.0,3.0,3.0,1.0,1.0,2,2.0,1.0,2.0,1.0
7174,359.0,305.0,5.0,1074.0,6.0,75.0,1.0,215.0,215.0,158.0,158.0,2.0,2.0,7,5.0,0.0,0.0,0.0
9947,38.0,338.0,1.0,200006.0,13.0,0.0,1.0,8.0,8.0,2.0,2.0,1.0,1.0,2,1.0,1.0,1.0,1.0
4011,8.0,180.0,1.0,10.0,0.0,0.0,0.0,3.0,3.0,0.0,0.0,1.0,1.0,2,0.0,1.0,2.0,0.0
5572,75.0,310.0,2.0,56.0,48.0,0.0,1.0,55.0,55.0,17.0,17.0,2.0,2.0,7,2.0,0.0,0.0,1.0
6959,94.0,283.0,1.0,30.0,0.0,12.0,0.0,6.0,6.0,2.0,2.0,1.0,1.0,2,1.0,0.0,0.0,0.0
1048,8.0,180.0,1.0,10.0,0.0,0.0,0.0,17.0,17.0,9.0,9.0,1.0,1.0,2,1.0,3.0,4.0,0.0
9610,133.0,254.0,2.0,55.0,0.0,0.0,1.0,58.0,58.0,52.0,52.0,0.0,0.0,10,2.0,0.0,0.0,0.0
5034,8.0,180.0,1.0,11.0,0.0,0.0,0.0,20.0,20.0,6.0,6.0,2.0,2.0,7,1.0,0.0,0.0,0.0
4491,77.0,335.0,1.0,16.0,16.0,-1.0,2.0,-1.0,0.0,-1.0,1.0,11.0,-1.0,19,0.0,-1.0,-1.0,-1.0
10798,79.54145424787188,401.7597263055836,2.0,431.51100081835233,41.10491013244841,0.0,1.0,59.969546570480446,59.969546570480446,52.969546570480446,52.969546570480446,0.0,0.0,12,3.0,0.0,0.0,0.0
9054,23.0,298.0,1.0,12.0,0.0,1.0,0.0,30.0,30.0,27.0,27.0,0.0,0.0,7,1.0,0.0,0.0,0.0
3863,34.0,505.0,4.0,72.0,107.0,0.0,1.0,69.0,69.0,4.0,4.0,1.0,1.0,2,3.0,0.0,0.0,1.0
4810,78.0,267.0,1.0,44.0,0.0,1.0,0.0,15.0,15.0,2.0,2.0,1.0,1.0,2,1.0,2.0,3.0,1.0
2551,17.0,263.0,1.0,10.0,13.0,0.0,0.0,9.0,9.0,2.0,2.0,0.0,1.0,2,0.0,1.0,2.0,0.0
11054,29.00007266865255,298.0,1.0,12.0,0.0,1.0,0.0,11.0,11.0,3.0,3.0,2.0,2.0,7,1.0,0.0,0.0,0.0
2431,9.0,180.0,31.0,70.0,0.0,0.0,0.0,9.0,9.0,1.0,1.0,1.0,1.0,2,1.0,1.0,2.0,1.0
3797,-1.0,-1.0,-1.0,-1.0,-1.0,-1.0,2.0,7.0,7.0,2.0,2.0,1.0,1.0,2,1.0,0.0,0.0,0.0
8184,2091.0,310.0,1.0,103.0,21.0,0.0,1.0,102.0,102.0,20.0,20.0,2.0,2.0,7,1.0,7.0,7.0,0.0
310,10.0,180.0,1.0,9.0,0.0,0.0,0.0,19.0,19.0,9.0,9.0,1.0,1.0,2,1.0,0.0,0.0,0.0
1618,2.0,180.0,1.0,10.0,0.0,0.0,0.0,9.0,9.0,1.0,1.0,1.0,1.0,2,1.0,1.0,2.0,1.0
1092,1.0,180.0,1.0,111714.0,0.0,0.0,0.0,13.0,13.0,2.0,2.0,1.0,1.0,2,1.0,2.0,3.0,1.0
1940,19.0,180.0,1.0,10.0,0.0,0.0,0.0,9.0,9.0,3.0,3.0,1.0,1.0,2,1.0,1.0,1.0,1.0
6664,78.0,283.0,1.0,28.0,0.0,10.0,0.0,11.0,11.0,3.0,3.0,2.0,2.0,7,1.0,0.0,0.0,0.0
3825,828.0,180.0,1.0,9.0,0.0,0.0,0.0,68.0,68.0,51.0,51.0,1.0,1.0,2,1.0,5.0,6.0,0.0
5875,387.0,353.0,12.0,1619.0,56.0,0.0,1.0,1618.0,1618.0,30.0,30.0,2.0,2.0,7,12.0,0.0,0.0,1.0
1229,9.0,180.0,1.0,9.0,0.0,0.0,0.0,26.0,26.0,6.0,6.0,3.0,3.0,10,1.0,2.0,3.0,0.0
6820,79.0,283.0,1.0,28.0,0.0,10.0,0.0,6.0,6.0,2.0,2.0,1.0,1.0,2,1.0,0.0,0.0,0.0
4855,76.0,380.0,1.0,16.0,16.0,-1.0,2.0,-1.0,-1.0,-1.0,-1.0,-1.0,-1.0,0,-1.0,-1.0,-1.0,-1.0
1474,21.0,256.0,1.0,16.0,0.0,0.0,0.0,8.0,8.0,2.0,2.0,1.0,1.0,2,1.0,1.0,1.0,1.0
1733,2.0,180.0,1.0,111612.0,0.0,0.0,0.0,8.0,8.0,2.0,2.0,1.0,1.0,2,1.0,1.0,1.0,1.0
2628,1.0,180.0,1.0,111612.0,0.0,0.0,0.0,9.0,9.0,2.0,2.0,1.0,1.0,2,0.0,0.0,0.0,0.0
2622,5.0,180.0,1.0,16.0,0.0,0.0,0.0,5.0,5.0,1.0,1.0,1.0,1.0,1,1.0,1.0,1.0,0.0
9585,10.0,229.0,7.0,30.0,0.0,0.0,1.0,34.0,34.0,8.0,8.0,1.0,1.0,2,7.0,0.0,0.0,0.0
7797,83.0,378.0,2.0,399.0,14.0,0.0,1.0,52.0,52.0,14.0,14.0,4.0,4.0,10,1.0,0.0,0.0,0.0
6459,48.0,450.0,1.0,111.0,9.0,1.0,1.0,36.0,36.0,33.0,33.0,0.0,0.0,7,1.0,0.0,0.0,0.0
4562,8.0,180.0,1.0,14.0,0.0,0.0,0.0,-1.0,-1.0,-1.0,-1.0,-1.0,-1.0,0,-1.0,-1.0,-1.0,-1.0
4349,47.0,275.0,1.0,40.0,3.0,0.0,0.0,-1.0,-1.0,-1.0,-1.0,-1.0,-1.0,0,-1.0,-1.0,-1.0,-1.0
10605,40.933415344776456,567.7070275170164,4.9866830689552915,229.02663386208943,87.94673227582116,0.0,1.0,51.90678148268704,51.90678148268704,24.0,24.0,2.0,2.0,7,5.9866830689552915,0.0,0.0,0.0
2834,77.0,348.0,1.0,16.0,3.0,-1.0,2.0,9.0,9.0,3.0,3.0,1.0,1.0,2,1.0,1.0,1.0,1.0
3009,3.0,218.0,1.0,10.0,0.0,0.0,0.0,9.0,9.0,2.0,2.0,0.0,1.0,1,1.0,1.0,2.0,0.0
762,3.0,250.0,1.0,15.0,0.0,0.0,0.0,10.0,10.0,3.0,3.0,1.0,1.0,2,1.0,1.0,1.0,1.0
7444,99.0,534.0,1.0,240.0,34.0,0.0,1.0,68.0,68.0,61.0,61.0,0.0,0.0,13,3.0,0.0,0.0,0.0
5110,9.0,180.0,12.0,167.0,0.0,0.0,1.0,-1.0,0.0,0.0,1.0,0.0,1.0,2,0.0,0.0,0.0,0.0
3890,45.0,397.0,3.0,62.0,33.0,1.0,1.0,57.0,57.0,9.0,9.0,2.0,2.0,7,3.0,0.0,0.0,0.0
6810,80.0,283.0,1.0,28.0,0.0,10.0,0.0,11.0,11.0,3.0,3.0,2.0,2.0,7,1.0,0.0,0.0,0.0
10867,75.2942199123855,283.0,1.0,22.294219912385497,0.0,4.294219912385497,0.0,6.0,6.0,2.0,2.0,1.0,1.0,2,1.0,0.0,0.0,0.0
10491,394.21909106570183,255.2921214209358,73.77642393964308,259.4843025187073,0.0,0.0,1.0,258.4843025187073,258.4843025187073,77.6393332184853,77.6393332184853,1.2146060710467903,1.2146060710467903,3,73.77642393964308,0.0,0.0,0.0
9158,23.0,298.0,1.0,12.0,0.0,1.0,0.0,50.0,50.0,47.0,47.0,0.0,0.0,7,1.0,0.0,0.0,0.0
3314,6.0,180.0,1.0,7.0,0.0,0.0,0.0,9.0,8.0,2.0,2.0,0.0,0.0,1,1.0,2.0,3.0,0.0
3441,1.0,180.0,1.0,111612.0,0.0,0.0,0.0,7.0,6.0,1.0,1.0,0.0,0.0,1,1.0,0.0,0.0,0.0
8874,100.0,273.0,6.0,97.0,0.0,0.0,1.0,57.0,57.0,49.0,49.0,0.0,0.0,7,6.0,0.0,0.0,0.0
6832,72.0,250.0,4.0,30.0,0.0,0.0,1.0,11.0,11.0,3.0,3.0,2.0,2.0,7,1.0,0.0,0.0,0.0
4959,5.0,256.0,1.0,15.0,0.0,0.0,0.0,-1.0,-1.0,-1.0,-1.0,-1.0,-1.0,0,-1.0,-1.0,-1.0,-1.0
991,12.0,381.0,6.0,23.0,13.0,0.0,1.0,21.0,21.0,6.0,6.0,1.0,1.0,2,1.0,3.0,4.0,0.0
914,8.0,180.0,1.0,10.0,0.0,0.0,0.0,31.0,31.0,15.0,15.0,2.0,2.0,7,1.0,1.0,1.0,0.0
10141,16.485498825883575,229.0,10.0,37.99419953035343,0.0,0.0,1.0,33.49129929553014,33.49129929553014,8.497099765176715,8.497099765176715,1.0,1.0,2,6.497099765176714,0.0,0.0,0.0
10187,75.26418096606841,335.0,8.105672386427365,52.947163806786314,8.0,0.0,1.0,51.947163806786314,51.947163806786314,14.368557462142455,14.368557462142455,1.0,1.0,2,8.105672386427365,0.0,0.0,0.0
8377,174.0,399.0,1.0,182.0,23.0,1.0,1.0,98.0,98.0,25.0,25.0,3.0,3.0,10,2.0,2.0,2.0,0.0
9114,104.0,283.0,2.0,46.0,0.0,22.0,0.0,11.0,11.0,3.0,3.0,2.0,2.0,7,1.0,0.0,0.0,0.0
3654,-1.0,-1.0,-1.0,-1.0,-1.0,-1.0,2.0,5.0,4.0,1.0,0.0,0.0,0.0,1,1.0,0.0,0.0,1.0
10861,80.0,290.82323889621125,18.545471447400352,69.79798730995572,2.949496827488928,0.02525158625553592,1.0,31.772735723700176,31.772735723700176,7.974748413744464,7.974748413744464,2.0,2.0,7,4.898993654977856,0.0,0.0,0.0
6864,61.0,272.0,2.0,14.0,0.0,2.0,0.0,41.0,41.0,17.0,17.0,2.0,2.0,7,6.0,0.0,0.0,0.0
9811,15.0,229.0,6.0,28.0,0.0,0.0,1.0,50.0,50.0,14.0,14.0,1.0,1.0,2,11.0,0.0,0.0,0.0
10022,73.0,314.0,1.0,16.0,3.0,-1.0,2.0,8.0,7.0,2.0,2.0,1.0,1.0,2,1.0,1.0,1.0,1.0
7418,72.0,341.0,6.0,526.0,16.0,0.0,1.0,76.0,76.0,66.0,66.0,0.0,0.0,10,6.0,0.0,0.0,0.0
2484,9.0,180.0,1.0,9.0,0.0,0.0,0.0,9.0,9.0,1.0,1.0,1.0,1.0,2,1.0,1.0,2.0,1.0
3148,33.0,579.0,1.0,107.0,294.0,1.0,1.0,8.0,8.0,2.0,2.0,1.0,1.0,2,1.0,1.0,1.0,1.0
740,15.0,180.0,1.0,10.0,0.0,0.0,0.0,13.0,12.0,2.0,1.0,0.0,0.0,1,1.0,2.0,3.0,1.0
31,30.0,256.0,1.0,16.0,0.0,0.0,0.0,15.0,15.0,2.0,2.0,1.0,1.0,2,1.0,1.0,2.0,0.0
971,8.0,180.0,1.0,11.0,0.0,0.0,0.0,13.0,13.0,3.0,3.0,1.0,1.0,2,2.0,1.0,2.0,1.0
5839,56.0,283.0,8.0,41.0,28.0,0.0,1.0,40.0,40.0,8.0,8.0,1.0,1.0,2,8.0,0.0,0.0,0.0
3962,6.0,211.0,1.0,18.0,0.0,0.0,0.0,-1.0,0.0,1.0,1.0,0.0,1.0,2,0.0,0.0,0.0,0.0
5560,43.0,345.0,11.0,69.0,58.0,0.0,1.0,-1.0,-1.0,-1.0,-1.0,-1.0,-1.0,0,-1.0,-1.0,-1.0,-1.0
1116,9.0,180.0,1.0,9.0,0.0,0.0,0.0,12.0,12.0,3.0,3.0,1.0,1.0,2,1.0,1.0,2.0,0.0
5805,59.0,342.0,4.0,50.0,8.0,0.0,1.0,49.0,49.0,20.0,20.0,2.0,2.0,7,4.0,0.0,0.0,0.0
156,9.0,180.0,1.0,9.0,0.0,0.0,0.0,15.0,15.0,7.0,7.0,1.0,1.0,2,1.0,3.0,4.0,0.0
7607,377.0,360.0,6.0,1516.0,32.0,6.0,1.0,828.0,828.0,261.0,261.0,3.0,3.0,10,6.0,0.0,0.0,0.0
2467,8.0,255.0,1.0,10.0,13.0,0.0,0.0,9.0,9.0,1.0,1.0,1.0,1.0,2,1.0,1.0,2.0,1.0
831,16.0,250.0,1.0,16.0,0.0,-1.0,2.0,13.0,13.0,2.0,2.0,1.0,1.0,2,1.0,2.0,3.0,1.0
5454,90.0,284.0,1.0,156.0,0.0,2.0,1.0,31.0,31.0,28.0,28.0,0.0,0.0,7,1.0,0.0,0.0,0.0
9027,28.0,298.0,1.0,12.0,0.0,1.0,0.0,9.0,9.0,4.0,4.0,1.0,1.0,2,1.0,0.0,0.0,0.0
2825,1.0,180.0,1.0,111612.0,0.0,0.0,0.0,9.0,9.0,2.0,2.0,2.0,2.0,2,1.0,2.0,3.0,0.0
8694,352.0,357.0,2.0,60.0,30.0,5.0,1.0,85.0,85.0,45.0,45.0,2.0,2.0,7,2.0,0.0,0.0,0.0
10729,116.8150774111114,273.0,1.5838137523391735,213.23126365877224,0.0,0.0,1.0,109.98846994385984,109.98846994385984,90.00576502807009,90.00576502807009,0.8323724953216529,0.8323724953216529,7,3.4161862476608267,0.0,0.0,0.0
6460,78.0,272.0,1.0,21.0,0.0,1.0,0.0,171.0,171.0,26.0,26.0,2.0,2.0,7,10.0,0.0,0.0,1.0
6694,88.0,262.0,1.0,21.0,0.0,1.0,0.0,11.0,11.0,3.0,3.0,2.0,2.0,7,1.0,0.0,0.0,0.0
9181,30.0,230.0,1.0,14.0,0.0,0.0,1.0,19.0,19.0,6.0,6.0,2.0,2.0,7,1.0,0.0,0.0,0.0
9115,102.0,283.0,1.0,30.0,0.0,12.0,0.0,45.0,45.0,30.0,30.0,2.0,2.0,7,2.0,0.0,0.0,0.0
7368,95.0,355.0,2.0,2063.0,27.0,0.0,1.0,92.0,92.0,86.0,86.0,0.0,0.0,10,2.0,0.0,0.0,0.0
2044,10.0,180.0,1.0,9.0,0.0,0.0,0.0,4.0,4.0,1.0,1.0,0.0,1.0,1,1.0,1.0,1.0,1.0
1980,18.0,256.0,2.0,22.0,15.0,-1.0,2.0,9.0,9.0,3.0,3.0,1.0,1.0,2,1.0,1.0,1.0,1.0
8441,132.0,283.0,2.0,63.0,0.0,39.0,0.0,62.0,62.0,47.0,47.0,2.0,2.0,7,2.0,0.0,0.0,0.0
2683,9.0,180.0,1.0,9.0,0.0,0.0,0.0,5.0,5.0,1.0,1.0,1.0,1.0,2,1.0,1.0,2.0,1.0
1346,17.0,180.0,1.0,10.0,0.0,0.0,0.0,9.0,9.0,3.0,3.0,1.0,1.0,2,1.0,1.0,1.0,1.0
2077,11.0,256.0,2.0,22.0,15.0,0.0,1.0,9.0,9.0,1.0,1.0,1.0,1.0,2,1.0,1.0,2.0,1.0
6687,79.0,262.0,1.0,21.0,0.0,1.0,0.0,85.0,85.0,25.0,25.0,2.0,2.0,7,18.0,0.0,0.0,0.0
3653,-1.0,-1.0,-1.0,-1.0,-1.0,-1.0,2.0,6.0,6.0,1.0,1.0,1.0,1.0,2,0.0,1.0,1.0,1.0
355,9.0,180.0,1.0,9.0,0.0,0.0,0.0,16.0,16.0,2.0,2.0,2.0,2.0,7,2.0,0.0,0.0,0.0
744,126.0,291.0,1.0,17.0,2.0,0.0,0.0,14.0,14.0,2.0,2.0,1.0,1.0,2,1.0,2.0,3.0,1.0
7193,55.0,305.0,2.0,356.0,6.0,15.0,1.0,29.0,29.0,9.0,9.0,2.0,2.0,7,1.0,0.0,0.0,0.0
11069,88.28239841307307,265.0,1.0,21.0,0.0,1.0,0.0,6.0,6.0,2.0,2.0,1.0,1.0,2,1.0,0.0,0.0,0.0
9036,23.0,298.0,1.0,13.0,0.0,1.0,0.0,29.0,29.0,17.0,17.0,2.0,2.0,7,1.0,0.0,0.0,0.0
723,9.0,180.0,1.0,9.0,0.0,0.0,0.0,25.0,25.0,4.0,4.0,1.0,1.0,2,5.0,1.0,1.0,1.0
1976,13.0,379.0,6.0,23.0,15.0,0.0,1.0,9.0,9.0,3.0,3.0,1.0,1.0,2,1.0,1.0,1.0,1.0
2955,15.0,256.0,1.0,16.0,0.0,0.0,0.0,8.0,8.0,1.0,1.0,1.0,1.0,2,1.0,0.0,0.0,0.0
4340,9.0,180.0,12.0,167.0,0.0,0.0,1.0,15.0,15.0,5.0,5.0,2.0,2.0,7,1.0,0.0,0.0,0.0
2214,2.0,180.0,0.0,8.0,0.0,0.0,0.0,9.0,9.0,2.0,2.0,0.0,1.0,1,1.0,2.0,3.0,0.0
5394,39.0,290.0,9.0,239.0,1.0,0.0,1.0,39.0,39.0,28.0,28.0,0.0,0.0,7,9.0,0.0,0.0,0.0
10851,89.6072770827899,363.5911057877012,2.0,767.3725087983493,14.0,0.0,1.0,57.995957176227826,57.995957176227826,51.995957176227826,51.995957176227826,0.0,0.0,10,2.0,0.0,0.0,0.0
3870,33.0,408.0,3.0,71.0,51.0,0.0,1.0,73.0,73.0,5.0,5.0,1.0,1.0,2,4.0,0.0,0.0,1.0
5842,65.0,318.0,13.0,81.0,31.0,0.0,1.0,76.0,76.0,21.0,21.0,1.0,1.0,2,13.0,0.0,0.0,0.0
1258,270.0,289.0,1.0,28.0,0.0,1.0,0.0,15.0,15.0,2.0,2.0,1.0,1.0,2,1.0,1.0,2.0,0.0
8277,1872.0,438.0,175.0,4449.0,35.0,44.0,1.0,-1.0,-1.0,-1.0,-1.0,-1.0,-1.0,0,-1.0,-1.0,-1.0,-1.0
746,15.0,224.0,0.0,20.0,7.0,0.0,0.0,21.0,21.0,13.0,13.0,0.0,0.0,10,1.0,2.0,4.0,0.0
5276,1.0,180.0,1.0,111714.0,0.0,0.0,0.0,17.0,17.0,3.0,3.0,1.0,1.0,2,1.0,2.0,3.0,0.0
1867,147.0,256.0,1.0,18.0,0.0,0.0,0.0,9.0,9.0,1.0,1.0,1.0,1.0,2,1.0,1.0,2.0,1.0
9507,52.0,288.0,12.0,610.0,0.0,0.0,1.0,34.0,34.0,11.0,11.0,2.0,2.0,7,4.0,0.0,0.0,0.0
6186,84.0,283.0,1.0,37.0,0.0,19.0,0.0,16.0,16.0,13.0,13.0,0.0,0.0,7,1.0,0.0,0.0,0.0
9154,13.0,298.0,1.0,19.0,33.0,0.0,1.0,48.0,48.0,36.0,36.0,2.0,2.0,7,1.0,0.0,0.0,0.0
265,9.0,180.0,1.0,9.0,0.0,0.0,0.0,24.0,24.0,1.0,1.0,1.0,1.0,2,20.0,1.0,1.0,1.0
10847,70.3869072430101,230.1671562888906,4.01636594623738,86.3869072430101,2.4196391354848568,0.0,1.0,94.6884879283165,94.6884879283165,39.65575603584175,39.65575603584175,2.2688487928316508,2.2688487928316508,7,3.6884879283165075,3.4623024143366985,3.4623024143366985,0.0
2428,8.0,224.0,4.0,18.0,28.0,0.0,1.0,9.0,9.0,1.0,1.0,1.0,1.0,2,1.0,1.0,2.0,1.0
3139,6.0,201.0,1.0,996.0,0.0,0.0,0.0,9.0,9.0,2.0,2.0,0.0,1.0,1,1.0,2.0,1.0,0.0
7698,87.0,377.0,2.0,589.0,23.0,0.0,1.0,369.0,369.0,154.0,154.0,3.0,3.0,10,3.0,8.0,8.0,0.0
4533,7.0,246.0,1.0,19.0,0.0,0.0,0.0,-1.0,-1.0,-1.0,-1.0,-1.0,-1.0,0,-1.0,-1.0,-1.0,-1.0
9992,4.0,504.0,2.0,14.0,14.0,0.0,1.0,8.0,8.0,2.0,2.0,1.0,1.0,2,1.0,1.0,1.0,1.0
3062,54.0,226.0,6.0,38.0,0.0,0.0,1.0,9.0,9.0,2.0,2.0,1.0,1.0,2,1.0,1.0,2.0,0.0
10954,61.08521438742405,302.8705466369169,4.311757772819483,120.8705466369169,7.214667750507155,0.0,1.0,40.1294533630831,40.1294533630831,12.376484454361034,12.376484454361034,2.0,2.0,7,7.032363340770776,0.0,0.0,0.0
213,4.0,247.0,1.0,16.0,0.0,0.0,0.0,10.0,10.0,3.0,3.0,1.0,1.0,2,1.0,1.0,1.0,1.0
10177,76.35932004011944,262.0,1.0,21.0,0.0,1.0,0.0,16.66016998997014,16.66016998997014,3.679660020059724,3.679660020059724,1.339830010029862,1.339830010029862,3,1.0,0.0,0.0,0.3398300100298618
9563,26.0,229.0,10.0,40.0,0.0,0.0,1.0,28.0,28.0,6.0,6.0,1.0,1.0,2,6.0,0.0,0.0,0.0
7826,343.0,361.0,2.0,412.0,23.0,29.0,1.0,774.0,774.0,448.0,448.0,2.0,2.0,2,5.0,2.0,3.0,0.0
5223,11.0,256.0,1.0,16.0,0.0,0.0,0.0,22.0,22.0,5.0,5.0,1.0,1.0,2,4.0,3.0,4.0,1.0
3947,8.0,256.0,2.0,22.0,15.0,0.0,1.0,-1.0,-1.0,-1.0,-1.0,-1.0,-1.0,0,-1.0,-1.0,-1.0,-1.0
2058,12.0,296.0,1.0,16.0,2.0,-1.0,2.0,9.0,9.0,3.0,3.0,1.0,1.0,2,1.0,1.0,1.0,1.0
8086,80.0,414.0,2.0,545.0,36.0,0.0,1.0,186.0,186.0,63.0,63.0,2.0,2.0,7,2.0,0.0,0.0,0.0
6451,33.0,260.0,1.0,12.0,0.0,1.0,0.0,6.0,6.0,2.0,2.0,1.0,1.0,2,1.0,0.0,0.0,0.0
3711,-1.0,-1.0,-1.0,-1.0,-1.0,-1.0,2.0,8.0,7.0,2.0,1.0,0.0,0.0,1,1.0,0.0,1.0,1.0
2904,3.0,180.0,1.0,7.0,0.0,0.0,0.0,9.0,9.0,2.0,2.0,0.0,1.0,1,1.0,1.0,2.0,0.0
4922,41.0,180.0,1.0,11.0,0.0,0.0,0.0,25.0,25.0,11.0,11.0,1.0,1.0,1,2.0,0.0,0.0,0.0
3838,48.0,431.0,4.0,76.0,95.0,0.0,1.0,69.0,69.0,4.0,4.0,1.0,1.0,2,3.0,0.0,0.0,1.0
7382,66.0,364.0,1.0,271.0,16.0,0.0,1.0,181.0,181.0,169.0,169.0,0.0,0.0,10,8.0,0.0,0.0,0.0
8306,108.0,460.0,6.0,330.0,31.0,0.0,1.0,247.0,247.0,87.0,87.0,5.0,5.0,13,2.0,1.0,2.0,0.0
3136,54.0,226.0,6.0,38.0,0.0,0.0,1.0,9.0,9.0,2.0,2.0,0.0,1.0,1,1.0,1.0,2.0,0.0
284,78.0,326.0,1.0,16.0,16.0,-1.0,2.0,10.0,10.0,3.0,3.0,1.0,1.0,2,1.0,1.0,1.0,1.0
95,8.0,180.0,1.0,10.0,0.0,0.0,0.0,13.0,13.0,2.0,2.0,1.0,1.0,2,1.0,2.0,3.0,1.0
1880,15.0,385.0,7.0,25.0,18.0,0.0,1.0,9.0,9.0,3.0,3.0,1.0,1.0,2,1.0,1.0,1.0,1.0
9259,17.0,298.0,1.0,13.0,0.0,1.0,0.0,11.0,11.0,3.0,3.0,2.0,2.0,7,1.0,0.0,0.0,0.0
7027,78.0,262.0,1.0,21.0,0.0,1.0,0.0,138.0,138.0,30.0,30.0,2.0,2.0,7,1.0,0.0,0.0,0.0
7850,88.0,425.0,3.0,542.0,30.0,0.0,1.0,137.0,137.0,99.0,99.0,0.0,0.0,13,4.0,0.0,0.0,0.0
7859,93.0,395.0,2.0,655.0,14.0,1.0,1.0,71.0,71.0,63.0,63.0,0.0,0.0,10,4.0,0.0,0.0,0.0
2280,8.0,256.0,2.0,22.0,15.0,0.0,1.0,9.0,9.0,1.0,1.0,1.0,1.0,2,1.0,1.0,2.0,1.0
5536,414.0,422.0,44.0,1974.0,76.0,1.0,1.0,1973.0,1973.0,62.0,62.0,2.0,2.0,7,44.0,0.0,0.0,0.0
2521,5.0,218.0,1.0,10.0,0.0,0.0,0.0,9.0,9.0,3.0,3.0,1.0,1.0,2,1.0,1.0,1.0,1.0
3613,79.0,180.0,0.0,84.0,0.0,0.0,0.0,9.0,9.0,3.0,3.0,1.0,1.0,2,1.0,1.0,1.0,1.0
9476,45.0,271.0,19.0,70.0,0.0,0.0,1.0,30.0,30.0,7.0,7.0,2.0,2.0,7,6.0,0.0,0.0,1.0
7333,74.0,481.0,11.0,775.0,61.0,0.0,1.0,77.0,77.0,35.0,35.0,6.0,6.0,12,22.0,0.0,0.0,0.0
10661,81.68825805175248,262.0,1.0,21.0,0.0,1.0,0.0,20.31174194824752,20.31174194824752,7.623483896495036,7.623483896495036,3.3765161035049642,3.3765161035049642,9,1.0,0.0,0.0,0.0
2003,21.0,180.0,1.0,6.0,0.0,0.0,0.0,8.0,8.0,2.0,2.0,1.0,1.0,2,1.0,1.0,1.0,1.0
5346,-1.0,-1.0,-1.0,-1.0,-1.0,-1.0,2.0,127.0,127.0,19.0,19.0,2.0,2.0,7,4.0,2.0,3.0,2.0
3932,-1.0,-1.0,-1.0,-1.0,-1.0,-1.0,2.0,64.0,64.0,8.0,8.0,2.0,2.0,7,2.0,0.0,0.0,0.0
4578,4.0,180.0,2.0,13.0,0.0,0.0,0.0,-1.0,0.0,1.0,1.0,0.0,2.0,2,0.0,0.0,1.0,0.0
8235,28.0,383.0,1.0,14.0,22.0,0.0,0.0,13.0,13.0,2.0,2.0,1.0,1.0,2,1.0,0.0,0.0,0.0
5917,35.0,320.0,9.0,137.0,34.0,0.0,1.0,40.0,40.0,15.0,15.0,2.0,2.0,7,9.0,0.0,0.0,0.0
4416,8.0,180.0,1.0,10.0,0.0,0.0,0.0,26.0,26.0,6.0,6.0,1.0,1.0,2,2.0,0.0,0.0,0.0
6353,75.0,265.0,1.0,21.0,0.0,1.0,0.0,11.0,11.0,3.0,3.0,2.0,2.0,7,1.0,0.0,0.0,0.0
3217,6.0,250.0,1.0,15.0,0.0,0.0,0.0,8.0,7.0,2.0,2.0,1.0,1.0,2,1.0,1.0,1.0,1.0
10616,53.61961946699333,335.0,2.5170884952847605,42.0,8.0,0.0,1.0,41.0,41.0,8.0,8.0,1.0,1.0,2,2.5170884952847605,0.0,0.0,0.0
4333,74.0,356.0,1.0,16.0,13.0,-1.0,2.0,-1.0,0.0,1.0,1.0,0.0,2.0,2,0.0,0.0,1.0,0.0
10001,72.0,351.0,1.0,16.0,16.0,-1.0,2.0,9.0,9.0,3.0,3.0,1.0,1.0,2,1.0,1.0,1.0,1.0
1003,10.0,361.0,5.0,21.0,9.0,0.0,1.0,19.0,19.0,9.0,9.0,1.0,1.0,2,1.0,0.0,0.0,0.0
6853,81.0,283.0,1.0,27.0,0.0,9.0,0.0,32.0,32.0,29.0,29.0,0.0,0.0,7,1.0,0.0,0.0,0.0
9268,22.0,298.0,1.0,12.0,0.0,1.0,0.0,12.0,12.0,4.0,4.0,2.0,2.0,7,1.0,0.0,0.0,0.0
10386,18.0,284.6147689028222,1.0,16.45907561128887,1.6147689028222176,0.5963077742944456,0.4036922257055544,6.0,6.0,2.0,2.0,1.0,1.0,2,1.0,0.0,0.0,0.0
6601,79.0,283.0,1.0,35.0,0.0,17.0,0.0,26.0,26.0,14.0,14.0,2.0,2.0,7,1.0,0.0,0.0,0.0
5295,16.0,180.0,1.0,10.0,0.0,0.0,0.0,19.0,19.0,9.0,9.0,1.0,1.0,2,1.0,5.0,6.0,0.0
8492,210.0,334.0,56.0,432.0,44.0,3.0,1.0,62.0,62.0,28.0,28.0,2.0,2.0,7,8.0,0.0,0.0,0.0
2507,9.0,180.0,1.0,9.0,0.0,0.0,0.0,9.0,9.0,3.0,3.0,1.0,1.0,2,1.0,1.0,1.0,1.0
9134,124.0,262.0,2.0,24.0,0.0,2.0,0.0,7.0,6.0,2.0,2.0,1.0,1.0,2,1.0,0.0,0.0,0.0
1184,16.0,180.0,1.0,10.0,0.0,0.0,0.0,11.0,11.0,3.0,3.0,1.0,1.0,2,1.0,0.0,1.0,0.0
1259,15.0,256.0,1.0,16.0,0.0,0.0,0.0,14.0,14.0,2.0,2.0,1.0,1.0,2,1.0,2.0,3.0,1.0
10247,46.38986470683266,351.61013529316733,2.6101352931673394,200.9493235341633,22.339188240995963,0.6101352931673394,1.0,66.0,66.0,20.559458827330644,20.559458827330644,1.7797294136653212,1.7797294136653212,5,12.37229998384477,0.0,0.0,0.0
2522,8.0,180.0,1.0,16.0,0.0,0.0,0.0,74.0,74.0,19.0,19.0,2.0,2.0,7,2.0,1.0,1.0,1.0
7199,56.0,305.0,2.0,398.0,6.0,16.0,1.0,108.0,108.0,68.0,68.0,2.0,2.0,7,3.0,0.0,0.0,0.0
10337,88.0,410.41679135999954,3.0,557.7498653312005,27.083358271999906,0.0,1.0,123.58344805119957,123.58344805119957,103.66662676480016,103.66662676480016,0.0,0.0,9,3.4166716543999813,0.0,0.0,0.0
4559,4.0,196.0,1.0,28.0,0.0,0.0,0.0,-1.0,0.0,1.0,1.0,0.0,2.0,2,0.0,0.0,1.0,0.0
4101,6.0,250.0,1.0,15.0,0.0,0.0,0.0,-1.0,0.0,1.0,1.0,0.0,1.0,2,0.0,0.0,0.0,0.0
9033,28.0,260.0,1.0,12.0,0.0,1.0,0.0,165.0,165.0,25.0,25.0,3.0,3.0,10,2.0,0.0,0.0,0.0
10060,77.27565023109325,262.0,1.0,21.0,0.0,1.0,0.0,30.091883410364417,30.091883410364417,18.091883410364417,18.091883410364417,2.0,2.0,7,1.0,0.0,0.0,0.0
8518,112.0,283.0,1.0,47.0,0.0,29.0,0.0,6.0,6.0,2.0,2.0,1.0,1.0,2,1.0,0.0,0.0,0.0
2436,5.0,180.0,1.0,72514.0,0.0,0.0,0.0,9.0,9.0,3.0,3.0,1.0,1.0,2,1.0,1.0,2.0,0.0
10374,67.12691451313586,262.0,1.0,21.0,0.0,1.0,0.0,11.0,11.0,3.0,3.0,2.0,2.0,7,1.0,0.0,0.0,0.0
10693,238.10960195009363,371.1598230889305,5.0319646177861,234.38812383774865,25.726026536660427,0.0,1.0,118.14156656787972,118.14156656787972,12.598168065516028,12.598168065516028,2.242008845553475,2.242008845553475,7,1.757991154446525,0.48401769110695025,0.7260265366604255,0.7579911544465249
9656,23.0,271.0,12.0,49.0,0.0,0.0,1.0,106.0,106.0,31.0,31.0,2.0,2.0,7,29.0,0.0,0.0,1.0
4988,4.0,216.0,1.0,28.0,0.0,0.0,0.0,-1.0,0.0,1.0,1.0,0.0,2.0,2,0.0,0.0,1.0,0.0
10253,98.36095097575694,448.0,2.7443803903027737,564.0828529272708,26.51123921939445,0.0,1.0,96.46628234181664,96.46628234181664,89.21066273211942,89.21066273211942,0.0,0.0,10,3.127809804848613,0.0,0.0,0.0
7297,39.0,318.0,4.0,253.0,18.0,0.0,1.0,204.0,204.0,66.0,66.0,2.0,2.0,7,52.0,0.0,0.0,0.0
4790,36.0,180.0,1.0,12.0,0.0,0.0,0.0,-1.0,0.0,1.0,1.0,0.0,2.0,2,0.0,0.0,1.0,0.0
4483,5.0,218.0,1.0,10.0,0.0,0.0,0.0,-1.0,0.0,1.0,1.0,0.0,2.0,2,0.0,0.0,1.0,0.0
3103,13.0,180.0,1.0,7.0,0.0,0.0,0.0,9.0,9.0,2.0,2.0,0.0,1.0,2,0.0,1.0,2.0,0.0
7194,55.0,305.0,2.0,355.0,6.0,15.0,1.0,44.0,44.0,22.0,22.0,2.0,2.0,7,1.0,0.0,0.0,0.0
603,77.0,319.0,1.0,16.0,0.0,-1.0,2.0,10.0,10.0,3.0,3.0,1.0,1.0,2,1.0,1.0,1.0,1.0
4418,9.0,250.0,1.0,15.0,0.0,0.0,0.0,-1.0,0.0,1.0,1.0,0.0,2.0,2,0.0,0.0,0.0,0.0
5963,75.0,265.0,1.0,21.0,0.0,1.0,0.0,6.0,6.0,2.0,2.0,1.0,1.0,2,1.0,0.0,0.0,0.0
9057,29.0,298.0,1.0,12.0,0.0,1.0,0.0,1193.0,1193.0,36.0,36.0,0.0,0.0,2,0.0,0.0,0.0,0.0
10082,58.0,361.8195749931924,2.0,80.43608500136152,29.56391499863848,0.0,1.0,59.30825500408456,59.30825500408456,53.30825500408456,53.30825500408456,0.0,0.0,10,2.0,0.0,0.0,0.0
4042,34.0,230.0,1.0,10.0,17.0,0.0,1.0,-1.0,-1.0,-1.0,-1.0,-1.0,-1.0,0,-1.0,-1.0,-1.0,-1.0
10636,184.58141391455098,304.0,7.473486886835922,133.5776647644335,0.0,0.0,1.0,127.10417787759758,127.10417787759758,21.73674344341796,21.73674344341796,2.0,2.0,7,7.473486886835922,0.0,0.0,0.0
10572,26.789772473559264,298.0,1.0,12.0,0.0,1.0,0.0,31.0,31.0,28.0,28.0,0.0,0.0,7,1.0,0.0,0.0,0.0
5561,71.0,333.0,1.0,66.0,24.0,1.0,1.0,38.0,38.0,12.0,12.0,4.0,4.0,10,1.0,0.0,0.0,0.0
6659,94.0,283.0,1.0,31.0,0.0,13.0,0.0,46.0,46.0,34.0,34.0,2.0,2.0,7,1.0,0.0,0.0,0.0
3367,4.0,396.0,2.0,14.0,11.0,0.0,1.0,5.0,4.0,1.0,0.0,0.0,0.0,1,1.0,0.0,0.0,1.0
1280,74.0,364.0,1.0,16.0,16.0,-1.0,2.0,10.0,10.0,3.0,3.0,1.0,1.0,2,1.0,1.0,1.0,1.0
7728,391.0,368.0,2.0,1144.0,23.0,0.0,1.0,82.0,82.0,73.0,73.0,0.0,0.0,13,5.0,0.0,0.0,0.0
9022,30.0,298.0,1.0,12.0,0.0,1.0,0.0,57.0,57.0,45.0,45.0,2.0,2.0,7,1.0,0.0,0.0,0.0
3149,73.0,350.0,1.0,16.0,3.0,-1.0,2.0,8.0,8.0,2.0,2.0,1.0,1.0,2,1.0,1.0,1.0,1.0
3799,-1.0,-1.0,-1.0,-1.0,-1.0,-1.0,2.0,96.0,96.0,10.0,10.0,1.0,1.0,2,1.0,0.0,0.0,0.0
10096,76.64602462045342,283.0,1.0,31.0,0.0,13.0,0.0,28.707950759093176,28.707950759093176,16.707950759093176,16.707950759093176,2.0,2.0,7,1.0,0.0,0.0,0.0
6216,79.0,262.0,1.0,21.0,0.0,1.0,0.0,11.0,11.0,4.0,4.0,2.0,2.0,7,1.0,0.0,0.0,0.0
6401,80.0,262.0,1.0,21.0,0.0,1.0,0.0,11.0,11.0,3.0,3.0,2.0,2.0,7,1.0,0.0,0.0,0.0
6358,77.0,262.0,1.0,21.0,0.0,1.0,0.0,45.0,45.0,33.0,33.0,2.0,2.0,7,1.0,0.0,0.0,0.0
10242,34.368783612778984,302.5262432774442,1.0,56.63259411578117,8.053864283448558,0.0,1.0,11.0,11.0,3.0,3.0,2.0,2.0,7,1.0,0.0,0.0,0.0
9494,11.0,299.0,2.0,57.0,13.0,0.0,1.0,87.0,87.0,39.0,39.0,2.0,2.0,7,33.0,0.0,0.0,0.0
328,4.0,300.0,1.0,15.0,0.0,0.0,0.0,27.0,27.0,6.0,6.0,1.0,1.0,2,5.0,2.0,3.0,1.0
1704,15.0,250.0,1.0,16.0,1.0,-1.0,2.0,35.0,35.0,18.0,18.0,1.0,1.0,2,1.0,5.0,6.0,0.0
2493,807.0,203.0,1.0,10.0,0.0,0.0,0.0,89.0,89.0,31.0,31.0,1.0,1.0,7,12.0,4.0,5.0,0.0
7073,70.0,283.0,1.0,25.0,0.0,7.0,0.0,6.0,6.0,2.0,2.0,1.0,1.0,2,1.0,0.0,0.0,0.0
8671,195.0,381.0,16.0,458.0,30.0,4.0,1.0,109.0,109.0,79.0,79.0,0.0,0.0,2,28.0,0.0,0.0,0.0
3629,8.0,250.0,1.0,10.0,19.0,0.0,1.0,8.0,8.0,2.0,2.0,1.0,1.0,2,1.0,1.0,1.0,1.0
9367,27.0,260.0,1.0,12.0,0.0,1.0,0.0,30.0,30.0,18.0,18.0,2.0,2.0,7,1.0,0.0,0.0,0.0
10612,144.74081542107913,366.64647483014716,3.476994406699368,936.6319105071899,17.39953635645411,0.0,1.0,135.84740211723894,135.84740211723894,51.152597882761064,51.152597882761064,1.4769944066993679,1.4769944066993679,3,2.476994406699368,1.4769944066993679,2.215491610049052,0.0
4010,807.0,203.0,1.0,10.0,0.0,0.0,0.0,-1.0,-1.0,-1.0,-1.0,-1.0,-1.0,0,-1.0,-1.0,-1.0,-1.0
10822,80.5952905973142,377.07309287606085,2.0,431.6762324778514,15.279372079641895,0.0,1.0,102.47780227874664,102.47780227874664,97.11748831856758,97.11748831856758,0.0,0.0,10,1.3603139601790528,0.0,0.0,0.0
8309,119.0,460.0,6.0,732.0,34.0,0.0,1.0,111.0,111.0,40.0,40.0,3.0,3.0,10,2.0,2.0,3.0,0.0
6067,72.0,262.0,1.0,21.0,0.0,1.0,0.0,34.0,34.0,31.0,31.0,0.0,0.0,7,1.0,0.0,0.0,0.0
9071,28.0,298.0,1.0,12.0,0.0,1.0,0.0,45.0,45.0,33.0,33.0,0.0,0.0,10,2.0,0.0,0.0,0.0
9221,118.0,283.0,1.0,34.0,0.0,16.0,0.0,44.0,44.0,32.0,32.0,0.0,0.0,10,2.0,0.0,0.0,0.0
8658,391.0,356.0,24.0,371.0,31.0,3.0,1.0,256.0,256.0,27.0,27.0,2.0,2.0,7,12.0,0.0,0.0,0.0
6361,83.0,283.0,1.0,27.0,0.0,9.0,0.0,6.0,6.0,2.0,2.0,1.0,1.0,2,1.0,0.0,0.0,0.0
2199,16.0,371.0,1.0,16.0,16.0,-1.0,2.0,8.0,8.0,2.0,2.0,1.0,1.0,2,1.0,1.0,1.0,1.0
8010,42.0,361.0,2.0,65.0,22.0,6.0,1.0,197.0,197.0,92.0,92.0,2.0,2.0,2,4.0,2.0,3.0,0.0
6589,97.0,283.0,1.0,32.0,0.0,14.0,0.0,32.0,32.0,29.0,29.0,0.0,0.0,7,1.0,0.0,0.0,0.0
3083,9.0,180.0,1.0,152.0,0.0,0.0,0.0,9.0,9.0,3.0,3.0,1.0,1.0,2,1.0,1.0,1.0,1.0
6065,76.0,265.0,1.0,21.0,0.0,1.0,0.0,29.0,29.0,17.0,17.0,2.0,2.0,7,1.0,0.0,0.0,0.0
5452,401.0,271.0,12.0,344.0,0.0,0.0,1.0,119.0,119.0,66.0,66.0,2.0,2.0,7,12.0,0.0,0.0,0.0
1901,2.0,180.0,1.0,111714.0,0.0,0.0,0.0,8.0,8.0,2.0,2.0,1.0,1.0,2,1.0,1.0,1.0,1.0
10167,62.427315944346084,393.92292174955736,3.0,42.85463188869217,83.92292174955737,0.0,1.0,41.85463188869217,41.85463188869217,17.427315944346084,17.427315944346084,2.0,2.0,7,3.0,0.0,0.0,0.0
8968,21.0,298.0,1.0,13.0,0.0,1.0,0.0,28.0,28.0,5.0,5.0,1.0,1.0,2,1.0,0.0,0.0,0.0
4664,77.0,355.0,1.0,16.0,16.0,-1.0,2.0,-1.0,-1.0,-1.0,-1.0,-1.0,-1.0,0,-1.0,-1.0,-1.0,-1.0
1786,133.0,180.0,1.0,9.0,0.0,0.0,0.0,9.0,9.0,3.0,3.0,1.0,1.0,2,1.0,1.0,1.0,1.0
10509,127.13380792733966,282.37323841453207,2.880284756403798,41.89437744014726,0.0,8.852099388916875,0.6267615854679327,26.8802847564038,26.8802847564038,8.612668901724472,8.612668901724472,2.0,2.0,7,1.6267615854679327,0.0,0.0,0.0
10368,112.93160840096829,190.2971705232259,1.2971705232258894,12.59434104645178,1.7830231393553362,1.2971705232258894,0.0,20.70282947677411,20.70282947677411,8.554244215161166,8.554244215161166,2.148585261612945,2.148585261612945,7,1.2971705232258894,0.0,0.0,0.0
5188,44.0,415.0,2.0,49.0,32.0,1.0,1.0,-1.0,-1.0,-1.0,-1.0,-1.0,-1.0,0,-1.0,-1.0,-1.0,-1.0
5353,-1.0,-1.0,-1.0,-1.0,-1.0,-1.0,2.0,121.0,121.0,14.0,14.0,3.0,3.0,10,3.0,2.0,3.0,0.0
6094,75.0,265.0,1.0,21.0,0.0,1.0,0.0,25.0,25.0,13.0,13.0,2.0,2.0,7,1.0,0.0,0.0,0.0
84,15.0,180.0,1.0,10.0,0.0,0.0,0.0,35.0,35.0,33.0,32.0,0.0,0.0,7,1.0,0.0,0.0,0.0
9857,-1.0,-1.0,-1.0,-1.0,-1.0,-1.0,2.0,38.0,38.0,16.0,16.0,2.0,2.0,7,3.0,0.0,0.0,0.0
3487,5.0,197.0,2.0,30.0,4.0,-1.0,2.0,8.0,7.0,2.0,2.0,1.0,1.0,2,1.0,2.0,1.0,1.0
2789,12.0,180.0,1.0,9.0,0.0,0.0,0.0,7.0,6.0,1.0,1.0,0.0,0.0,1,1.0,0.0,0.0,0.0
7355,64.0,532.0,8.0,601.0,78.0,0.0,1.0,242.0,242.0,41.0,41.0,3.0,3.0,10,14.0,0.0,0.0,0.0
10335,89.95541430366738,304.2249413546433,15.8997654185733,660.162587968035,13.706000757234133,0.3875293226783374,1.0,42.44988270928665,42.44988270928665,16.80623533866083,16.80623533866083,2.0,2.0,7,7.837412031964988,0.0,0.0,0.0
511,9.0,290.0,1.0,10.0,12.0,0.0,1.0,10.0,10.0,3.0,3.0,1.0,1.0,2,1.0,1.0,1.0,1.0
11019,81.01175417024878,318.8705873191521,30.22352391491241,172.18824842548702,26.235291063840226,0.0,1.0,909.6117879148143,909.6117879148143,29.447060808503853,29.447060808503853,1.8117645531920115,1.8117645531920115,6,18.388238042543797,0.0,0.0,0.0
6532,76.0,265.0,1.0,21.0,0.0,1.0,0.0,22.0,22.0,10.0,10.0,2.0,2.0,7,1.0,0.0,0.0,0.0
731,7.0,201.0,1.0,996.0,0.0,0.0,0.0,28.0,28.0,10.0,10.0,1.0,1.0,2,9.0,1.0,2.0,1.0
4782,7.0,180.0,1.0,10.0,0.0,0.0,0.0,-1.0,0.0,-1.0,1.0,11.0,-1.0,19,0.0,-1.0,-1.0,-1.0
4861,35.0,180.0,1.0,16.0,0.0,0.0,0.0,-1.0,-1.0,-1.0,-1.0,-1.0,-1.0,0,-1.0,-1.0,-1.0,-1.0
10194,72.68795281187242,460.0002337093535,7.874853931654059,83.18783595719566,14.56257303417297,0.3125146068345941,1.0,44.6872516838119,44.6872516838119,33.43742696582703,33.43742696582703,0.0,0.0,10,7.874853931654059,0.0,0.0,0.0
4470,7.0,180.0,2.0,13.0,0.0,0.0,0.0,-1.0,0.0,1.0,1.0,0.0,2.0,2,0.0,0.0,1.0,0.0
9825,59.0,277.0,1.0,20.0,15.0,1.0,1.0,77.0,77.0,36.0,36.0,4.0,4.0,10,23.0,0.0,0.0,0.0
10514,76.47145777999654,262.0,1.0,21.0,0.0,1.0,0.0,32.0,32.0,20.0,20.0,2.0,2.0,7,1.0,0.0,0.0,0.0
2757,131.0,271.0,1.0,37.0,0.0,0.0,1.0,9.0,9.0,1.0,1.0,1.0,1.0,2,1.0,1.0,2.0,1.0
2859,4.0,250.0,1.0,15.0,0.0,0.0,0.0,9.0,9.0,3.0,3.0,1.0,1.0,2,1.0,1.0,1.0,1.0
9376,126.0,297.0,2.0,160.0,1.0,2.0,1.0,48.0,48.0,22.0,22.0,2.0,2.0,7,2.0,0.0,0.0,0.0
10695,62.52987200356325,333.13774303408223,5.019677576297462,214.92200097304425,16.4511616983734,0.9803224237025381,1.0,121.96064484740508,121.96064484740508,102.88264582044934,102.88264582044934,0.3921289694810153,0.3921289694810153,11,8.019677576297461,0.0,0.0,0.0
3122,14.0,224.0,0.0,20.0,7.0,0.0,0.0,74.0,74.0,19.0,19.0,2.0,2.0,7,2.0,1.0,1.0,1.0
3184,4.0,377.0,2.0,13.0,11.0,0.0,1.0,9.0,9.0,3.0,3.0,1.0,1.0,2,1.0,1.0,1.0,1.0
2055,17.0,258.0,1.0,10.0,7.0,0.0,0.0,9.0,9.0,3.0,3.0,1.0,1.0,2,1.0,1.0,2.0,0.0
6814,77.0,265.0,1.0,21.0,0.0,1.0,0.0,37.0,37.0,33.0,33.0,0.0,0.0,7,2.0,0.0,0.0,0.0
4334,4.0,300.0,1.0,15.0,0.0,0.0,0.0,-1.0,-1.0,-1.0,-1.0,-1.0,-1.0,0,-1.0,-1.0,-1.0,-1.0
127,8.0,180.0,1.0,11.0,0.0,0.0,0.0,12.0,12.0,5.0,5.0,1.0,1.0,2,1.0,2.0,3.0,0.0
4450,42.0,180.0,1.0,11.0,0.0,0.0,0.0,19.0,19.0,9.0,9.0,1.0,1.0,2,1.0,0.0,0.0,0.0
164,9.0,180.0,1.0,9.0,0.0,0.0,0.0,27.0,27.0,6.0,7.0,4.0,4.0,12,2.0,1.0,1.0,0.0
10814,178.93064246044725,304.0,2.0,69.79192738134175,0.0,0.0,1.0,68.79192738134175,68.79192738134175,15.93064246044725,15.93064246044725,2.0,2.0,7,2.534678769776375,0.0,0.0,0.0
9702,23.0,229.0,12.0,53.0,0.0,0.0,1.0,63.0,63.0,24.0,24.0,1.0,1.0,2,12.0,0.0,0.0,0.0
7461,46.0,408.0,1.0,60.0,46.0,0.0,1.0,183.0,183.0,90.0,90.0,4.0,4.0,12,3.0,0.0,1.0,0.0
6415,91.0,283.0,1.0,37.0,0.0,19.0,0.0,6.0,6.0,2.0,2.0,1.0,1.0,2,1.0,0.0,0.0,0.0
3199,12.0,180.0,1.0,77.0,0.0,0.0,0.0,8.0,7.0,2.0,2.0,1.0,1.0,2,1.0,1.0,1.0,1.0
5986,85.0,286.0,1.0,22.0,0.0,1.0,0.0,7.0,7.0,3.0,3.0,1.0,1.0,2,1.0,0.0,0.0,0.0
1319,3.0,218.0,1.0,12.0,0.0,0.0,0.0,21.0,21.0,6.0,6.0,1.0,1.0,2,1.0,1.0,1.0,1.0
5587,85.0,403.0,2.0,98.0,55.0,8.0,1.0,97.0,97.0,20.0,20.0,2.0,2.0,7,2.0,0.0,0.0,0.0
7642,49.0,393.0,1.0,92.0,29.0,0.0,1.0,103.0,103.0,95.0,95.0,0.0,0.0,10,4.0,0.0,0.0,0.0
472,1.0,180.0,1.0,111612.0,0.0,0.0,0.0,16.0,17.0,8.0,8.0,1.0,1.0,2,1.0,3.0,4.0,0.0
1997,17.0,352.0,7.0,25.0,14.0,0.0,1.0,8.0,7.0,2.0,2.0,1.0,1.0,2,1.0,1.0,1.0,1.0
18,14.0,180.0,1.0,15.0,0.0,0.0,0.0,14.0,14.0,2.0,2.0,1.0,1.0,2,1.0,2.0,3.0,1.0
10234,382.48678385617626,340.43190585005186,45.45385705250162,5464.550766414777,23.860720362819183,0.0,1.0,324.5180090704796,324.5180090704796,103.37872943329876,103.37872943329876,2.2785592743616334,2.2785592743616334,7,45.3145774153208,0.2785592743616334,0.4178389115424501,0.0
5158,32.0,406.0,3.0,67.0,49.0,0.0,1.0,-1.0,-1.0,-1.0,-1.0,-1.0,-1.0,0,-1.0,-1.0,-1.0,-1.0
2137,14.0,382.0,7.0,25.0,13.0,0.0,1.0,9.0,9.0,1.0,1.0,1.0,1.0,2,1.0,1.0,2.0,1.0
1025,14.0,180.0,1.0,10.0,0.0,0.0,0.0,12.0,12.0,3.0,3.0,1.0,1.0,2,1.0,1.0,2.0,0.0
8289,226.0,364.0,5.0,3793.0,17.0,0.0,1.0,145.0,145.0,60.0,60.0,3.0,3.0,10,4.0,2.0,3.0,0.0
5935,45.0,229.0,15.0,63.0,0.0,0.0,1.0,62.0,62.0,16.0,16.0,1.0,1.0,2,15.0,0.0,0.0,0.0
3114,8.0,180.0,1.0,10.0,0.0,0.0,0.0,7.0,6.0,2.0,2.0,1.0,1.0,2,1.0,1.0,1.0,1.0
7744,97.0,388.0,2.0,796.0,28.0,0.0,1.0,81.0,81.0,73.0,73.0,0.0,0.0,12,3.0,0.0,0.0,0.0
6110,76.0,283.0,1.0,31.0,0.0,13.0,0.0,6.0,6.0,2.0,2.0,1.0,1.0,2,1.0,0.0,0.0,0.0
3161,9.0,180.0,1.0,9.0,0.0,0.0,0.0,33.0,33.0,12.0,12.0,2.0,2.0,7,1.0,0.0,0.0,0.0
5940,344.0,517.0,1.0,1734.0,44.0,1.0,1.0,1733.0,1733.0,24.0,24.0,2.0,2.0,7,1.0,0.0,0.0,0.0
10779,274.4833225788437,282.0,43.37196040900134,107.74392081800268,0.0,0.0,1.0,78.5189369497372,78.5189369497372,34.74166128942183,34.74166128942183,1.296212610052561,1.296212610052561,2,21.706046918528294,0.5924252201051219,0.8886378301576828,0.0
7888,54.0,431.0,2.0,100.0,26.0,0.0,1.0,77.0,77.0,26.0,26.0,3.0,3.0,10,1.0,2.0,3.0,0.0
449,15.0,180.0,1.0,10.0,0.0,0.0,0.0,16.0,16.0,4.0,4.0,1.0,1.0,2,3.0,1.0,2.0,1.0
8742,25.0,297.0,7.0,35.0,0.0,0.0,1.0,34.0,34.0,8.0,8.0,1.0,1.0,2,7.0,0.0,0.0,0.0
10821,95.8186300447591,425.7304103133137,3.0,562.2884017188857,27.590684977620448,0.0,1.0,95.87908669650606,95.87908669650606,89.40931502237954,89.40931502237954,0.0,0.0,10,2.469771674126517,0.0,0.0,0.0
4372,84.0,238.0,1.0,39.0,12.0,0.0,1.0,16.0,16.0,5.0,5.0,1.0,1.0,2,1.0,0.0,0.0,0.0
6362,83.0,283.0,1.0,27.0,0.0,9.0,0.0,613.0,613.0,56.0,56.0,6.0,6.0,10,34.0,0.0,0.0,0.0
3744,-1.0,-1.0,-1.0,-1.0,-1.0,-1.0,2.0,7.0,7.0,1.0,1.0,1.0,1.0,2,1.0,3.0,4.0,0.0
178,8.0,180.0,1.0,10.0,0.0,0.0,0.0,17.0,17.0,1.0,1.0,1.0,1.0,2,1.0,1.0,2.0,1.0
4529,70.0,302.0,4.0,148.0,1.0,3.0,1.0,-1.0,0.0,1.0,1.0,0.0,2.0,2,0.0,0.0,1.0,0.0
1340,12.0,180.0,1.0,9.0,0.0,0.0,0.0,8.0,7.0,2.0,2.0,1.0,1.0,2,1.0,1.0,1.0,1.0
3548,15.0,224.0,0.0,20.0,7.0,0.0,0.0,5.0,5.0,1.0,0.0,1.0,1.0,2,1.0,0.0,0.0,1.0
1591,15.0,224.0,0.0,20.0,7.0,0.0,0.0,8.0,8.0,2.0,2.0,1.0,1.0,2,1.0,1.0,1.0,1.0
10789,70.0,283.0,1.0,25.488074781142398,0.0,7.488074781142397,0.0,6.0,6.0,2.0,2.0,1.0,1.0,2,1.0,0.0,0.0,0.0
9708,24.0,229.0,12.0,48.0,0.0,0.0,1.0,87.0,87.0,26.0,26.0,1.0,1.0,2,22.0,0.0,0.0,0.0
7553,74.0,345.0,2.0,543.0,25.0,0.0,1.0,81.0,81.0,75.0,75.0,0.0,0.0,7,2.0,0.0,0.0,0.0
8933,102.0,262.0,1.0,21.0,0.0,1.0,0.0,6.0,6.0,2.0,2.0,1.0,1.0,2,1.0,0.0,0.0,0.0
1769,232.0,180.0,1.0,6.0,0.0,0.0,0.0,9.0,9.0,2.0,2.0,0.0,1.0,1,1.0,2.0,3.0,0.0
3596,49.0,192.0,1.0,30.0,0.0,1.0,0.0,8.0,7.0,2.0,2.0,1.0,1.0,2,1.0,1.0,1.0,1.0
483,78.0,370.0,1.0,16.0,16.0,-1.0,2.0,13.0,13.0,2.0,2.0,1.0,1.0,2,1.0,2.0,3.0,1.0
3967,9.0,180.0,1.0,9.0,0.0,0.0,0.0,0.0,0.0,1.0,0.0,1.0,1.0,2,0.0,1.0,0.0,0.0
10213,95.25183913355676,283.0,1.0,29.125919566778382,0.0,11.125919566778382,0.0,11.0,11.0,3.0,3.0,2.0,2.0,7,1.0,0.0,0.0,0.0
6994,76.0,262.0,1.0,21.0,0.0,1.0,0.0,9.0,9.0,4.0,4.0,1.0,1.0,2,2.0,0.0,0.0,0.0
11057,79.56003445983399,283.0,1.0,27.439965540166007,0.0,9.439965540166009,0.0,6.0,6.0,2.0,2.0,1.0,1.0,2,1.0,0.0,0.0,0.0
10102,40.02072272756601,413.0,6.0,55.082890910264055,13.0,0.0,1.0,33.12433636539608,33.12433636539608,24.124336365396083,24.124336365396083,0.0,0.0,10,6.0,0.0,0.0,0.0
2485,5.0,223.0,1.0,15.0,0.0,0.0,0.0,9.0,9.0,1.0,1.0,1.0,1.0,2,1.0,1.0,2.0,1.0
780,2.0,180.0,1.0,111614.0,0.0,0.0,0.0,13.0,13.0,2.0,2.0,1.0,1.0,2,1.0,2.0,3.0,1.0
4644,8.0,256.0,2.0,22.0,15.0,0.0,1.0,17.0,17.0,5.0,5.0,1.0,1.0,2,4.0,1.0,2.0,1.0
6997,91.0,283.0,1.0,30.0,0.0,12.0,0.0,9.0,9.0,4.0,4.0,1.0,1.0,2,2.0,0.0,0.0,0.0
7229,71.0,226.0,4.0,307.0,0.0,0.0,1.0,89.0,89.0,57.0,57.0,2.0,2.0,7,2.0,0.0,0.0,0.0
6059,32.0,298.0,1.0,12.0,0.0,1.0,0.0,-1.0,-1.0,-1.0,-1.0,-1.0,-1.0,0,-1.0,-1.0,-1.0,-1.0
77,9.0,180.0,1.0,9.0,0.0,0.0,0.0,26.0,25.0,3.0,3.0,1.0,1.0,2,1.0,1.0,2.0,1.0
6689,41.0,298.0,1.0,18.0,26.0,0.0,1.0,30.0,30.0,4.0,4.0,1.0,1.0,2,1.0,0.0,0.0,0.0
7047,92.0,262.0,1.0,21.0,0.0,1.0,0.0,12.0,12.0,4.0,4.0,2.0,2.0,7,1.0,0.0,0.0,0.0
10081,175.7612028327811,263.6448693466573,2.1690750723220935,40.73916217455058,4.968569057368898,0.7077312319194766,1.0,1693.6654499755612,1693.6654499755612,104.86488594507499,104.86488594507499,7.1690750723220935,7.1690750723220935,12,73.6958108727529,0.0,0.0,0.0
10659,74.7224933139851,265.0,1.0,21.0,0.0,1.0,0.0,29.574164437995034,29.574164437995034,17.574164437995034,17.574164437995034,2.0,2.0,7,1.0,0.0,0.0,0.0
7748,70.0,412.0,2.0,782.0,30.0,0.0,1.0,44.0,44.0,39.0,39.0,0.0,0.0,10,1.0,0.0,0.0,0.0
8865,202.0,304.0,3.0,72.0,0.0,0.0,1.0,70.0,70.0,17.0,17.0,2.0,2.0,7,4.0,0.0,0.0,0.0
2203,16.0,250.0,1.0,16.0,0.0,-1.0,2.0,8.0,8.0,2.0,2.0,1.0,1.0,2,1.0,1.0,1.0,1.0
8650,402.0,354.0,16.0,672.0,33.0,3.0,1.0,354.0,354.0,31.0,31.0,2.0,2.0,7,16.0,0.0,0.0,0.0
6085,37.0,307.0,13.0,55.0,16.0,0.0,1.0,41.0,41.0,8.0,8.0,1.0,1.0,2,1.0,0.0,0.0,0.0
6006,74.0,283.0,1.0,24.0,0.0,6.0,0.0,23.0,23.0,11.0,11.0,2.0,2.0,7,1.0,0.0,0.0,0.0
752,17.0,180.0,1.0,10.0,0.0,0.0,0.0,24.0,24.0,5.0,5.0,1.0,1.0,2,4.0,5.0,6.0,1.0
8313,265.0,471.0,3.0,515.0,32.0,0.0,1.0,1342.0,1342.0,812.0,812.0,3.0,3.0,10,7.0,2.0,3.0,0.0
3637,-1.0,-1.0,-1.0,-1.0,-1.0,-1.0,2.0,9.0,9.0,1.0,1.0,1.0,1.0,2,1.0,1.0,2.0,1.0
699,1.0,180.0,1.0,111113.0,0.0,0.0,0.0,13.0,13.0,2.0,2.0,1.0,1.0,2,1.0,2.0,3.0,1.0
8142,55.0,337.0,4.0,70.0,27.0,0.0,1.0,138.0,138.0,26.0,26.0,2.0,2.0,7,4.0,0.0,0.0,0.0
10456,92.46782984662359,262.0,1.0,21.0,0.0,1.0,0.0,6.0,6.0,2.0,2.0,1.0,1.0,2,1.0,0.0,0.0,0.0
6942,79.0,272.0,1.0,21.0,0.0,1.0,0.0,6.0,6.0,2.0,2.0,1.0,1.0,2,1.0,0.0,0.0,0.0
7184,68.0,226.0,2.0,482.0,0.0,26.0,1.0,42.0,42.0,20.0,20.0,2.0,2.0,7,2.0,0.0,0.0,0.0
1492,15.0,224.0,0.0,20.0,7.0,0.0,0.0,9.0,9.0,2.0,2.0,0.0,1.0,1,1.0,2.0,3.0,0.0
10140,67.0,263.25982119379745,1.0,21.0,0.0,1.0,0.0,6.0,6.0,2.0,2.0,1.0,1.0,2,1.0,0.0,0.0,0.0
6328,76.0,262.0,1.0,21.0,0.0,1.0,0.0,33.0,33.0,21.0,21.0,2.0,2.0,7,1.0,0.0,0.0,0.0
2086,17.0,180.0,1.0,10.0,0.0,0.0,0.0,46.0,46.0,16.0,16.0,8.0,8.0,14,2.0,2.0,4.0,0.0
3365,7.0,239.0,1.0,10.0,8.0,0.0,1.0,7.0,7.0,1.0,1.0,1.0,1.0,2,0.0,0.0,0.0,0.0
8223,3.0,375.0,2.0,15.0,18.0,0.0,1.0,14.0,14.0,2.0,2.0,1.0,1.0,2,2.0,0.0,0.0,0.0
7207,43.0,226.0,4.0,36.0,0.0,4.0,1.0,74.0,74.0,36.0,36.0,2.0,2.0,7,3.0,0.0,0.0,0.0
2154,18.0,256.0,2.0,22.0,15.0,0.0,1.0,8.0,8.0,2.0,2.0,1.0,1.0,2,1.0,1.0,1.0,1.0
69,2.0,180.0,1.0,111612.0,0.0,0.0,0.0,15.0,15.0,2.0,2.0,1.0,1.0,2,1.0,1.0,2.0,0.0
1449,12.0,180.0,1.0,9.0,0.0,0.0,0.0,9.0,9.0,3.0,3.0,1.0,1.0,2,1.0,1.0,2.0,0.0
3175,244.0,319.0,1.0,21.0,22.0,0.0,1.0,4.0,4.0,1.0,1.0,0.0,1.0,1,1.0,1.0,1.0,1.0
3877,-1.0,-1.0,-1.0,-1.0,-1.0,-1.0,2.0,71.0,71.0,5.0,5.0,1.0,1.0,2,4.0,0.0,0.0,1.0
3959,8.0,180.0,1.0,10.0,0.0,0.0,0.0,0.0,1.0,1.0,0.0,1.0,1.0,2,0.0,0.0,0.0,0.0
3221,6.0,180.0,2.0,14.0,0.0,0.0,0.0,9.0,9.0,3.0,3.0,1.0,1.0,2,1.0,1.0,1.0,1.0
1531,13.0,180.0,0.0,1991.0,0.0,0.0,0.0,9.0,9.0,1.0,1.0,1.0,1.0,2,1.0,1.0,2.0,1.0
4501,4.0,180.0,2.0,11.0,0.0,0.0,0.0,-1.0,-1.0,-1.0,-1.0,-1.0,-1.0,0,-1.0,-1.0,-1.0,-1.0
7678,58.0,429.0,1.0,103.0,43.0,0.0,1.0,520.0,520.0,247.0,247.0,3.0,3.0,10,4.0,2.0,3.0,0.0
10104,71.1445173240864,372.0,1.0,342.607661663777,28.0,0.0,1.0,51.7138706689784,51.7138706689784,45.7138706689784,45.7138706689784,0.0,0.0,10,2.0,0.0,0.0,0.0
7208,60.0,226.0,4.0,284.0,0.0,0.0,1.0,53.0,53.0,45.0,45.0,0.0,0.0,2,6.0,0.0,0.0,0.0
504,94.0,180.0,1.0,9.0,0.0,0.0,0.0,14.0,14.0,2.0,2.0,1.0,1.0,2,1.0,2.0,3.0,1.0
6953,97.0,283.0,1.0,28.0,0.0,10.0,0.0,6.0,6.0,2.0,2.0,1.0,1.0,2,1.0,0.0,0.0,0.0
8531,107.0,283.0,1.0,46.0,0.0,28.0,0.0,6.0,6.0,2.0,2.0,1.0,1.0,2,1.0,0.0,0.0,0.0
3580,48.0,287.0,1.0,40.0,0.0,1.0,0.0,9.0,9.0,3.0,3.0,1.0,1.0,2,1.0,1.0,1.0,1.0
7089,84.0,283.0,2.0,33.0,0.0,11.0,0.0,30.0,30.0,18.0,18.0,2.0,2.0,7,1.0,0.0,0.0,0.0
10742,13.640620335558031,264.1717863756026,6.0,28.640620335558033,0.0,0.0,1.0,60.437518657767875,60.437518657767875,15.796898322209842,15.796898322209842,2.0,2.0,7,12.281240671116063,0.0,0.0,0.6406203355580317
6329,86.0,262.0,1.0,21.0,0.0,1.0,0.0,11.0,11.0,3.0,3.0,2.0,2.0,7,1.0,0.0,0.0,0.0
798,77.0,301.0,1.0,16.0,16.0,-1.0,2.0,19.0,19.0,9.0,9.0,1.0,1.0,2,1.0,0.0,0.0,0.0
4840,76.0,376.0,1.0,16.0,16.0,-1.0,2.0,0.0,1.0,1.0,0.0,1.0,1.0,2,0.0,0.0,0.0,0.0
5074,8284.0,180.0,1.0,11.0,0.0,0.0,0.0,15.0,15.0,2.0,2.0,1.0,1.0,2,1.0,1.0,2.0,0.0
9786,46.0,306.0,3.0,296.0,0.0,0.0,1.0,33.0,33.0,10.0,10.0,2.0,2.0,7,3.0,0.0,0.0,0.0
10963,58.79488236060261,335.61110538800693,2.5085465683082244,66.01709313661645,13.40598774860953,0.0,1.0,32.47436029507533,32.47436029507533,26.98290686338355,26.98290686338355,0.0,0.0,8,2.5085465683082244,0.0,0.0,0.0
3795,-1.0,-1.0,-1.0,-1.0,-1.0,-1.0,2.0,7.0,7.0,2.0,2.0,1.0,1.0,2,1.0,1.0,1.0,1.0
61,9.0,180.0,1.0,9.0,0.0,0.0,0.0,30.0,30.0,4.0,4.0,1.0,1.0,2,1.0,1.0,2.0,1.0
1775,14.0,180.0,1.0,10.0,0.0,0.0,0.0,9.0,9.0,2.0,2.0,0.0,1.0,1,1.0,2.0,3.0,0.0
5698,52.0,335.0,2.0,32.0,8.0,0.0,1.0,31.0,31.0,8.0,8.0,1.0,1.0,2,2.0,0.0,0.0,0.0
11044,89.34494867327959,405.3449486732796,3.426082427154375,771.002990647861,28.098556763794168,0.0,1.0,99.72175271853688,99.72175271853688,21.14783514569125,21.14783514569125,3.0,3.0,10,2.0,2.0,2.524639190948542,0.0
2460,73.0,354.0,1.0,16.0,16.0,-1.0,2.0,9.0,9.0,2.0,2.0,0.0,1.0,1,1.0,2.0,3.0,0.0
5507,55.0,345.0,8.0,220.0,48.0,0.0,1.0,219.0,219.0,15.0,15.0,2.0,2.0,7,8.0,0.0,0.0,1.0
10816,74.17884436811468,365.35768873622936,2.0,342.32497678549095,16.0,0.0,1.0,69.25191057680283,69.25191057680283,63.07306620868813,63.07306620868813,0.0,0.0,10,2.1788443681146887,0.0,0.0,0.0
6535,73.0,283.0,1.0,23.0,0.0,5.0,0.0,6.0,6.0,2.0,2.0,1.0,1.0,2,1.0,0.0,0.0,0.0
1567,17.0,180.0,1.0,10.0,0.0,0.0,0.0,8.0,8.0,2.0,2.0,1.0,1.0,2,1.0,1.0,1.0,1.0
4742,46.0,180.0,1.0,11.0,0.0,0.0,0.0,21.0,21.0,11.0,11.0,1.0,1.0,2,1.0,5.0,6.0,0.0
4456,77.0,346.0,1.0,16.0,5.0,-1.0,2.0,-1.0,-1.0,-1.0,-1.0,-1.0,-1.0,0,-1.0,-1.0,-1.0,-1.0
2848,7.0,211.0,1.0,9.0,3.0,0.0,0.0,9.0,9.0,3.0,3.0,1.0,1.0,2,1.0,1.0,1.0,1.0
9881,4.0,396.0,2.0,14.0,11.0,0.0,1.0,8.0,8.0,2.0,2.0,1.0,1.0,2,1.0,1.0,1.0,1.0
2986,78.0,317.0,1.0,16.0,16.0,-1.0,2.0,8.0,7.0,2.0,2.0,1.0,1.0,2,1.0,1.0,1.0,1.0
4454,78.0,319.0,1.0,16.0,16.0,-1.0,2.0,19.0,19.0,9.0,9.0,1.0,1.0,2,1.0,0.0,0.0,0.0
7213,60.0,226.0,4.0,283.0,0.0,0.0,1.0,67.0,67.0,34.0,34.0,2.0,2.0,7,4.0,0.0,0.0,0.0
1568,26.0,258.0,1.0,10.0,7.0,0.0,0.0,9.0,9.0,3.0,3.0,1.0,1.0,2,1.0,1.0,1.0,1.0
10485,67.13273916001366,226.0,4.375407324211245,304.0228101558297,0.0,0.0,1.0,71.50488789053493,71.50488789053493,35.87703662105622,35.87703662105622,2.0,2.0,7,4.0,0.0,0.0,0.0
6212,73.0,283.0,1.0,21.0,0.0,3.0,0.0,224.0,224.0,18.0,18.0,2.0,2.0,7,1.0,0.0,0.0,0.0
7486,75.0,433.0,2.0,348.0,30.0,0.0,1.0,63.0,63.0,55.0,55.0,0.0,0.0,10,4.0,0.0,0.0,0.0
10286,2070.703471058927,423.081035633275,21.989655200821606,631.048286713853,56.908619567546616,89.8034488156105,1.0,126.80861709606701,126.80861709606701,55.57930875399014,55.57930875399014,0.515517198767593,0.515517198767593,3,10.11379279096235,-0.4948276004108023,-0.4948276004108023,-0.4948276004108023
5019,7.0,290.0,1.0,16.0,2.0,-1.0,2.0,-1.0,0.0,1.0,1.0,0.0,2.0,2,0.0,0.0,0.0,0.0
10233,44.48523677407838,588.0492107530721,3.336614050204804,213.68207978636661,101.34645620081922,0.0,1.0,153.89074587858408,153.89074587858408,28.48523677407838,28.48523677407838,2.0,2.0,7,1.0,0.0,0.0,0.0
4373,8.0,180.0,1.0,10.0,0.0,0.0,0.0,-1.0,0.0,1.0,1.0,0.0,2.0,2,0.0,0.0,0.0,0.0
10392,77.98606035025087,267.9581810507526,1.0,22.702337443072167,0.0,3.269783257429557,0.0,766.9995749565807,766.9995749565807,33.07913302971823,33.07913302971823,1.7023374430721678,1.7023374430721678,4,9.646578844075618,0.0,0.0,0.0
10464,379.5577437432245,377.9058745638255,1.0497329743715698,55.24866487185785,7.193591384917672,0.24866487185784825,1.0,51.740654103004935,51.740654103004935,17.44225625677552,17.44225625677552,1.0497329743715698,1.0497329743715698,2,1.0497329743715698,4.751335128142152,5.701602153770582,0.9502670256284304
381,3.0,180.0,1.0,8.0,0.0,0.0,0.0,14.0,14.0,2.0,2.0,1.0,1.0,2,1.0,2.0,3.0,1.0
6288,87.0,262.0,1.0,21.0,0.0,1.0,0.0,31.0,31.0,19.0,19.0,2.0,2.0,7,1.0,0.0,0.0,0.0
2412,8.0,224.0,0.0,20.0,7.0,0.0,0.0,9.0,9.0,2.0,2.0,0.0,1.0,2,0.0,1.0,2.0,0.0
3912,-1.0,-1.0,-1.0,-1.0,-1.0,-1.0,2.0,51.0,51.0,8.0,8.0,2.0,2.0,7,2.0,0.0,0.0,0.0
9582,22.0,229.0,14.0,53.0,0.0,0.0,1.0,31.0,31.0,27.0,27.0,0.0,0.0,7,2.0,0.0,0.0,0.0
5120,46.0,180.0,1.0,11.0,0.0,0.0,0.0,-1.0,0.0,0.0,1.0,0.0,1.0,2,0.0,0.0,0.0,0.0
928,8.0,180.0,1.0,11.0,0.0,0.0,0.0,14.0,13.0,11.0,11.0,0.0,0.0,2,1.0,0.0,1.0,0.0
10144,54.88555245308759,319.0,3.114447546912412,31.343342640737237,28.0,0.0,1.0,30.343342640737237,30.343342640737237,9.114447546912412,9.114447546912412,2.0,2.0,7,3.114447546912412,0.0,0.0,0.0
4162,4.0,271.0,1.0,15.0,0.0,0.0,0.0,-1.0,-1.0,-1.0,-1.0,-1.0,-1.0,0,-1.0,-1.0,-1.0,-1.0
10503,22.06317212501769,298.0,1.0,12.0,0.0,1.0,0.0,25.93682787498231,25.93682787498231,13.93682787498231,13.93682787498231,2.0,2.0,7,1.0,0.0,0.0,0.0
6172,97.0,283.0,1.0,30.0,0.0,12.0,0.0,11.0,11.0,3.0,3.0,2.0,2.0,7,1.0,0.0,0.0,0.0
7794,86.0,383.0,2.0,450.0,16.0,0.0,1.0,180.0,180.0,73.0,73.0,6.0,6.0,12,3.0,0.0,0.0,0.0
245,4.0,242.0,1.0,16.0,0.0,0.0,0.0,19.0,19.0,9.0,9.0,1.0,1.0,2,1.0,0.0,0.0,0.0
1439,17.0,180.0,1.0,10.0,0.0,0.0,0.0,9.0,9.0,2.0,2.0,0.0,1.0,1,1.0,2.0,3.0,0.0
9214,25.0,298.0,1.0,12.0,0.0,1.0,0.0,12.0,12.0,4.0,4.0,2.0,2.0,7,1.0,0.0,0.0,0.0
7937,77.0,367.0,2.0,353.0,16.0,0.0,1.0,60.0,60.0,53.0,53.0,0.0,0.0,12,3.0,0.0,0.0,0.0
7846,63.0,401.0,3.0,368.0,26.0,0.0,1.0,59.0,59.0,53.0,53.0,0.0,0.0,10,2.0,0.0,0.0,0.0
8603,144.0,351.0,4.0,123.0,57.0,76.0,1.0,82.0,82.0,41.0,41.0,2.0,2.0,7,4.0,0.0,0.0,0.0
10453,229.53300128612364,388.65536764312907,20.59828723077958,691.3688906399947,33.88512254770969,59.20477999386561,1.0,171.26221872001076,171.26221872001076,80.05743872614515,80.05743872614515,2.0,2.0,7,23.25401318770431,0.0,0.0,0.0
9254,128.0,262.0,2.0,24.0,0.0,2.0,0.0,9.0,9.0,4.0,4.0,1.0,1.0,2,1.0,0.0,0.0,0.0
4212,4.0,180.0,1.0,9.0,0.0,0.0,0.0,19.0,19.0,9.0,9.0,1.0,1.0,2,1.0,0.0,0.0,0.0
8461,251.0,282.0,5.0,71.0,0.0,5.0,1.0,33.0,33.0,30.0,30.0,0.0,0.0,7,1.0,0.0,0.0,0.0
5121,594.0,180.0,595.0,189.0,0.0,-1.0,2.0,13.0,13.0,3.0,3.0,1.0,1.0,2,1.0,1.0,2.0,0.0
4343,4.0,220.0,1.0,12.0,0.0,0.0,0.0,-1.0,-1.0,-1.0,-1.0,-1.0,-1.0,0,-1.0,-1.0,-1.0,-1.0
3561,2.0,180.0,0.0,8.0,0.0,0.0,0.0,9.0,9.0,1.0,1.0,1.0,1.0,2,1.0,1.0,2.0,1.0
8857,156.0,304.0,4.0,108.0,0.0,0.0,1.0,105.0,105.0,18.0,18.0,2.0,2.0,7,4.0,0.0,0.0,0.0
8924,100.0,283.0,1.0,40.0,0.0,22.0,0.0,39.0,39.0,27.0,27.0,2.0,2.0,7,1.0,0.0,0.0,0.0
114,3.0,180.0,0.0,8.0,0.0,0.0,0.0,15.0,15.0,2.0,2.0,1.0,1.0,2,1.0,2.0,3.0,1.0
2302,7.0,239.0,1.0,10.0,8.0,0.0,1.0,48.0,48.0,12.0,12.0,2.0,2.0,7,1.0,1.0,2.0,1.0
8310,130.0,460.0,6.0,747.0,34.0,0.0,1.0,152.0,152.0,55.0,55.0,2.0,2.0,2,2.0,2.0,3.0,0.0
10173,79.0507249298732,283.0,1.0,34.050724929873205,0.0,16.0507249298732,0.0,6.0,6.0,2.0,2.0,1.0,1.0,2,1.0,0.0,0.0,0.0
2180,15.0,180.0,1.0,10.0,0.0,0.0,0.0,4.0,4.0,1.0,1.0,1.0,1.0,2,1.0,1.0,1.0,1.0
8354,285.0,369.0,4.0,458.0,29.0,0.0,1.0,215.0,215.0,18.0,18.0,2.0,2.0,7,2.0,1.0,2.0,0.0
8455,150.0,265.0,3.0,27.0,0.0,3.0,0.0,55.0,55.0,43.0,43.0,2.0,2.0,7,1.0,0.0,0.0,0.0
5409,48.0,460.0,9.0,55.0,68.0,0.0,1.0,54.0,54.0,12.0,12.0,2.0,2.0,7,9.0,0.0,0.0,0.0
775,1.0,180.0,1.0,111113.0,0.0,0.0,0.0,25.0,25.0,4.0,4.0,1.0,1.0,2,5.0,1.0,1.0,1.0
4871,7.0,180.0,1.0,10.0,0.0,0.0,0.0,13.0,13.0,4.0,4.0,1.0,1.0,2,1.0,2.0,3.0,1.0
7360,92.0,349.0,2.0,806.0,15.0,0.0,1.0,611.0,611.0,325.0,325.0,2.0,2.0,2,4.0,2.0,3.0,0.0
10817,34.5931257629265,334.64828144073164,7.517185592683761,45.386089744635896,5.186251525852991,0.0,1.0,63.18625152585299,63.18625152585299,15.648281440731624,15.648281440731624,1.648281440731624,1.648281440731624,5,7.517185592683761,0.0,0.0,0.0
4676,73.0,354.0,1.0,16.0,7.0,-1.0,2.0,-1.0,-1.0,-1.0,-1.0,-1.0,-1.0,0,-1.0,-1.0,-1.0,-1.0
8843,161.0,304.0,6.0,90.0,0.0,0.0,1.0,85.0,85.0,21.0,21.0,2.0,2.0,7,7.0,0.0,0.0,0.0
10549,58.06075792730381,319.8261163349201,16.6522326698401,85.74790247079213,34.287009402856086,0.0,1.0,82.20879553872817,82.20879553872817,22.46089306793604,22.46089306793604,1.3652232669840099,1.3652232669840099,3,16.6522326698401,0.0,0.0,0.0
9362,103.0,283.0,1.0,28.0,0.0,10.0,0.0,11.0,11.0,3.0,3.0,2.0,2.0,7,1.0,0.0,0.0,0.0
7286,39.0,533.0,4.0,328.0,83.0,0.0,1.0,36.0,36.0,8.0,8.0,4.0,4.0,10,2.0,0.0,0.0,0.0
3760,-1.0,-1.0,-1.0,-1.0,-1.0,-1.0,2.0,9.0,8.0,3.0,2.0,0.0,0.0,1,1.0,1.0,1.0,1.0
11060,88.9786591448504,356.2240789790709,2.0,648.3597743455118,29.925307006976375,0.0,1.0,350.2027381239213,350.2027381239213,90.68290736478743,90.68290736478743,0.03201128272441056,0.03201128272441056,15,0.03201128272441056,1.0746929930236246,1.0746929930236246,0.0
6677,80.0,272.0,1.0,21.0,0.0,1.0,0.0,39.0,39.0,36.0,36.0,0.0,0.0,7,1.0,0.0,0.0,0.0
7006,85.0,262.0,1.0,21.0,0.0,1.0,0.0,33.0,33.0,9.0,9.0,3.0,3.0,10,6.0,0.0,0.0,1.0
3874,33.0,423.0,3.0,71.0,75.0,0.0,1.0,71.0,71.0,4.0,4.0,1.0,1.0,2,3.0,0.0,0.0,1.0
9238,24.0,298.0,1.0,12.0,0.0,1.0,0.0,24.0,24.0,5.0,5.0,2.0,2.0,7,1.0,0.0,0.0,0.0
1368,10.0,258.0,1.0,31.0,0.0,0.0,0.0,9.0,9.0,3.0,3.0,1.0,1.0,2,1.0,1.0,1.0,1.0
9089,25.0,298.0,1.0,12.0,0.0,1.0,0.0,23.0,23.0,11.0,11.0,2.0,2.0,7,1.0,0.0,0.0,0.0
9120,25.0,283.0,1.0,10.0,0.0,1.0,0.0,36.0,36.0,33.0,33.0,0.0,0.0,7,1.0,0.0,0.0,0.0
8206,1.0,354.0,1.0,7.0,17.0,0.0,1.0,6.0,6.0,1.0,1.0,1.0,1.0,2,1.0,0.0,0.0,0.0
9159,20.0,283.0,1.0,10.0,0.0,1.0,0.0,6.0,6.0,2.0,2.0,1.0,1.0,2,1.0,0.0,0.0,0.0
8055,48.0,516.0,6.0,526.0,74.0,0.0,1.0,43.0,43.0,17.0,17.0,2.0,2.0,7,6.0,0.0,0.0,0.0
1106,9.0,180.0,1.0,9.0,0.0,0.0,0.0,13.0,13.0,3.0,3.0,1.0,1.0,2,1.0,1.0,2.0,0.0
3425,8.0,180.0,1.0,10.0,0.0,0.0,0.0,68.0,68.0,51.0,51.0,1.0,1.0,2,1.0,5.0,6.0,0.0
4336,73.0,371.0,1.0,16.0,16.0,-1.0,2.0,13.0,13.0,2.0,2.0,1.0,1.0,2,1.0,2.0,3.0,1.0
3968,4.0,180.0,1.0,14.0,0.0,0.0,0.0,-1.0,-1.0,-1.0,-1.0,-1.0,-1.0,0,-1.0,-1.0,-1.0,-1.0
1254,76.0,311.0,1.0,16.0,16.0,-1.0,2.0,21.0,21.0,10.0,10.0,1.0,1.0,2,2.0,0.0,0.0,0.0
2648,6.0,256.0,2.0,19.0,0.0,0.0,0.0,7.0,7.0,1.0,1.0,0.0,1.0,1,1.0,1.0,2.0,0.0
2923,4.0,180.0,1.0,37.0,0.0,-1.0,2.0,8.0,8.0,2.0,2.0,1.0,1.0,2,1.0,1.0,1.0,1.0
4780,95.0,180.0,1.0,9.0,0.0,0.0,0.0,11.0,11.0,2.0,2.0,1.0,1.0,2,2.0,1.0,2.0,0.0
1639,13.0,224.0,0.0,20.0,7.0,0.0,0.0,9.0,9.0,2.0,2.0,0.0,1.0,2,0.0,1.0,2.0,0.0
1133,83.0,328.0,1.0,19.0,12.0,1.0,1.0,19.0,19.0,9.0,9.0,1.0,1.0,2,1.0,0.0,0.0,0.0
3519,135.0,180.0,1.0,77.0,0.0,0.0,0.0,9.0,9.0,3.0,3.0,1.0,1.0,2,1.0,1.0,1.0,1.0
6515,91.0,283.0,1.0,26.0,0.0,8.0,0.0,14.0,14.0,11.0,11.0,0.0,0.0,7,1.0,0.0,0.0,0.0
7725,73.0,414.0,2.0,677.0,30.0,0.0,1.0,62.0,62.0,54.0,54.0,0.0,0.0,10,4.0,0.0,0.0,0.0
10070,171.39305904398756,350.375314069968,2.6534233668167264,1650.6271984897758,25.761620602701072,0.0,1.0,143.4327889435374,143.4327889435374,26.50549623138256,26.50549623138256,2.3465766331832736,2.3465766331832736,8,3.3068467336334524,1.3465766331832738,2.3465766331832736,0.0
271,648.0,226.0,1.0,11.0,0.0,0.0,0.0,15.0,15.0,2.0,2.0,1.0,1.0,2,1.0,1.0,2.0,0.0
9665,332.0,293.0,64.0,246.0,0.0,0.0,1.0,125.0,125.0,11.0,11.0,2.0,2.0,7,5.0,0.0,0.0,1.0
5349,-1.0,-1.0,-1.0,-1.0,-1.0,-1.0,2.0,24.0,24.0,5.0,5.0,1.0,1.0,2,4.0,5.0,6.0,1.0
1547,15.0,256.0,1.0,16.0,0.0,0.0,0.0,8.0,8.0,2.0,2.0,1.0,1.0,2,1.0,1.0,1.0,1.0
4310,8.0,180.0,1.0,10.0,0.0,0.0,0.0,11.0,11.0,2.0,2.0,1.0,1.0,2,2.0,1.0,2.0,1.0
1018,7.0,249.0,1.0,19.0,0.0,0.0,0.0,10.0,10.0,2.0,2.0,1.0,1.0,2,1.0,1.0,2.0,0.0
4440,6.0,242.0,0.0,10.0,7.0,0.0,0.0,-1.0,0.0,1.0,1.0,0.0,1.0,2,0.0,0.0,0.0,0.0
9030,136.0,262.0,2.0,24.0,0.0,2.0,0.0,11.0,11.0,3.0,3.0,2.0,2.0,7,1.0,0.0,0.0,0.0
5711,68.0,343.0,4.0,53.0,8.0,0.0,1.0,52.0,52.0,21.0,21.0,2.0,2.0,7,4.0,0.0,0.0,0.0
10387,22.814908802150242,260.0,1.0,12.0,0.0,1.0,0.0,30.597870171121393,30.597870171121393,27.597870171121393,27.597870171121393,0.0,0.0,7,1.0,0.0,0.0,0.0
10027,33.42860455729045,298.0,1.0,12.0,0.0,1.0,0.0,135.42860455729044,135.42860455729044,23.285697721354776,23.285697721354776,2.0,2.0,7,1.0,0.0,0.0,0.0
4891,38.0,338.0,1.0,200005.0,13.0,0.0,0.0,-1.0,-1.0,-1.0,-1.0,-1.0,-1.0,0,-1.0,-1.0,-1.0,-1.0
7891,77.0,379.0,5.0,920.0,37.0,0.0,1.0,61.0,61.0,55.0,55.0,0.0,0.0,2,4.0,0.0,0.0,0.0
8604,202.0,354.0,4.0,121.0,60.0,75.0,1.0,86.0,86.0,80.0,80.0,0.0,0.0,7,4.0,0.0,0.0,0.0
9904,76.0,374.0,1.0,16.0,16.0,-1.0,2.0,9.0,9.0,3.0,3.0,1.0,1.0,2,1.0,1.0,1.0,1.0
4438,9.0,180.0,1.0,112.0,0.0,0.0,0.0,13.0,13.0,2.0,2.0,1.0,1.0,2,3.0,0.0,0.0,0.0
10413,25.357741179325487,298.0,1.0,12.0,0.0,1.0,0.0,138.0,138.0,21.8739529361804,21.8739529361804,2.0,2.0,7,1.0,0.0,0.0,0.0
8569,121.0,297.0,1.0,164.0,1.0,3.0,1.0,76.0,76.0,31.0,31.0,2.0,2.0,7,1.0,0.0,0.0,0.0
1491,1.0,180.0,1.0,111113.0,0.0,0.0,0.0,9.0,9.0,2.0,2.0,0.0,1.0,2,0.0,1.0,2.0,0.0
8930,10.0,260.0,1.0,12.0,0.0,1.0,0.0,11.0,11.0,3.0,3.0,2.0,2.0,7,1.0,0.0,0.0,0.0
3615,8.0,180.0,1.0,9.0,0.0,0.0,0.0,8.0,8.0,2.0,2.0,1.0,1.0,2,1.0,1.0,1.0,1.0
52,2.0,180.0,1.0,111714.0,0.0,0.0,0.0,19.0,19.0,9.0,9.0,1.0,1.0,2,1.0,0.0,0.0,0.0
5405,31.0,319.0,7.0,39.0,36.0,0.0,1.0,38.0,38.0,9.0,9.0,2.0,2.0,7,7.0,0.0,0.0,0.0
10461,308.2934704912937,360.4446214657844,6.379614877851298,34.428840241598486,37.6080787812119,6.379614877851298,0.1265382926170996,11.240770244297403,11.240770244297403,3.746923414765801,3.746923414765801,1.8734617073829005,1.8734617073829005,6,1.0,0.0,0.0,0.0
5094,96.0,275.0,1.0,32.0,0.0,1.0,0.0,22.0,22.0,9.0,9.0,1.0,1.0,1,1.0,0.0,0.0,0.0
3094,10.0,358.0,5.0,21.0,9.0,0.0,1.0,8.0,7.0,2.0,2.0,1.0,1.0,2,1.0,1.0,1.0,1.0
1389,2.0,180.0,0.0,8.0,0.0,0.0,0.0,8.0,8.0,2.0,2.0,1.0,1.0,2,1.0,1.0,1.0,1.0
7884,84.0,371.0,3.0,454.0,14.0,0.0,1.0,79.0,79.0,71.0,71.0,0.0,0.0,10,4.0,0.0,0.0,0.0
3478,77.0,319.0,1.0,16.0,0.0,-1.0,2.0,8.0,8.0,2.0,2.0,1.0,1.0,2,1.0,1.0,1.0,1.0
4191,75.0,381.0,1.0,16.0,16.0,-1.0,2.0,10.0,10.0,3.0,3.0,1.0,1.0,2,1.0,1.0,1.0,1.0
5595,50.0,326.0,4.0,247.0,9.0,0.0,1.0,112.0,112.0,50.0,50.0,2.0,2.0,7,4.0,3.0,4.0,0.0
10501,16.079365141751367,279.8231292249637,4.371882041606167,37.27437640832123,0.0,0.0,1.0,41.09750563328493,41.09750563328493,8.8231292249637,8.8231292249637,2.0,2.0,7,7.548752816642467,0.0,0.0,1.0
3222,10.0,180.0,1.0,9.0,0.0,0.0,0.0,5.0,5.0,1.0,1.0,1.0,1.0,2,1.0,1.0,2.0,1.0
1632,14.0,224.0,0.0,20.0,7.0,0.0,0.0,9.0,9.0,2.0,2.0,0.0,1.0,1,1.0,1.0,2.0,0.0
5694,50.0,335.0,2.0,28.0,8.0,0.0,1.0,27.0,27.0,7.0,7.0,1.0,1.0,2,2.0,0.0,0.0,0.0
7731,361.0,381.0,4.0,829.0,31.0,0.0,1.0,117.0,117.0,50.0,50.0,6.0,6.0,12,2.0,0.0,0.0,0.0
467,8.0,180.0,1.0,10.0,0.0,0.0,0.0,17.0,17.0,3.0,3.0,1.0,1.0,2,1.0,2.0,3.0,0.0
10856,276.60334381782326,282.0,7.0,70.39665618217674,0.0,7.0,1.0,68.4547127984223,68.4547127984223,15.124012581387902,15.124012581387902,2.0,2.0,7,6.562006290693951,0.0,0.0,0.0
9095,110.0,262.0,2.0,24.0,0.0,2.0,0.0,24.0,24.0,12.0,12.0,2.0,2.0,7,1.0,0.0,0.0,0.0
10828,75.14414553423488,396.758046935394,4.120976532302998,183.758046935394,37.26512206653788,2.2046338003863757,1.0,49.04633800386376,49.04633800386376,20.144145534234877,20.144145534234877,2.0,2.0,7,12.02316900193188,0.0,0.0,0.0
71,8.0,180.0,1.0,11.0,0.0,0.0,0.0,19.0,19.0,9.0,9.0,1.0,1.0,2,1.0,0.0,0.0,0.0
10689,90.54446765405571,262.0,1.0,21.0,0.0,1.0,0.0,11.0,11.0,3.0,3.0,2.0,2.0,7,1.0,0.0,0.0,0.0
10090,33.61379811951214,298.0,1.0,12.0,0.0,1.0,0.0,135.61379811951215,135.61379811951215,23.19310094024393,23.19310094024393,2.0,2.0,7,1.0,0.0,0.0,0.0
5052,46.0,180.0,3.0,15.0,0.0,0.0,0.0,-1.0,0.0,1.0,1.0,0.0,2.0,2,0.0,0.0,0.0,0.0
1207,3.0,250.0,1.0,15.0,0.0,0.0,0.0,11.0,11.0,3.0,3.0,0.0,1.0,1,1.0,3.0,4.0,0.0
10269,65.76450139411432,393.0443732573571,2.0,281.8976211661856,25.315690811021497,0.4044373257357107,1.0,62.404437325735714,62.404437325735714,55.595562674264286,55.595562674264286,0.0,0.0,12,2.4044373257357106,0.0,0.0,0.0
1590,14.0,256.0,1.0,16.0,0.0,0.0,0.0,8.0,7.0,2.0,1.0,0.0,0.0,1,1.0,1.0,1.0,1.0
5159,34.0,346.0,3.0,70.0,50.0,0.0,1.0,-1.0,-1.0,-1.0,-1.0,-1.0,-1.0,0,-1.0,-1.0,-1.0,-1.0
5624,51.0,307.0,3.0,51.0,8.0,0.0,1.0,50.0,50.0,16.0,16.0,2.0,2.0,7,3.0,0.0,0.0,0.0
10397,53.00017463732424,280.285602018863,3.1428446687625544,35.14284466876256,1.5712913563880972,2.8571553312374456,1.0,105.7147472557855,105.7147472557855,78.85741728722381,78.85741728722381,0.0,0.0,7,24.857329968561686,0.0,0.0,0.0
658,12.0,258.0,1.0,31.0,0.0,0.0,0.0,10.0,10.0,3.0,3.0,1.0,1.0,2,1.0,1.0,1.0,1.0
7901,57.0,348.0,2.0,188.0,24.0,0.0,1.0,53.0,53.0,46.0,46.0,0.0,0.0,12,3.0,0.0,0.0,0.0
8255,10.0,348.0,1.0,12.0,11.0,1.0,1.0,11.0,11.0,2.0,2.0,1.0,1.0,2,1.0,0.0,0.0,0.0
10030,25.615657378764656,230.13369954313413,1.9120489458907635,54.94458735068916,0.0,12.768685242470688,1.0,111.09761521439519,111.09761521439519,78.64819578356305,78.64819578356305,1.824097891781527,1.824097891781527,7,4.0,0.0,0.0,0.0
6538,74.0,262.0,1.0,21.0,0.0,1.0,0.0,24.0,24.0,12.0,12.0,2.0,2.0,7,1.0,0.0,0.0,0.0
5172,54.0,467.0,3.0,56.0,21.0,1.0,1.0,-1.0,-1.0,-1.0,-1.0,-1.0,-1.0,0,-1.0,-1.0,-1.0,-1.0
3036,106.0,365.0,1.0,28.0,18.0,0.0,0.0,8.0,8.0,2.0,2.0,1.0,1.0,2,1.0,1.0,1.0,1.0
8646,364.0,353.0,16.0,355.0,32.0,3.0,1.0,1164.0,1164.0,48.0,48.0,1.0,1.0,2,26.0,0.0,0.0,0.0
5479,78.0,299.0,7.0,52.0,0.0,0.0,1.0,51.0,51.0,16.0,16.0,2.0,2.0,7,7.0,0.0,0.0,1.0
6478,93.0,265.0,1.0,21.0,0.0,1.0,0.0,6.0,6.0,2.0,2.0,1.0,1.0,2,1.0,0.0,0.0,0.0
402,3.0,180.0,1.0,111614.0,0.0,0.0,0.0,17.0,17.0,3.0,3.0,1.0,1.0,2,7.0,1.0,1.0,1.0
5085,5.0,180.0,7.0,18.0,0.0,0.0,0.0,-1.0,0.0,1.0,1.0,0.0,2.0,2,0.0,0.0,1.0,0.0
5541,35.0,287.0,1.0,24.0,9.0,0.0,1.0,23.0,23.0,3.0,3.0,1.0,1.0,2,1.0,0.0,0.0,0.0
1472,15.0,371.0,1.0,16.0,16.0,-1.0,2.0,9.0,9.0,3.0,3.0,1.0,1.0,2,1.0,1.0,1.0,1.0
8869,237.0,304.0,10.0,139.0,0.0,0.0,1.0,130.0,130.0,24.0,24.0,2.0,2.0,7,10.0,0.0,0.0,0.0
3356,8.0,180.0,1.0,11.0,0.0,0.0,0.0,35.0,35.0,33.0,32.0,0.0,0.0,7,1.0,0.0,0.0,0.0
9808,30.0,229.0,11.0,45.0,0.0,0.0,1.0,42.0,42.0,12.0,12.0,1.0,1.0,2,9.0,0.0,0.0,0.0
9443,204.0,250.0,24.0,302.0,0.0,0.0,1.0,242.0,242.0,29.0,29.0,1.0,1.0,2,28.0,0.0,0.0,0.0
1983,275.0,296.0,1.0,81.0,8.0,1.0,0.0,8.0,8.0,2.0,2.0,1.0,1.0,2,1.0,1.0,1.0,1.0
4918,8.0,180.0,1.0,11.0,0.0,0.0,0.0,-1.0,0.0,0.0,1.0,0.0,2.0,2,0.0,0.0,1.0,0.0
5059,39.0,540.0,1.0,30.0,63.0,0.0,0.0,26.0,25.0,3.0,3.0,1.0,1.0,2,1.0,1.0,2.0,1.0
3843,-1.0,-1.0,-1.0,-1.0,-1.0,-1.0,2.0,68.0,68.0,5.0,5.0,1.0,1.0,2,4.0,0.0,0.0,1.0
1033,4.0,216.0,1.0,28.0,0.0,0.0,0.0,22.0,22.0,5.0,5.0,1.0,1.0,2,4.0,3.0,4.0,1.0
174,15.0,224.0,0.0,20.0,7.0,0.0,0.0,10.0,10.0,3.0,3.0,1.0,1.0,2,1.0,2.0,1.0,1.0
9131,107.0,283.0,1.0,34.0,0.0,16.0,0.0,-1.0,-1.0,-1.0,-1.0,-1.0,-1.0,0,-1.0,-1.0,-1.0,-1.0
3102,15.0,180.0,1.0,10.0,0.0,0.0,0.0,9.0,8.0,2.0,2.0,0.0,0.0,1,1.0,2.0,3.0,0.0
7713,83.0,456.0,2.0,505.0,30.0,0.0,1.0,105.0,105.0,97.0,97.0,0.0,0.0,10,4.0,0.0,0.0,0.0
8526,286.0,298.0,6.0,37.0,0.0,6.0,0.0,12.0,12.0,4.0,4.0,2.0,2.0,7,1.0,0.0,0.0,0.0
9065,24.0,260.0,1.0,12.0,0.0,1.0,0.0,11.0,11.0,3.0,3.0,2.0,2.0,7,1.0,0.0,0.0,0.0
2853,310.0,180.0,1.0,9.0,0.0,0.0,0.0,9.0,9.0,1.0,1.0,1.0,1.0,2,1.0,1.0,2.0,1.0
1486,15.0,256.0,1.0,16.0,0.0,0.0,0.0,9.0,9.0,2.0,2.0,0.0,1.0,1,1.0,1.0,2.0,0.0
6151,81.0,283.0,1.0,23.0,0.0,5.0,0.0,6.0,6.0,2.0,2.0,1.0,1.0,2,1.0,0.0,0.0,0.0
4293,45.0,236.0,1.0,20.0,0.0,2.0,0.0,-1.0,-1.0,-1.0,-1.0,-1.0,-1.0,0,-1.0,-1.0,-1.0,-1.0
8488,262.0,329.0,9.0,65.0,28.0,9.0,1.0,6.0,6.0,2.0,2.0,1.0,1.0,2,1.0,0.0,0.0,0.0
7560,41.0,340.0,1.0,111.0,20.0,0.0,1.0,44.0,44.0,39.0,39.0,0.0,0.0,10,1.0,0.0,0.0,0.0
10690,141.49114088103616,290.3274272540241,3.0233876610017223,110.07016298300516,0.0,2.929837016994833,1.0,109.02338766100172,109.02338766100172,21.90644935599311,21.90644935599311,2.0,2.0,7,3.0233876610017223,0.0,0.0,0.0
10459,360.2284160005511,287.1362114435193,123.85247270874915,430.2510476960142,15.785834126798521,3.0553227342190685,1.0,60.03688182281271,60.03688182281271,21.09220455703178,21.09220455703178,3.018440911406356,3.018440911406356,8,16.018440911406355,0.0,0.0,0.0
10873,62.885489777268866,227.78321635636982,1.4458040890924524,60.56643271273962,0.0,0.0,1.0,0.5603143118235838,0.5603143118235838,-0.3312938663613214,-0.3312938663613214,-0.5541959109075476,-0.5541959109075476,0,-0.5541959109075476,-0.7770979554537738,-0.7770979554537738,-0.7770979554537738
5626,31.0,299.0,1.0,21.0,8.0,0.0,1.0,20.0,20.0,4.0,4.0,1.0,1.0,2,1.0,0.0,0.0,0.0
3845,34.0,435.0,3.0,70.0,79.0,0.0,1.0,68.0,68.0,5.0,5.0,1.0,1.0,2,4.0,0.0,0.0,1.0
5841,53.0,295.0,10.0,49.0,31.0,0.0,1.0,48.0,48.0,10.0,10.0,1.0,1.0,2,10.0,0.0,0.0,0.0
8570,119.0,297.0,1.0,168.0,1.0,3.0,1.0,51.0,51.0,26.0,26.0,2.0,2.0,7,1.0,0.0,0.0,0.0
3110,8.0,180.0,1.0,10.0,0.0,0.0,0.0,31.0,31.0,12.0,12.0,1.0,1.0,2,3.0,0.0,0.0,1.0
3918,-1.0,-1.0,-1.0,-1.0,-1.0,-1.0,2.0,63.0,63.0,9.0,9.0,2.0,2.0,7,3.0,0.0,0.0,0.0
4138,7.0,286.0,1.0,16.0,2.0,-1.0,2.0,-1.0,-1.0,-1.0,-1.0,-1.0,-1.0,0,-1.0,-1.0,-1.0,-1.0
10402,62.5815211805505,335.0,4.0,36.60791949404978,8.0,0.0,1.0,35.60791949404978,35.60791949404978,9.405279662699856,9.405279662699856,1.0,1.0,2,4.0,0.0,0.0,0.0
2172,3.0,180.0,0.0,11.0,0.0,0.0,0.0,9.0,9.0,2.0,2.0,0.0,1.0,2,0.0,1.0,2.0,0.0
2599,15.0,371.0,1.0,16.0,16.0,-1.0,2.0,7.0,6.0,1.0,1.0,0.0,0.0,1,1.0,1.0,1.0,0.0
10244,76.62578502761384,265.0,1.0,21.0,0.0,1.0,0.0,29.374214972386156,29.374214972386156,17.374214972386156,17.374214972386156,2.0,2.0,7,1.0,0.0,0.0,0.0
8013,42.0,383.0,2.0,67.0,24.0,3.0,1.0,77.0,77.0,23.0,23.0,3.0,3.0,10,2.0,2.0,3.0,0.0
9107,23.0,298.0,1.0,13.0,0.0,1.0,0.0,119.0,119.0,28.0,28.0,2.0,2.0,7,1.0,0.0,0.0,0.0
5967,85.0,262.0,1.0,21.0,0.0,1.0,0.0,6.0,6.0,2.0,2.0,1.0,1.0,2,1.0,0.0,0.0,0.0
10869,83.60410055622401,262.0,1.0,21.0,0.0,1.0,0.0,24.0,24.0,12.0,12.0,2.0,2.0,7,1.0,0.0,0.0,0.0
5867,60.0,310.0,1.0,97.0,7.0,0.0,1.0,96.0,96.0,14.0,14.0,2.0,2.0,7,1.0,0.0,0.0,1.0
10527,102.98037093333319,283.0,1.0,25.019629066666802,0.0,7.019629066666802,0.0,27.0,27.0,15.0,15.0,2.0,2.0,7,1.0,0.0,0.0,0.0
3820,5.0,208.0,1.0,13.0,18.0,0.0,0.0,4.0,4.0,1.0,1.0,1.0,1.0,2,1.0,1.0,1.0,1.0
9148,27.0,298.0,1.0,12.0,0.0,1.0,0.0,126.0,126.0,24.0,24.0,2.0,2.0,7,1.0,0.0,0.0,0.0
1887,17.0,258.0,1.0,10.0,7.0,0.0,0.0,8.0,8.0,2.0,2.0,1.0,1.0,2,1.0,1.0,1.0,1.0
8336,260.0,412.0,3.0,572.0,29.0,0.0,1.0,170.0,170.0,29.0,29.0,2.0,2.0,7,2.0,1.0,2.0,0.0
3717,-1.0,-1.0,-1.0,-1.0,-1.0,-1.0,2.0,45.0,45.0,15.0,15.0,0.0,0.0,2,1.0,0.0,0.0,0.0
1182,2.0,180.0,1.0,8.0,0.0,0.0,0.0,26.0,26.0,7.0,7.0,1.0,1.0,2,6.0,3.0,4.0,1.0
11100,107.44064749900932,359.35971222266255,3.0228674206191952,527.771325793808,14.114337103095977,0.5488180948606907,1.0,428.47404932575853,428.47404932575853,152.26824254018575,152.26824254018575,2.0228674206191952,2.0228674206191952,2,2.0,1.9771325793808046,2.954265158761609,0.0
5004,8.0,180.0,1.0,10.0,0.0,0.0,0.0,14.0,13.0,11.0,11.0,0.0,0.0,2,1.0,0.0,1.0,0.0
4602,7.0,249.0,1.0,19.0,0.0,0.0,0.0,-1.0,0.0,1.0,1.0,0.0,1.0,2,0.0,0.0,1.0,0.0
9615,76.0,296.0,3.0,595.0,0.0,0.0,1.0,60.0,60.0,30.0,30.0,3.0,3.0,10,5.0,0.0,0.0,0.0
11087,87.98958658299276,360.79072826425363,2.0,511.54450787118117,22.712125938898566,0.0,1.0,113.64393703055072,113.64393703055072,107.09942915936955,107.09942915936955,0.0,0.0,10,2.5445078711811604,0.0,0.0,0.0
10592,73.0,264.0413058253442,1.0,21.0,0.0,1.0,0.0,6.0,6.0,2.0,2.0,1.0,1.0,2,1.0,0.0,0.0,0.0
1722,14.0,224.0,0.0,20.0,7.0,0.0,0.0,4.0,4.0,1.0,1.0,1.0,1.0,2,1.0,1.0,1.0,1.0
9859,34.0,321.0,3.0,22.0,10.0,3.0,1.0,9.0,9.0,3.0,3.0,1.0,1.0,2,1.0,1.0,1.0,1.0
2884,8.0,180.0,2.0,13.0,0.0,0.0,0.0,9.0,9.0,2.0,2.0,0.0,1.0,2,0.0,1.0,2.0,0.0
2994,6.0,180.0,3.0,16.0,0.0,0.0,0.0,8.0,8.0,2.0,2.0,1.0,1.0,2,1.0,1.0,1.0,1.0
4763,9.0,203.0,1.0,53.0,16.0,0.0,0.0,19.0,19.0,9.0,9.0,1.0,1.0,2,1.0,0.0,0.0,0.0
9078,25.0,298.0,1.0,13.0,0.0,1.0,0.0,215.0,215.0,20.0,20.0,2.0,2.0,7,1.0,0.0,0.0,0.0
4056,67.0,295.0,1.0,16.0,0.0,1.0,0.0,-1.0,-1.0,-1.0,-1.0,-1.0,-1.0,0,-1.0,-1.0,-1.0,-1.0
5380,229.0,229.0,73.0,73.0,1.0,68.0,2.0,1.0,1.0,0.0,1.0,0.0,0.0,1,0.0,0.0,3.0,-1.0
8525,280.0,432.0,1.0,63.0,28.0,48.0,0.0,115.0,115.0,24.0,24.0,2.0,2.0,7,1.0,0.0,0.0,0.0
8345,106.0,360.0,3.0,528.0,14.0,0.0,1.0,429.0,429.0,153.0,153.0,2.0,2.0,2,2.0,2.0,3.0,0.0
5516,88.0,447.0,39.0,150.0,62.0,0.0,1.0,149.0,149.0,41.0,41.0,2.0,2.0,7,39.0,0.0,0.0,0.0
6645,97.0,262.0,1.0,21.0,0.0,1.0,0.0,27.0,27.0,13.0,13.0,2.0,2.0,7,1.0,0.0,0.0,1.0
5936,91.0,283.0,1.0,29.0,0.0,11.0,0.0,28.0,28.0,16.0,16.0,2.0,2.0,7,1.0,0.0,0.0,0.0
7880,93.0,385.0,2.0,917.0,14.0,0.0,1.0,64.0,64.0,56.0,56.0,0.0,0.0,10,4.0,0.0,0.0,0.0
721,8.0,180.0,1.0,10.0,0.0,0.0,0.0,10.0,10.0,2.0,2.0,0.0,1.0,2,0.0,1.0,2.0,0.0
373,14.0,224.0,0.0,20.0,7.0,0.0,0.0,14.0,14.0,2.0,2.0,1.0,1.0,2,1.0,2.0,3.0,1.0
8186,288.0,306.0,1.0,13.0,23.0,0.0,0.0,12.0,12.0,5.0,5.0,2.0,2.0,7,1.0,0.0,0.0,0.0
8023,98.0,359.0,2.0,787.0,13.0,0.0,1.0,123.0,123.0,114.0,114.0,0.0,0.0,12,4.0,0.0,0.0,0.0
6734,84.0,283.0,1.0,33.0,0.0,15.0,0.0,24.0,24.0,12.0,12.0,2.0,2.0,7,1.0,0.0,0.0,0.0
312,15.0,256.0,1.0,16.0,0.0,0.0,0.0,10.0,10.0,3.0,3.0,1.0,1.0,2,1.0,1.0,1.0,1.0
10041,10.0,229.0,6.9596634110125795,29.87899023303774,0.0,0.0,1.0,34.16134635594968,34.16134635594968,8.080673177974841,8.080673177974841,1.0,1.0,2,7.121009766962261,0.0,0.0,0.0
8116,90.0,325.0,14.0,610.0,19.0,1.0,1.0,84.0,84.0,25.0,25.0,2.0,2.0,7,20.0,0.0,0.0,0.0
9814,21.0,229.0,8.0,34.0,0.0,0.0,1.0,39.0,39.0,11.0,11.0,2.0,2.0,7,10.0,0.0,0.0,0.0
42,14.0,224.0,0.0,20.0,7.0,0.0,0.0,10.0,10.0,3.0,3.0,1.0,1.0,2,1.0,1.0,1.0,1.0
7033,76.0,262.0,1.0,21.0,0.0,1.0,0.0,38.0,38.0,26.0,26.0,2.0,2.0,7,1.0,0.0,0.0,0.0
7045,90.0,286.0,1.0,22.0,0.0,1.0,0.0,9.0,9.0,4.0,4.0,1.0,1.0,2,2.0,0.0,0.0,0.0
7196,36.0,305.0,1.0,186.0,6.0,5.0,1.0,86.0,86.0,54.0,54.0,2.0,2.0,7,2.0,0.0,0.0,0.0
8609,118.0,305.0,4.0,671.0,6.0,29.0,1.0,132.0,132.0,77.0,77.0,2.0,2.0,7,5.0,0.0,0.0,0.0
4753,9.0,180.0,1.0,152.0,0.0,0.0,0.0,0.0,1.0,1.0,0.0,1.0,1.0,2,0.0,0.0,0.0,0.0
2791,11.0,180.0,1.0,9.0,0.0,0.0,0.0,8.0,8.0,1.0,1.0,1.0,1.0,2,1.0,0.0,0.0,0.0
8896,17.0,305.0,2.0,65.0,12.0,0.0,1.0,32.0,32.0,7.0,7.0,2.0,2.0,7,2.0,0.0,0.0,0.0
732,5.0,180.0,1.0,5.0,0.0,0.0,0.0,21.0,21.0,11.0,11.0,1.0,1.0,2,1.0,5.0,6.0,0.0
6594,97.0,262.0,1.0,21.0,0.0,1.0,0.0,11.0,11.0,3.0,3.0,2.0,2.0,7,1.0,0.0,0.0,0.0
944,5.0,180.0,1.0,8.0,0.0,0.0,0.0,19.0,19.0,5.0,5.0,1.0,1.0,2,2.0,2.0,3.0,1.0
5256,243.0,347.0,1.0,21.0,48.0,0.0,0.0,13.0,13.0,2.0,2.0,1.0,1.0,2,1.0,2.0,3.0,1.0
9998,77.0,350.0,1.0,16.0,13.0,-1.0,2.0,9.0,9.0,3.0,3.0,1.0,1.0,2,1.0,1.0,1.0,1.0
9210,14.0,260.0,1.0,12.0,0.0,1.0,0.0,6.0,6.0,2.0,2.0,1.0,1.0,2,1.0,0.0,0.0,0.0
8187,809.0,307.0,1.0,28.0,18.0,0.0,0.0,13.0,13.0,10.0,10.0,0.0,0.0,2,1.0,0.0,0.0,0.0
5565,348.0,286.0,36.0,2080.0,0.0,4.0,1.0,122.0,122.0,84.0,84.0,0.0,0.0,7,36.0,0.0,0.0,0.0
9099,104.0,283.0,1.0,28.0,0.0,10.0,0.0,23.0,23.0,12.0,12.0,2.0,2.0,7,1.0,0.0,0.0,1.0
1693,23.0,277.0,1.0,30.0,0.0,0.0,0.0,8.0,8.0,2.0,2.0,1.0,1.0,2,1.0,1.0,1.0,1.0
519,12.0,180.0,1.0,9.0,0.0,0.0,0.0,12.0,12.0,9.0,9.0,0.0,0.0,7,1.0,0.0,0.0,0.0
814,8.0,180.0,1.0,11.0,0.0,0.0,0.0,12.0,12.0,3.0,3.0,1.0,1.0,2,0.0,2.0,3.0,0.0
818,7.0,239.0,1.0,10.0,8.0,0.0,1.0,17.0,17.0,5.0,5.0,1.0,1.0,2,5.0,1.0,2.0,1.0
4830,7.0,180.0,1.0,10.0,0.0,0.0,0.0,30.0,30.0,4.0,4.0,1.0,1.0,2,1.0,1.0,2.0,1.0
9714,72.0,229.0,22.0,81.0,0.0,0.0,1.0,43.0,43.0,11.0,11.0,1.0,1.0,2,10.0,0.0,0.0,0.0
9830,170.0,280.0,1.0,207.0,11.0,0.0,1.0,104.0,104.0,95.0,95.0,0.0,0.0,2,6.0,0.0,0.0,1.0
10773,56.0,326.68414964174985,2.3158503582501613,109.68414964174984,31.21095250775113,10.107211464005168,1.0,34.36945609025275,34.36945609025275,14.369456090252745,14.369456090252745,2.0,2.0,7,1.6841496417498385,0.0,0.0,0.0
7058,85.0,262.0,1.0,21.0,0.0,1.0,0.0,24.0,24.0,12.0,12.0,2.0,2.0,7,1.0,0.0,0.0,0.0
9892,76.0,372.0,1.0,16.0,16.0,-1.0,2.0,9.0,9.0,3.0,3.0,1.0,1.0,2,1.0,1.0,1.0,1.0
5217,11.0,294.0,1.0,10.0,15.0,0.0,1.0,21.0,21.0,11.0,11.0,1.0,1.0,2,1.0,5.0,6.0,0.0
3734,-1.0,-1.0,-1.0,-1.0,-1.0,-1.0,2.0,41.0,41.0,22.0,22.0,1.0,1.0,13,3.0,0.0,0.0,0.0
6272,97.0,435.0,1.0,187.0,13.0,1.0,1.0,45.0,45.0,16.0,16.0,2.0,2.0,7,5.0,0.0,0.0,0.0
6010,32.0,284.0,12.0,59.0,7.0,0.0,1.0,58.0,58.0,12.0,10.0,1.0,1.0,2,12.0,0.0,0.0,0.0
6833,91.0,262.0,1.0,21.0,0.0,1.0,0.0,33.0,33.0,21.0,21.0,2.0,2.0,7,1.0,0.0,0.0,0.0
10075,62.94142247809632,283.0,1.0,24.776568991238527,0.0,6.776568991238529,0.0,31.194142247809634,31.194142247809634,18.805857752190366,18.805857752190366,2.0,2.0,7,1.1941422478096322,0.0,0.0,0.0
7790,81.0,371.0,2.0,394.0,17.0,0.0,1.0,75.0,75.0,67.0,67.0,0.0,0.0,12,4.0,0.0,0.0,0.0
2592,6.0,201.0,1.0,79.0,0.0,0.0,0.0,35.0,35.0,1.0,1.0,1.0,1.0,2,31.0,1.0,1.0,1.0
379,30.0,256.0,1.0,16.0,0.0,0.0,0.0,10.0,10.0,2.0,2.0,1.0,1.0,2,0.0,1.0,2.0,0.0
2251,77.0,316.0,1.0,16.0,16.0,-1.0,2.0,9.0,9.0,2.0,2.0,0.0,1.0,2,0.0,1.0,2.0,0.0
4439,78.0,326.0,1.0,16.0,16.0,-1.0,2.0,-1.0,-1.0,-1.0,-1.0,-1.0,-1.0,0,-1.0,-1.0,-1.0,-1.0
2148,0.0,180.0,1.0,8.0,0.0,-1.0,2.0,9.0,9.0,3.0,3.0,1.0,1.0,2,1.0,1.0,1.0,1.0
3726,-1.0,-1.0,-1.0,-1.0,-1.0,-1.0,2.0,7.0,7.0,1.0,1.0,1.0,1.0,2,1.0,1.0,1.0,1.0
10336,84.73352893076587,379.7774517820569,1.6222548217943107,451.28843249487966,14.0,0.0,1.0,56.64421624743982,56.64421624743982,50.266471069234136,50.266471069234136,0.0,0.0,10,2.3777451782056893,0.0,0.0,0.0
2566,11.0,180.0,1.0,9.0,0.0,0.0,0.0,8.0,7.0,2.0,2.0,1.0,1.0,2,1.0,0.0,1.0,1.0
6038,78.0,283.0,1.0,27.0,0.0,9.0,0.0,26.0,26.0,14.0,14.0,2.0,2.0,7,1.0,0.0,0.0,0.0
1803,3.0,180.0,1.0,5.0,0.0,0.0,0.0,8.0,8.0,2.0,2.0,1.0,1.0,2,1.0,1.0,1.0,1.0
10934,1.0,349.6178998556154,1.0,8.617899855615386,12.617899855615386,0.0,0.3821001443846146,7.617899855615385,7.617899855615385,1.0,1.0,1.0,1.0,2,1.0,0.0,0.0,0.0
7145,81.0,283.0,1.0,32.0,0.0,14.0,0.0,124.0,124.0,28.0,28.0,1.0,1.0,2,16.0,0.0,0.0,0.0
3621,15.0,180.0,1.0,10.0,0.0,0.0,0.0,8.0,8.0,1.0,1.0,1.0,1.0,2,1.0,0.0,0.0,0.0
6108,81.0,272.0,1.0,21.0,0.0,1.0,0.0,32.0,32.0,19.0,19.0,2.0,2.0,7,2.0,0.0,0.0,0.0
1594,2.0,256.0,1.0,15.0,0.0,0.0,0.0,8.0,8.0,2.0,2.0,1.0,1.0,2,1.0,1.0,1.0,1.0
7061,96.0,322.0,6.0,1593.0,10.0,0.0,1.0,36.0,36.0,24.0,24.0,2.0,2.0,7,1.0,0.0,0.0,0.0
4890,9.0,305.0,1.0,10.0,14.0,0.0,1.0,-1.0,-1.0,-1.0,-1.0,-1.0,-1.0,0,-1.0,-1.0,-1.0,-1.0
9898,45.0,344.0,14.0,41.0,12.0,14.0,1.0,9.0,9.0,3.0,3.0,1.0,1.0,2,1.0,1.0,1.0,1.0
7610,80.0,465.0,2.0,326.0,29.0,0.0,1.0,1161.0,1161.0,80.0,80.0,6.0,6.0,14,3.0,1.0,2.0,0.0
8907,11.0,252.0,3.0,23.0,0.0,0.0,1.0,22.0,22.0,5.0,5.0,2.0,2.0,7,3.0,0.0,0.0,0.0
10012,32.0,332.0,1.0,18.0,12.0,1.0,1.0,9.0,9.0,3.0,3.0,1.0,1.0,2,1.0,1.0,1.0,1.0
10754,32.55369045214504,305.90101206105726,7.991607034652674,51.0,20.54529748679771,0.0,1.0,48.44630954785496,48.44630954785496,6.553690452145038,6.553690452145038,2.0,2.0,7,2.5536904521450383,0.0,0.0,1.0
2559,16.0,180.0,1.0,77.0,0.0,0.0,0.0,9.0,9.0,3.0,3.0,1.0,1.0,2,1.0,1.0,1.0,1.0
4208,46.0,180.0,3.0,15.0,0.0,0.0,0.0,15.0,15.0,2.0,2.0,1.0,1.0,2,0.0,0.0,1.0,0.0
5095,5.0,196.0,1.0,13.0,0.0,0.0,0.0,-1.0,0.0,0.0,1.0,0.0,1.0,2,0.0,0.0,1.0,0.0
7528,67.0,394.0,3.0,183.0,19.0,0.0,1.0,69.0,69.0,45.0,45.0,0.0,0.0,12,0.0,1.0,1.0,0.0
1582,12.0,180.0,1.0,9.0,0.0,0.0,0.0,7.0,6.0,1.0,1.0,0.0,1.0,2,1.0,1.0,2.0,0.0
2547,8.0,180.0,1.0,10.0,0.0,0.0,0.0,4.0,4.0,1.0,1.0,0.0,1.0,1,1.0,1.0,1.0,1.0
8511,153.0,283.0,1.0,55.0,0.0,37.0,0.0,15.0,15.0,5.0,5.0,1.0,1.0,2,1.0,0.0,0.0,0.0
7078,88.0,283.0,1.0,35.0,0.0,17.0,0.0,6.0,6.0,2.0,2.0,1.0,1.0,2,1.0,0.0,0.0,0.0
4321,74.0,383.0,1.0,16.0,16.0,-1.0,2.0,13.0,13.0,3.0,3.0,1.0,1.0,2,1.0,1.0,1.0,1.0
5138,93.0,283.0,12.0,61.0,32.0,1.0,1.0,10.0,10.0,3.0,3.0,1.0,1.0,2,1.0,1.0,1.0,1.0
6884,83.0,262.0,1.0,21.0,0.0,1.0,0.0,24.0,24.0,12.0,12.0,2.0,2.0,7,1.0,0.0,0.0,0.0
6541,88.0,283.0,1.0,42.0,0.0,24.0,0.0,11.0,11.0,3.0,3.0,2.0,2.0,7,1.0,0.0,0.0,0.0
1763,11.0,256.0,1.0,16.0,0.0,0.0,0.0,9.0,9.0,3.0,3.0,1.0,1.0,2,1.0,1.0,1.0,1.0
6684,95.0,262.0,1.0,21.0,0.0,1.0,0.0,33.0,33.0,5.0,5.0,1.0,1.0,2,2.0,0.0,0.0,0.0
6472,77.0,283.0,1.0,24.0,0.0,6.0,0.0,21.0,21.0,7.0,7.0,2.0,2.0,7,3.0,0.0,0.0,0.0
2843,8.0,180.0,1.0,10.0,0.0,0.0,0.0,9.0,9.0,2.0,2.0,1.0,1.0,2,0.0,0.0,0.0,0.0
4944,80.0,296.0,1.0,84.0,8.0,1.0,0.0,-1.0,0.0,1.0,1.0,0.0,2.0,2,0.0,0.0,0.0,0.0
10333,38.489444541782404,370.3007935117394,1.489444541782401,62.37730206008595,20.79023805352183,0.0,1.0,153.81134896995704,153.81134896995704,145.5316663746528,145.5316663746528,0.0,0.0,12,2.4195238929563434,0.0,0.0,0.0
8405,354.0,349.0,1.0,60.0,30.0,1.0,1.0,42.0,42.0,38.0,38.0,0.0,0.0,7,2.0,0.0,0.0,0.0
4433,5.0,180.0,1.0,8.0,0.0,0.0,0.0,-1.0,-1.0,-1.0,-1.0,-1.0,-1.0,0,-1.0,-1.0,-1.0,-1.0
8995,18.0,288.0,2.0,150.0,0.0,0.0,1.0,6.0,6.0,2.0,2.0,1.0,1.0,2,1.0,0.0,0.0,0.0
8121,46.0,487.0,4.0,239.0,65.0,0.0,1.0,49.0,49.0,18.0,18.0,2.0,2.0,7,10.0,0.0,0.0,1.0
6356,96.0,283.0,1.0,46.0,0.0,28.0,0.0,27.0,27.0,24.0,24.0,0.0,0.0,7,1.0,0.0,0.0,0.0
5278,13.0,180.0,2.0,24.0,0.0,0.0,0.0,30.0,30.0,9.0,9.0,1.0,1.0,2,8.0,3.0,4.0,1.0
7280,42.0,540.0,6.0,354.0,82.0,0.0,1.0,84.0,84.0,62.0,62.0,2.0,2.0,7,8.0,0.0,0.0,0.0
4132,7.0,180.0,1.0,11.0,0.0,0.0,0.0,-1.0,-1.0,-1.0,-1.0,-1.0,-1.0,0,-1.0,-1.0,-1.0,-1.0
105,62.0,299.0,1.0,10.0,21.0,0.0,1.0,10.0,10.0,3.0,3.0,1.0,1.0,2,1.0,1.0,1.0,1.0
4946,5.0,180.0,7.0,18.0,0.0,0.0,0.0,-1.0,0.0,1.0,1.0,0.0,2.0,2,0.0,0.0,0.0,0.0
2806,5.0,246.0,1.0,16.0,0.0,0.0,0.0,9.0,9.0,3.0,3.0,1.0,1.0,2,1.0,1.0,1.0,1.0
6509,89.0,262.0,1.0,21.0,0.0,1.0,0.0,116.0,116.0,20.0,20.0,2.0,2.0,7,1.0,0.0,0.0,0.0
9657,51.0,271.0,22.0,84.0,0.0,0.0,1.0,299.0,299.0,92.0,92.0,2.0,2.0,7,90.0,0.0,0.0,1.0
6825,92.0,283.0,1.0,34.0,0.0,16.0,0.0,11.0,11.0,3.0,3.0,2.0,2.0,7,1.0,0.0,0.0,0.0
2953,14.0,224.0,0.0,20.0,7.0,0.0,0.0,7.0,7.0,1.0,1.0,1.0,1.0,2,1.0,0.0,0.0,0.0
8757,262.0,273.0,1.0,252.0,0.0,1.0,1.0,117.0,117.0,38.0,38.0,2.0,2.0,7,1.0,0.0,0.0,0.0
7519,402.0,437.0,4.0,1296.0,32.0,0.0,1.0,63.0,63.0,17.0,17.0,3.0,3.0,10,1.0,1.0,1.0,0.0
4345,9.0,180.0,31.0,70.0,0.0,0.0,0.0,10.0,10.0,2.0,2.0,1.0,1.0,2,1.0,1.0,1.0,0.0
10716,58.666714977162535,369.5713664579339,5.142877847355371,68.0,37.0,0.0,1.0,107.28575569471074,107.28575569471074,35.380814350964194,35.380814350964194,2.0,2.0,7,7.333285022837467,0.0,0.0,0.0
7802,97.0,416.0,3.0,721.0,30.0,0.0,1.0,134.0,134.0,127.0,127.0,0.0,0.0,7,3.0,0.0,0.0,0.0
9666,65.0,296.0,7.0,126.0,0.0,0.0,1.0,88.0,88.0,9.0,9.0,2.0,2.0,7,4.0,0.0,0.0,1.0
3236,17.0,258.0,1.0,10.0,6.0,0.0,0.0,9.0,9.0,3.0,3.0,1.0,1.0,2,1.0,1.0,2.0,0.0
2829,17.0,180.0,1.0,10.0,0.0,0.0,0.0,39.0,39.0,24.0,24.0,0.0,0.0,2,0.0,0.0,0.0,0.0
2502,37.0,180.0,1.0,11.0,0.0,0.0,0.0,9.0,9.0,3.0,3.0,1.0,1.0,2,1.0,1.0,1.0,1.0
317,12.0,180.0,1.0,9.0,0.0,0.0,0.0,12.0,12.0,5.0,5.0,1.0,1.0,2,1.0,2.0,3.0,0.0
1200,8.0,180.0,1.0,11.0,0.0,0.0,0.0,20.0,20.0,6.0,6.0,1.0,1.0,2,5.0,1.0,2.0,1.0
7919,78.0,389.0,2.0,400.0,30.0,0.0,1.0,97.0,97.0,90.0,90.0,0.0,0.0,12,3.0,0.0,0.0,0.0
2278,9.0,180.0,1.0,9.0,0.0,0.0,0.0,9.0,9.0,3.0,3.0,1.0,1.0,2,1.0,1.0,2.0,0.0
7463,343.0,362.0,8.0,4465.0,16.0,0.0,1.0,63.0,63.0,13.0,13.0,3.0,3.0,10,1.0,2.0,3.0,0.0
8844,147.0,304.0,4.0,77.0,0.0,0.0,1.0,74.0,74.0,17.0,17.0,2.0,2.0,7,5.0,0.0,0.0,0.0
8262,1.0,378.0,1.0,8.0,16.0,0.0,0.0,7.0,7.0,1.0,1.0,1.0,1.0,2,1.0,0.0,0.0,0.0
7988,91.0,353.0,5.0,432.0,24.0,0.0,1.0,63.0,63.0,30.0,30.0,0.0,0.0,2,0.0,0.0,1.0,0.0
2658,46.0,180.0,1.0,11.0,0.0,0.0,0.0,9.0,9.0,3.0,3.0,1.0,1.0,2,1.0,1.0,1.0,1.0
1174,16.0,180.0,1.0,10.0,0.0,0.0,0.0,28.0,28.0,10.0,10.0,1.0,1.0,2,9.0,1.0,2.0,1.0
1088,7.0,180.0,1.0,10.0,0.0,0.0,0.0,20.0,20.0,6.0,6.0,1.0,1.0,2,5.0,1.0,2.0,1.0
8734,257.0,527.0,8.0,811.0,85.0,8.0,1.0,-1.0,-1.0,-1.0,-1.0,-1.0,-1.0,0,-1.0,-1.0,-1.0,-1.0
8020,87.0,432.0,2.0,711.0,41.0,0.0,1.0,63.0,63.0,58.0,58.0,0.0,0.0,10,1.0,0.0,0.0,0.0
8602,213.0,350.0,4.0,123.0,56.0,79.0,1.0,83.0,83.0,77.0,77.0,0.0,0.0,7,4.0,0.0,0.0,0.0
4064,9.0,180.0,1.0,9.0,0.0,0.0,0.0,-1.0,0.0,1.0,1.0,0.0,2.0,2,0.0,0.0,0.0,0.0
10999,142.98719205686572,363.3825794713467,4.0,946.2963278143046,14.0,0.0,1.0,202.6054635717435,202.6054635717435,57.44406622834468,57.44406622834468,2.1357814571302596,2.1357814571302596,6,2.56789072856513,2.0,3.0,0.0
7295,43.0,537.0,5.0,475.0,76.0,0.0,1.0,122.0,122.0,39.0,39.0,2.0,2.0,7,23.0,0.0,0.0,0.0
10578,88.38606996251099,262.0,1.0,21.0,0.0,1.0,0.0,186.30591449026434,186.30591449026434,26.308015547224663,26.308015547224663,2.5770038868061658,2.5770038868061658,8,1.0,0.0,0.0,0.0
2091,10.0,256.0,1.0,16.0,0.0,0.0,0.0,95.0,95.0,52.0,52.0,1.0,1.0,2,1.0,4.0,5.0,0.0
4635,44.0,308.0,1.0,26.0,39.0,0.0,1.0,-1.0,-1.0,-1.0,-1.0,-1.0,-1.0,0,-1.0,-1.0,-1.0,-1.0
601,8.0,180.0,1.0,10.0,0.0,0.0,0.0,28.0,28.0,10.0,10.0,1.0,1.0,2,9.0,1.0,2.0,1.0
5428,47.0,344.0,8.0,158.0,48.0,0.0,1.0,157.0,157.0,21.0,21.0,2.0,2.0,7,8.0,0.0,0.0,1.0
7753,86.0,350.0,2.0,382.0,24.0,0.0,1.0,121.0,121.0,117.0,117.0,0.0,0.0,7,2.0,0.0,0.0,0.0
2219,212.0,180.0,13.0,59.0,0.0,0.0,0.0,59.0,59.0,15.0,15.0,0.0,0.0,1,14.0,4.0,5.0,0.0
10657,76.39151710512441,384.2739365386643,1.7224243927018779,370.94302925108684,16.16727317810563,0.0,1.0,60.44484878540376,60.44484878540376,54.44484878540376,54.44484878540376,0.0,0.0,10,2.0,0.0,0.0,0.0
5858,53.0,295.0,11.0,94.0,7.0,0.0,1.0,93.0,93.0,20.0,20.0,2.0,2.0,7,11.0,0.0,0.0,1.0
9029,28.0,260.0,1.0,12.0,0.0,1.0,0.0,20.0,20.0,17.0,17.0,0.0,0.0,7,1.0,0.0,0.0,0.0
624,4.0,326.0,2.0,13.0,16.0,0.0,1.0,14.0,14.0,2.0,2.0,1.0,1.0,2,1.0,2.0,3.0,1.0
9819,73.0,229.0,42.0,141.0,0.0,0.0,1.0,31.0,31.0,10.0,10.0,2.0,2.0,7,2.0,0.0,0.0,1.0
8998,100.0,283.0,1.0,35.0,0.0,17.0,0.0,11.0,11.0,3.0,3.0,2.0,2.0,7,1.0,0.0,0.0,0.0
4978,7.0,250.0,1.0,15.0,0.0,0.0,0.0,10.0,10.0,2.0,2.0,1.0,1.0,2,1.0,1.0,1.0,0.0
5580,57.0,325.0,2.0,48.0,48.0,0.0,1.0,47.0,47.0,9.0,9.0,2.0,2.0,7,2.0,0.0,0.0,1.0
3115,2.0,180.0,1.0,11.0,0.0,0.0,1.0,9.0,9.0,2.0,2.0,2.0,2.0,2,1.0,2.0,3.0,0.0
8829,20.0,196.0,2.0,36.0,0.0,0.0,1.0,35.0,35.0,10.0,10.0,2.0,2.0,7,2.0,0.0,0.0,0.0
8615,189.0,343.0,3.0,154.0,49.0,71.0,1.0,75.0,75.0,37.0,37.0,2.0,2.0,7,3.0,0.0,0.0,0.0
4823,5.0,180.0,20.0,53.0,0.0,0.0,0.0,-1.0,-1.0,-1.0,-1.0,-1.0,-1.0,0,-1.0,-1.0,-1.0,-1.0
7111,79.0,265.0,1.0,21.0,0.0,1.0,0.0,11.0,11.0,3.0,3.0,2.0,2.0,7,1.0,0.0,0.0,0.0
1996,250.0,180.0,1.0,6.0,0.0,0.0,0.0,9.0,9.0,1.0,1.0,1.0,1.0,2,1.0,1.0,2.0,1.0
8090,50.0,350.0,2.0,463.0,13.0,0.0,1.0,134.0,134.0,127.0,127.0,0.0,0.0,10,3.0,0.0,0.0,0.0
4472,53.0,288.0,1.0,14.0,0.0,1.0,0.0,-1.0,-1.0,-1.0,-1.0,-1.0,-1.0,0,-1.0,-1.0,-1.0,-1.0
11016,77.66688783763998,262.0,1.0,21.0,0.0,1.0,0.0,83.33360979704996,83.33360979704996,22.333775675279945,22.333775675279945,2.0,2.0,7,12.334273309969884,0.0,0.0,0.0
2486,4.0,246.0,1.0,16.0,0.0,0.0,0.0,9.0,9.0,2.0,2.0,0.0,1.0,1,1.0,1.0,2.0,0.0
8342,231.0,374.0,5.0,8391.0,23.0,0.0,1.0,303.0,303.0,81.0,81.0,4.0,4.0,7,4.0,2.0,3.0,0.0
1580,1.0,180.0,1.0,111714.0,0.0,0.0,0.0,4.0,4.0,1.0,1.0,1.0,1.0,2,0.0,1.0,1.0,1.0
6045,36.0,357.0,2.0,23.0,64.0,1.0,1.0,22.0,22.0,6.0,6.0,2.0,2.0,7,2.0,0.0,0.0,0.0
5870,60.0,333.0,5.0,90.0,36.0,0.0,1.0,89.0,89.0,10.0,10.0,2.0,2.0,7,5.0,0.0,0.0,1.0
8818,129.0,306.0,14.0,527.0,0.0,1.0,1.0,93.0,93.0,29.0,29.0,2.0,2.0,7,14.0,0.0,0.0,0.0
7125,70.0,262.0,1.0,21.0,0.0,1.0,0.0,11.0,11.0,3.0,3.0,2.0,2.0,7,1.0,0.0,0.0,0.0
3002,77.0,358.0,1.0,16.0,10.0,-1.0,2.0,8.0,8.0,2.0,2.0,1.0,1.0,2,1.0,1.0,1.0,1.0
4601,4.0,250.0,1.0,15.0,0.0,0.0,0.0,15.0,15.0,2.0,2.0,1.0,1.0,2,1.0,1.0,2.0,0.0
143,13.0,180.0,1.0,9.0,0.0,0.0,0.0,19.0,19.0,9.0,9.0,1.0,1.0,2,1.0,0.0,0.0,0.0
4813,77.0,356.0,1.0,16.0,3.0,-1.0,2.0,21.0,21.0,10.0,10.0,1.0,1.0,2,2.0,0.0,0.0,0.0
10766,804.7492878633346,349.7905021757643,3.2670464728881745,110.18043464219633,58.2400748937651,18.70313340132744,0.2833808091110218,58.340929457763494,58.340929457763494,30.970179874215617,30.970179874215617,1.7002848546661307,1.7002848546661307,4,3.2670464728881745,0.0,0.0,0.0
6727,76.0,262.0,1.0,21.0,0.0,1.0,0.0,150.0,150.0,30.0,30.0,2.0,2.0,7,1.0,0.0,0.0,0.0
10072,87.28137955714699,422.5397664951775,2.76045985238233,520.2091970476466,27.71862044285301,0.0,1.0,54.56275911429398,54.56275911429398,47.56275911429398,47.56275911429398,0.0,0.0,11,3.0,0.0,0.0,0.0
5251,218.0,376.0,1.0,26.0,0.0,2.0,1.0,14.0,15.0,1.0,1.0,1.0,1.0,1,1.0,2.0,3.0,0.0
3452,10.0,298.0,1.0,10.0,19.0,0.0,1.0,8.0,8.0,2.0,2.0,1.0,1.0,2,1.0,1.0,1.0,1.0
3605,3.0,180.0,1.0,10.0,0.0,0.0,0.0,9.0,9.0,2.0,2.0,1.0,1.0,2,1.0,1.0,1.0,1.0
7871,77.0,362.0,2.0,766.0,14.0,1.0,1.0,97.0,97.0,34.0,34.0,3.0,3.0,10,2.0,2.0,3.0,0.0
4420,37.0,180.0,1.0,11.0,0.0,0.0,0.0,14.0,14.0,2.0,2.0,1.0,1.0,2,1.0,2.0,3.0,1.0
2171,17.0,246.0,1.0,10.0,8.0,0.0,0.0,8.0,8.0,2.0,2.0,1.0,1.0,2,1.0,1.0,1.0,1.0
4975,6.0,256.0,1.0,10.0,6.0,0.0,0.0,-1.0,-1.0,-1.0,-1.0,-1.0,-1.0,0,-1.0,-1.0,-1.0,-1.0
5171,43.0,387.0,2.0,50.0,31.0,1.0,1.0,-1.0,-1.0,-1.0,-1.0,-1.0,-1.0,0,-1.0,-1.0,-1.0,-1.0
4720,48.0,317.0,1.0,77.0,28.0,0.0,0.0,-1.0,-1.0,-1.0,-1.0,-1.0,-1.0,0,-1.0,-1.0,-1.0,-1.0
2832,7.0,180.0,2.0,13.0,0.0,0.0,0.0,9.0,9.0,2.0,2.0,0.0,1.0,2,0.0,1.0,2.0,0.0
1527,10.0,180.0,31.0,70.0,0.0,0.0,0.0,9.0,9.0,3.0,3.0,1.0,1.0,2,1.0,1.0,1.0,1.0
7424,44.0,331.0,6.0,103.0,18.0,0.0,1.0,121.0,121.0,46.0,46.0,2.0,2.0,7,6.0,0.0,0.0,0.0
10422,128.0,262.0,2.0,24.0,0.0,2.0,0.0,9.704078409849542,9.704078409849542,4.0,4.0,1.7040784098495412,1.7040784098495412,5,1.0,0.0,0.0,0.0
8809,252.0,287.0,1.0,47.0,0.0,0.0,1.0,30.0,30.0,8.0,8.0,2.0,2.0,7,1.0,0.0,0.0,0.0
9516,37.0,288.0,7.0,551.0,0.0,0.0,1.0,52.0,52.0,15.0,15.0,2.0,2.0,7,10.0,0.0,0.0,0.0
6078,89.0,262.0,1.0,21.0,0.0,1.0,0.0,11.0,11.0,3.0,3.0,2.0,2.0,7,1.0,0.0,0.0,0.0
690,9.0,180.0,1.0,9.0,0.0,0.0,0.0,18.0,18.0,6.0,6.0,2.0,2.0,2,1.0,1.0,2.0,0.0
2288,8.0,180.0,1.0,10.0,0.0,0.0,0.0,9.0,9.0,1.0,1.0,1.0,1.0,2,1.0,1.0,2.0,1.0
3302,61.0,180.0,1.0,77.0,0.0,0.0,0.0,9.0,9.0,3.0,3.0,1.0,1.0,2,1.0,1.0,1.0,1.0
5785,48.0,335.0,1.0,25.0,8.0,0.0,1.0,24.0,24.0,6.0,6.0,1.0,1.0,2,1.0,0.0,0.0,0.0
9542,16.0,288.0,3.0,61.0,0.0,0.0,1.0,73.0,73.0,26.0,26.0,2.0,2.0,7,16.0,0.0,0.0,0.0
6602,73.0,283.0,1.0,22.0,0.0,4.0,0.0,6.0,6.0,2.0,2.0,1.0,1.0,2,1.0,0.0,0.0,0.0
5782,58.0,335.0,3.0,47.0,8.0,0.0,1.0,46.0,46.0,11.0,11.0,1.0,1.0,2,3.0,0.0,0.0,0.0
5788,76.0,419.0,7.0,65.0,92.0,0.0,1.0,65.0,65.0,15.0,15.0,2.0,2.0,7,7.0,0.0,0.0,0.0
4561,46.0,327.0,1.0,59.0,62.0,0.0,1.0,-1.0,-1.0,-1.0,-1.0,-1.0,-1.0,0,-1.0,-1.0,-1.0,-1.0
1187,74.0,323.0,1.0,16.0,16.0,-1.0,2.0,19.0,19.0,9.0,9.0,1.0,1.0,2,1.0,0.0,0.0,0.0
1191,94.0,180.0,1.0,9.0,0.0,0.0,0.0,10.0,10.0,3.0,3.0,1.0,1.0,2,1.0,1.0,1.0,1.0
8337,234.0,399.0,1.0,96.0,29.0,0.0,1.0,680.0,680.0,82.0,82.0,2.0,2.0,7,4.0,1.0,2.0,0.0
6350,49.0,442.0,1.0,184.0,16.0,1.0,1.0,31.0,31.0,19.0,19.0,2.0,2.0,7,1.0,0.0,0.0,0.0
3572,59.0,288.0,1.0,14.0,0.0,0.0,0.0,73.0,73.0,18.0,18.0,7.0,7.0,16,1.0,5.0,6.0,0.0
6976,76.0,262.0,1.0,21.0,0.0,1.0,0.0,32.0,32.0,20.0,20.0,2.0,2.0,7,1.0,0.0,0.0,0.0
9954,77.0,330.0,1.0,16.0,16.0,-1.0,2.0,8.0,8.0,2.0,2.0,1.0,1.0,2,1.0,1.0,1.0,1.0
1834,14.0,371.0,1.0,16.0,16.0,-1.0,2.0,8.0,7.0,2.0,2.0,1.0,1.0,2,1.0,2.0,1.0,1.0
11001,20.061566547460668,283.0,1.0,10.0,0.0,1.0,0.0,6.0,6.0,2.0,2.0,1.0,1.0,2,1.0,0.0,0.0,0.0
9303,27.0,298.0,1.0,12.0,0.0,1.0,0.0,21.0,21.0,3.0,3.0,1.0,1.0,2,1.0,0.0,0.0,0.0
10319,46.718448022940805,299.0,4.239482674313602,33.7605173256864,8.0,0.0,1.0,32.7605173256864,32.7605173256864,8.0,8.0,1.0,1.0,2,4.239482674313602,0.0,0.0,0.0
7399,40.0,345.0,6.0,126.0,16.0,0.0,1.0,85.0,85.0,74.0,74.0,0.0,0.0,12,7.0,0.0,0.0,0.0
5726,63.0,352.0,3.0,47.0,42.0,0.0,1.0,46.0,46.0,19.0,19.0,2.0,2.0,7,3.0,0.0,0.0,0.0
10469,56.65700798261897,310.45894282610533,6.091788565221062,227.60386968697267,8.657007982618973,0.0,1.0,87.38164228695578,87.38164228695578,17.275365695663186,17.275365695663186,2.0,2.0,7,6.091788565221062,0.0,0.0,0.3816422869557876
2499,78.0,252.0,1.0,10.0,14.0,0.0,0.0,9.0,9.0,3.0,3.0,1.0,1.0,2,1.0,1.0,1.0,1.0
6035,390.0,289.0,5.0,3032.0,0.0,0.0,1.0,2545.0,2545.0,52.0,52.0,14.0,14.0,17,15.0,0.0,0.0,0.0
10016,56.0,343.0,21.0,55.0,13.0,21.0,1.0,9.0,9.0,3.0,3.0,1.0,1.0,2,1.0,1.0,1.0,1.0
4196,9.0,180.0,1.0,9.0,0.0,0.0,0.0,27.0,27.0,9.0,9.0,2.0,2.0,7,1.0,0.0,0.0,0.0
3827,150.0,180.0,1.0,127.0,0.0,0.0,1.0,42.0,42.0,13.0,13.0,2.0,2.0,7,1.0,0.0,0.0,0.0
10684,29.312706579279354,260.0,1.0,12.0,0.0,1.0,0.0,23.171823355180162,23.171823355180162,11.171823355180162,11.171823355180162,2.0,2.0,7,1.0,0.0,0.0,0.0
878,4.0,211.0,1.0,28.0,0.0,0.0,0.0,10.0,10.0,3.0,3.0,1.0,1.0,2,1.0,1.0,1.0,1.0
1455,2048.0,180.0,1.0,16.0,0.0,0.0,0.0,9.0,9.0,3.0,3.0,1.0,1.0,2,1.0,1.0,1.0,1.0
8583,30.0,305.0,1.0,187.0,6.0,4.0,1.0,61.0,61.0,31.0,31.0,2.0,2.0,7,2.0,0.0,0.0,0.0
10475,58.496977284700236,226.0,4.0,285.4969772847002,0.0,0.0,1.0,47.775693080048,47.775693080048,25.26662493414871,25.26662493414871,2.0,2.0,7,1.7454659270503528,0.0,0.0,0.0
5371,-1.0,-1.0,-1.0,-1.0,-1.0,-1.0,2.0,23.0,23.0,7.0,7.0,1.0,1.0,2,3.0,3.0,4.0,1.0
7955,70.0,349.0,2.0,546.0,14.0,1.0,1.0,55.0,55.0,48.0,48.0,0.0,0.0,13,3.0,0.0,0.0,0.0
8667,101.0,328.0,14.0,451.0,1.0,3.0,1.0,363.0,363.0,42.0,42.0,2.0,2.0,7,27.0,0.0,0.0,0.0
1694,3.0,180.0,1.0,111612.0,0.0,0.0,0.0,9.0,9.0,3.0,3.0,1.0,1.0,2,1.0,1.0,1.0,1.0
9487,11.0,271.0,5.0,26.0,0.0,0.0,1.0,40.0,40.0,9.0,9.0,2.0,2.0,7,8.0,0.0,0.0,1.0
2092,16.0,248.0,1.0,10.0,7.0,0.0,0.0,9.0,9.0,2.0,2.0,0.0,1.0,2,0.0,1.0,2.0,0.0
6932,88.0,283.0,1.0,36.0,0.0,18.0,0.0,198.0,198.0,24.0,24.0,2.0,2.0,7,1.0,0.0,0.0,0.0
9329,28.0,298.0,1.0,12.0,0.0,1.0,0.0,174.0,174.0,53.0,53.0,2.0,2.0,7,50.0,0.0,0.0,0.0
10264,53.78497532037469,307.0,4.113990128149878,53.22798025629976,8.0,0.0,1.0,52.22798025629976,52.22798025629976,17.11399012814988,17.11399012814988,2.0,2.0,7,4.113990128149878,0.0,0.0,0.0
5331,-1.0,-1.0,-1.0,-1.0,-1.0,-1.0,2.0,26.0,26.0,7.0,7.0,1.0,1.0,2,6.0,3.0,4.0,1.0
7788,84.0,384.0,3.0,477.0,16.0,0.0,1.0,65.0,65.0,59.0,59.0,0.0,0.0,10,2.0,0.0,0.0,0.0
832,4.0,220.0,1.0,12.0,0.0,0.0,0.0,21.0,21.0,11.0,11.0,1.0,1.0,2,1.0,5.0,6.0,0.0
7337,343.0,479.0,8.0,1019.0,65.0,0.0,1.0,49.0,49.0,15.0,15.0,4.0,4.0,10,4.0,0.0,0.0,0.0
591,2.0,180.0,1.0,10.0,0.0,0.0,0.0,15.0,15.0,2.0,2.0,1.0,1.0,2,1.0,2.0,3.0,1.0
5716,65.0,389.0,3.0,53.0,79.0,0.0,1.0,52.0,52.0,21.0,21.0,2.0,2.0,7,3.0,0.0,0.0,0.0
5731,67.0,352.0,4.0,53.0,42.0,0.0,1.0,52.0,52.0,21.0,21.0,2.0,2.0,7,4.0,0.0,0.0,0.0
109,17.0,180.0,1.0,10.0,0.0,0.0,0.0,19.0,19.0,9.0,9.0,1.0,1.0,2,1.0,0.0,0.0,0.0
7498,45.0,327.0,2.0,87.0,27.0,0.0,1.0,138.0,138.0,50.0,50.0,6.0,6.0,12,2.0,0.0,0.0,0.0
1052,145.0,275.0,1.0,50.0,3.0,1.0,0.0,15.0,15.0,2.0,2.0,1.0,1.0,2,1.0,2.0,3.0,1.0
1311,2.0,180.0,1.0,9.0,0.0,0.0,0.0,14.0,14.0,4.0,4.0,1.0,1.0,2,2.0,1.0,2.0,0.0
668,9.0,180.0,1.0,9.0,0.0,0.0,0.0,10.0,10.0,3.0,3.0,1.0,1.0,2,1.0,0.0,1.0,1.0
8445,144.0,298.0,6.0,37.0,0.0,6.0,0.0,36.0,36.0,13.0,13.0,2.0,2.0,7,6.0,0.0,0.0,0.0
7456,83.0,373.0,1.0,736.0,16.0,0.0,1.0,93.0,93.0,87.0,87.0,0.0,0.0,12,2.0,0.0,0.0,0.0
5168,35.0,388.0,3.0,78.0,55.0,0.0,1.0,-1.0,-1.0,-1.0,-1.0,-1.0,-1.0,0,-1.0,-1.0,-1.0,-1.0
5588,40.0,403.0,2.0,75.0,55.0,2.0,1.0,74.0,74.0,12.0,12.0,2.0,2.0,7,2.0,0.0,0.0,0.0
10882,35.66729048892996,290.66354755535025,4.0,191.99625706642027,0.6672904889299544,0.0,1.0,32.327095110700455,32.327095110700455,9.32896657749032,9.32896657749032,2.0,2.0,7,3.6654190221400915,0.0,0.0,0.0
843,9.0,180.0,1.0,9.0,0.0,0.0,0.0,14.0,13.0,11.0,11.0,0.0,0.0,2,1.0,0.0,1.0,0.0
4509,33.0,555.0,1.0,107.0,270.0,1.0,1.0,-1.0,-1.0,-1.0,-1.0,-1.0,-1.0,0,-1.0,-1.0,-1.0,-1.0
9076,100.0,272.0,1.0,21.0,0.0,1.0,0.0,6.0,6.0,2.0,2.0,1.0,1.0,2,1.0,0.0,0.0,0.0
4547,4.0,180.0,1.0,111614.0,0.0,0.0,0.0,31.0,31.0,12.0,12.0,1.0,1.0,2,3.0,0.0,0.0,1.0
5354,-1.0,-1.0,-1.0,-1.0,-1.0,-1.0,2.0,27.0,27.0,7.0,7.0,2.0,3.0,7,3.0,5.0,6.0,2.0
4752,77.0,372.0,1.0,16.0,16.0,-1.0,2.0,-1.0,-1.0,-1.0,-1.0,-1.0,-1.0,0,-1.0,-1.0,-1.0,-1.0
10071,10.285023849348566,351.27053100415316,18.35748807532572,43.71497615065144,14.270531004153135,0.0,1.0,42.71497615065144,42.71497615065144,18.35748807532572,18.35748807532572,1.0,1.0,2,18.35748807532572,0.0,0.0,0.0
5677,59.0,331.0,4.0,78.0,8.0,0.0,1.0,77.0,77.0,17.0,17.0,2.0,2.0,7,4.0,0.0,0.0,0.0
5582,87.0,347.0,2.0,88.0,48.0,0.0,1.0,27.0,27.0,9.0,9.0,2.0,2.0,7,2.0,0.0,0.0,1.0
1485,14.0,371.0,1.0,16.0,16.0,-1.0,2.0,4.0,4.0,1.0,1.0,0.0,1.0,1,1.0,1.0,1.0,1.0
5423,45.0,356.0,8.0,82.0,13.0,0.0,1.0,83.0,83.0,34.0,34.0,3.0,3.0,10,8.0,0.0,0.0,0.0
10609,282.7563656411662,382.25182425539515,2.187043936151217,480.16515287140965,26.194340957731747,0.7481757446048678,1.0,286.8421441501709,286.8421441501709,253.70528649010254,253.70528649010254,0.0,0.0,11,1.4963514892097356,0.0,0.812956063848783,0.0
2737,16.0,180.0,1.0,10.0,0.0,0.0,0.0,40.0,40.0,12.0,12.0,1.0,1.0,2,1.0,2.0,3.0,0.0
2267,7.0,243.0,1.0,10.0,7.0,0.0,0.0,9.0,9.0,2.0,2.0,0.0,1.0,1,1.0,1.0,2.0,0.0
6165,48.0,352.0,8.0,67.0,62.0,3.0,1.0,131.0,131.0,24.0,24.0,2.0,2.0,7,1.0,0.0,0.0,0.0
2808,12.0,290.0,1.0,16.0,2.0,-1.0,2.0,9.0,9.0,1.0,1.0,1.0,1.0,2,1.0,1.0,2.0,1.0
869,9.0,180.0,1.0,9.0,0.0,0.0,0.0,26.0,26.0,1.0,1.0,1.0,1.0,2,22.0,1.0,1.0,1.0
2468,9.0,180.0,1.0,9.0,0.0,0.0,0.0,40.0,40.0,25.0,25.0,1.0,1.0,2,1.0,3.0,4.0,0.0
7493,66.0,399.0,4.0,358.0,30.0,0.0,1.0,197.0,197.0,53.0,53.0,2.0,2.0,7,7.0,0.0,0.0,0.0
8642,299.0,349.0,26.0,1179.0,30.0,3.0,1.0,344.0,344.0,51.0,51.0,2.0,2.0,7,33.0,0.0,0.0,0.0
5656,48.0,299.0,4.0,33.0,8.0,0.0,1.0,32.0,32.0,8.0,8.0,1.0,1.0,2,4.0,0.0,0.0,0.0
1979,15.0,251.0,1.0,16.0,0.0,-1.0,2.0,9.0,9.0,3.0,3.0,1.0,1.0,2,1.0,1.0,1.0,1.0
696,3.0,180.0,0.0,9.0,0.0,0.0,0.0,14.0,14.0,2.0,2.0,1.0,1.0,2,1.0,2.0,3.0,1.0
1741,16.0,180.0,1.0,10.0,0.0,0.0,0.0,8.0,8.0,1.0,1.0,1.0,1.0,2,1.0,0.0,0.0,1.0
3718,-1.0,-1.0,-1.0,-1.0,-1.0,-1.0,2.0,7.0,7.0,2.0,2.0,1.0,1.0,2,1.0,1.0,1.0,1.0
9003,26.0,260.0,1.0,12.0,0.0,1.0,0.0,34.0,34.0,4.0,4.0,1.0,1.0,2,3.0,1.0,0.0,0.0
7796,44.0,426.0,1.0,141.0,31.0,0.0,1.0,71.0,71.0,65.0,65.0,0.0,0.0,10,2.0,0.0,0.0,0.0
2189,1.0,180.0,1.0,111714.0,0.0,0.0,0.0,9.0,9.0,1.0,1.0,1.0,1.0,2,1.0,1.0,2.0,1.0
5006,8.0,180.0,1.0,10.0,0.0,0.0,0.0,13.0,13.0,5.0,5.0,1.0,1.0,2,1.0,3.0,4.0,0.0
5617,49.0,299.0,5.0,33.0,8.0,0.0,1.0,32.0,32.0,8.0,8.0,1.0,1.0,2,5.0,0.0,0.0,0.0
5145,9.0,180.0,12.0,167.0,0.0,0.0,1.0,14.0,14.0,2.0,2.0,1.0,1.0,2,1.0,2.0,3.0,1.0
8147,350.0,364.0,28.0,731.0,23.0,0.0,1.0,57.0,57.0,23.0,23.0,2.0,2.0,7,3.0,0.0,0.0,0.0
505,1.0,180.0,1.0,111113.0,0.0,0.0,0.0,16.0,16.0,3.0,3.0,1.0,1.0,2,2.0,1.0,2.0,1.0
10970,83.40780041979961,262.0,1.0,21.0,0.0,1.0,0.0,11.0,11.0,3.0,3.0,2.0,2.0,7,1.0,0.0,0.0,0.0
3303,6.0,256.0,1.0,15.0,0.0,0.0,0.0,9.0,9.0,3.0,3.0,1.0,1.0,2,1.0,1.0,1.0,1.0
8597,160.0,359.0,3.0,158.0,65.0,88.0,1.0,118.0,118.0,77.0,77.0,2.0,2.0,7,2.0,0.0,0.0,0.0
7897,90.0,365.0,2.0,576.0,14.0,0.0,1.0,315.0,315.0,150.0,150.0,2.0,2.0,2,2.0,2.0,3.0,0.0
3640,-1.0,-1.0,-1.0,-1.0,-1.0,-1.0,2.0,8.0,7.0,2.0,2.0,1.0,1.0,2,1.0,1.0,1.0,1.0
6461,87.0,283.0,1.0,26.0,0.0,8.0,0.0,44.0,44.0,40.0,40.0,0.0,0.0,7,2.0,0.0,0.0,0.0
183,16.0,180.0,1.0,10.0,0.0,0.0,0.0,15.0,15.0,2.0,2.0,1.0,1.0,2,1.0,2.0,3.0,1.0
7264,76.0,226.0,3.0,605.0,0.0,29.0,1.0,119.0,119.0,81.0,81.0,2.0,2.0,7,3.0,0.0,0.0,0.0
3082,5.0,218.0,1.0,10.0,0.0,0.0,0.0,9.0,9.0,2.0,2.0,2.0,2.0,2,1.0,2.0,3.0,0.0
1876,17.0,180.0,1.0,10.0,0.0,0.0,0.0,7.0,6.0,2.0,2.0,1.0,1.0,2,1.0,1.0,1.0,1.0
5813,88.0,450.0,6.0,79.0,30.0,0.0,1.0,78.0,78.0,29.0,29.0,2.0,2.0,7,6.0,0.0,0.0,0.0
609,15.0,180.0,1.0,10.0,0.0,0.0,0.0,17.0,17.0,3.0,3.0,1.0,1.0,2,1.0,2.0,3.0,0.0
10866,81.98451642319894,283.0,1.0,29.0,0.0,11.0,0.0,28.32817214106631,28.32817214106631,16.32817214106631,16.32817214106631,2.0,2.0,7,1.0,0.0,0.0,0.0
2033,17.0,180.0,1.0,10.0,0.0,0.0,0.0,6.0,6.0,1.0,1.0,1.0,1.0,2,1.0,1.0,1.0,1.0
3981,39.0,180.0,1.0,6.0,0.0,0.0,0.0,-1.0,-1.0,-1.0,-1.0,-1.0,-1.0,0,-1.0,-1.0,-1.0,-1.0
6629,39.0,283.0,3.0,20.0,0.0,3.0,0.0,79.0,79.0,41.0,41.0,2.0,2.0,7,12.0,0.0,0.0,0.0
6422,92.0,283.0,1.0,49.0,0.0,31.0,0.0,138.0,138.0,24.0,24.0,2.0,2.0,7,1.0,0.0,0.0,0.0
1968,15.0,180.0,1.0,10.0,0.0,0.0,0.0,9.0,9.0,1.0,1.0,1.0,1.0,2,1.0,1.0,2.0,1.0
6774,68.0,283.0,2.0,39.0,0.0,18.0,0.0,11.0,11.0,3.0,3.0,2.0,2.0,7,1.0,0.0,0.0,0.0
20,15.0,256.0,1.0,16.0,0.0,0.0,0.0,15.0,15.0,2.0,2.0,1.0,1.0,2,1.0,1.0,2.0,0.0
10410,85.38281401113599,262.0,1.0,21.0,0.0,1.0,0.0,99.08515579665921,99.08515579665921,17.0,17.0,2.0,2.0,7,1.0,0.0,0.0,0.0
7183,44.0,291.0,2.0,161.0,1.0,2.0,1.0,43.0,43.0,22.0,22.0,2.0,2.0,7,2.0,0.0,0.0,0.0
10416,121.93872541141013,283.0,1.801470566748217,51.60294113349644,0.0,31.19852943325178,0.0,50.60294113349644,50.60294113349644,37.801470566748215,37.801470566748215,2.0,2.0,7,1.801470566748217,0.0,0.0,0.0
8519,298.0,262.0,5.0,33.0,0.0,5.0,0.0,11.0,11.0,3.0,3.0,2.0,2.0,7,1.0,0.0,0.0,0.0
3270,3.0,239.0,1.0,13.0,0.0,0.0,1.0,9.0,9.0,3.0,3.0,1.0,1.0,2,1.0,1.0,1.0,1.0
2518,7.0,239.0,1.0,10.0,8.0,0.0,1.0,8.0,8.0,2.0,2.0,1.0,1.0,2,1.0,1.0,1.0,1.0
10066,28.0,235.41542239627194,1.5743505786062373,15.148701157212475,0.0,0.0,1.0,28.27694826418129,28.27694826418129,4.287175289303119,4.287175289303119,1.0,1.0,2,2.1487011572124746,0.0,0.0,0.0
5984,96.0,556.0,1.0,965.0,36.0,1.0,1.0,34.0,34.0,33.0,33.0,0.0,0.0,2,0.0,0.0,0.0,0.0
7862,78.0,349.0,3.0,813.0,30.0,0.0,1.0,179.0,179.0,165.0,165.0,0.0,0.0,17,3.0,1.0,1.0,0.0
9948,77.0,366.0,1.0,16.0,16.0,-1.0,2.0,5.0,4.0,1.0,0.0,0.0,0.0,1,1.0,0.0,0.0,1.0
2178,2048.0,180.0,1.0,16.0,0.0,0.0,0.0,8.0,8.0,2.0,2.0,1.0,1.0,2,1.0,1.0,1.0,1.0
4979,8.0,180.0,1.0,10.0,0.0,0.0,0.0,27.0,27.0,6.0,6.0,1.0,1.0,2,5.0,2.0,3.0,1.0
3410,4.0,246.0,1.0,16.0,0.0,0.0,0.0,8.0,8.0,2.0,2.0,1.0,1.0,2,1.0,1.0,1.0,1.0
11003,20.47400560518996,288.0,5.422016815569876,121.3700280259498,0.0,0.0,1.0,29.47400560518996,29.47400560518996,8.0,8.0,2.0,2.0,7,4.577983184430124,0.0,0.0,0.0
489,35.0,258.0,1.0,10.0,7.0,0.0,0.0,19.0,19.0,9.0,9.0,1.0,1.0,2,1.0,0.0,0.0,0.0
7740,86.0,389.0,1.0,578.0,32.0,0.0,1.0,495.0,495.0,173.0,173.0,8.0,8.0,13,3.0,0.0,0.0,0.0
8798,178.0,276.0,16.0,1105.0,0.0,1.0,1.0,77.0,77.0,59.0,59.0,0.0,0.0,7,16.0,0.0,0.0,0.0
3212,16.0,180.0,1.0,10.0,0.0,0.0,0.0,72.0,72.0,14.0,14.0,4.0,4.0,12,6.0,2.0,3.0,0.0
10656,31.0,314.4181560466108,7.91636879067784,41.749106372033516,28.66904967457728,0.0,1.0,40.749106372033516,40.749106372033516,10.83273758135568,10.83273758135568,2.0,2.0,7,7.91636879067784,0.0,0.0,0.0
9930,75.0,367.0,1.0,16.0,16.0,-1.0,2.0,8.0,8.0,2.0,2.0,1.0,1.0,2,1.0,1.0,1.0,1.0
152,2.0,180.0,0.0,3.0,0.0,0.0,0.0,15.0,15.0,2.0,2.0,1.0,1.0,2,1.0,2.0,3.0,1.0
889,15.0,224.0,0.0,20.0,7.0,0.0,0.0,121.0,121.0,14.0,14.0,3.0,3.0,10,3.0,2.0,3.0,0.0
11058,87.9429628549686,283.0,1.0,34.94296285496859,0.0,16.94296285496859,0.0,6.0,6.0,2.0,2.0,1.0,1.0,2,1.0,0.0,0.0,0.0
6423,79.0,262.0,1.0,21.0,0.0,1.0,0.0,54.0,54.0,51.0,51.0,0.0,0.0,7,1.0,0.0,0.0,0.0
269,9.0,180.0,1.0,9.0,0.0,0.0,0.0,13.0,13.0,2.0,2.0,1.0,1.0,2,1.0,2.0,3.0,1.0
96,17.0,180.0,1.0,10.0,0.0,0.0,0.0,13.0,13.0,2.0,2.0,1.0,1.0,2,1.0,2.0,3.0,1.0
7676,81.0,405.0,2.0,158.0,25.0,0.0,1.0,108.0,108.0,102.0,102.0,0.0,0.0,10,2.0,0.0,0.0,0.0
6713,81.0,262.0,1.0,21.0,0.0,1.0,0.0,30.0,30.0,18.0,18.0,2.0,2.0,7,1.0,0.0,0.0,0.0
3885,-1.0,-1.0,-1.0,-1.0,-1.0,-1.0,2.0,71.0,71.0,4.0,4.0,1.0,1.0,2,3.0,0.0,0.0,1.0
9991,51.0,307.0,2.0,12.0,24.0,0.0,1.0,8.0,8.0,2.0,2.0,1.0,1.0,2,1.0,1.0,1.0,1.0
9764,25.0,252.0,6.0,35.0,0.0,0.0,1.0,32.0,32.0,8.0,8.0,2.0,2.0,7,7.0,0.0,0.0,0.0
7710,75.0,387.0,4.0,168.0,26.0,0.0,1.0,161.0,161.0,33.0,33.0,2.0,2.0,7,1.0,1.0,2.0,0.0
1067,8.0,180.0,1.0,11.0,0.0,0.0,0.0,12.0,13.0,5.0,5.0,1.0,1.0,2,1.0,3.0,4.0,0.0
7500,53.0,394.0,2.0,257.0,22.0,0.0,1.0,90.0,90.0,15.0,15.0,3.0,3.0,10,2.0,1.0,1.0,0.0
5195,48.0,395.0,2.0,54.0,32.0,1.0,1.0,-1.0,-1.0,-1.0,-1.0,-1.0,-1.0,0,-1.0,-1.0,-1.0,-1.0
2760,30.0,328.0,4.0,24.0,13.0,4.0,1.0,8.0,8.0,2.0,2.0,1.0,1.0,2,1.0,1.0,1.0,1.0
6221,56.0,249.0,3.0,35.0,0.0,0.0,1.0,41.0,41.0,16.0,16.0,2.0,2.0,7,5.0,0.0,0.0,0.0
6407,80.0,283.0,1.0,27.0,0.0,9.0,0.0,6.0,6.0,2.0,2.0,1.0,1.0,2,1.0,0.0,0.0,0.0
715,146.0,180.0,1.0,9.0,0.0,0.0,0.0,19.0,19.0,1.0,1.0,1.0,1.0,2,15.0,1.0,1.0,1.0
4059,4.0,377.0,2.0,13.0,11.0,0.0,1.0,12.0,12.0,2.0,2.0,2.0,2.0,2,1.0,2.0,3.0,0.0
11071,93.1955433625453,370.98514454181765,4.992572270908826,672.2178265498188,23.623768733091758,0.39851445418176523,1.0,60.00742772909118,60.00742772909118,53.60891327490941,53.60891327490941,0.0,0.0,10,2.398514454181765,0.0,0.0,0.0
4565,6.0,256.0,1.0,16.0,0.0,0.0,0.0,-1.0,-1.0,-1.0,-1.0,-1.0,-1.0,0,-1.0,-1.0,-1.0,-1.0
1798,22.0,22266.0,0.0,4.0,0.0,0.0,0.0,4.0,4.0,1.0,1.0,0.0,1.0,1,1.0,1.0,1.0,1.0
461,8.0,250.0,1.0,15.0,0.0,0.0,0.0,19.0,19.0,9.0,9.0,1.0,1.0,2,1.0,0.0,0.0,0.0
5373,-1.0,-1.0,-1.0,-1.0,-1.0,-1.0,2.0,14.0,14.0,5.0,5.0,1.0,1.0,2,3.0,2.0,2.0,0.0
2944,7.0,239.0,1.0,10.0,8.0,0.0,1.0,9.0,9.0,2.0,1.0,0.0,0.0,1,1.0,0.0,0.0,0.0
9987,64.0,348.0,1.0,16.0,16.0,-1.0,2.0,8.0,7.0,2.0,2.0,1.0,1.0,2,1.0,1.0,1.0,1.0
10061,42.61863589403995,374.7627282119201,1.0,94.61863589403995,27.669548741720355,4.0509128476804035,1.0,45.13544609271909,45.13544609271909,39.89817430463919,39.89817430463919,0.0,0.0,8,2.0,0.0,0.0,0.0
9537,23.0,288.0,4.0,32.0,0.0,0.0,1.0,28.0,28.0,7.0,7.0,2.0,2.0,7,4.0,0.0,0.0,0.0
4791,78.0,180.0,1.0,11.0,0.0,0.0,0.0,13.0,13.0,2.0,2.0,1.0,1.0,2,1.0,2.0,3.0,1.0
5271,2.0,180.0,1.0,111612.0,0.0,0.0,0.0,15.0,15.0,7.0,7.0,1.0,1.0,2,1.0,3.0,4.0,0.0
5848,75.0,433.0,15.0,68.0,31.0,0.0,1.0,67.0,67.0,15.0,15.0,1.0,1.0,2,15.0,0.0,0.0,0.0
5024,68.0,313.0,1.0,22.0,0.0,1.0,0.0,-1.0,-1.0,-1.0,-1.0,-1.0,-1.0,0,-1.0,-1.0,-1.0,-1.0
7470,80.0,367.0,2.0,369.0,27.0,0.0,1.0,181.0,181.0,74.0,74.0,2.0,2.0,2,2.0,2.0,3.0,0.0
1214,7.0,180.0,1.0,10.0,0.0,0.0,0.0,21.0,21.0,11.0,11.0,1.0,1.0,2,1.0,5.0,6.0,0.0
1372,15.0,224.0,0.0,20.0,7.0,0.0,0.0,9.0,9.0,2.0,2.0,0.0,1.0,2,0.0,1.0,2.0,0.0
243,355.0,226.0,1.0,11.0,0.0,0.0,0.0,13.0,13.0,2.0,2.0,1.0,1.0,2,1.0,2.0,3.0,1.0
4039,7.0,180.0,1.0,10.0,0.0,0.0,0.0,3.0,3.0,0.0,0.0,1.0,1.0,2,0.0,1.0,2.0,0.0
7961,76.0,353.0,2.0,773.0,14.0,0.0,1.0,56.0,56.0,48.0,48.0,0.0,0.0,12,4.0,0.0,0.0,0.0
7255,94.0,305.0,4.0,752.0,6.0,50.0,1.0,81.0,81.0,40.0,40.0,2.0,2.0,7,4.0,0.0,0.0,0.0
10991,80.25829077228357,373.6291453861418,2.0,319.62251276831495,31.125829077228357,0.0,1.0,44.87417092277164,44.87417092277164,38.0,38.0,0.0,0.0,11,2.8741709227716425,0.0,0.0,0.0
1679,3.0,180.0,1.0,10.0,0.0,0.0,0.0,97.0,97.0,28.0,28.0,2.0,2.0,7,5.0,1.0,2.0,1.0
7586,83.0,362.0,4.0,591.0,26.0,1.0,1.0,223.0,223.0,75.0,75.0,4.0,4.0,10,2.0,0.0,0.0,0.0
9504,77.0,302.0,30.0,262.0,14.0,0.0,1.0,102.0,102.0,30.0,30.0,2.0,2.0,7,28.0,0.0,0.0,0.0
648,9.0,180.0,1.0,9.0,0.0,0.0,0.0,28.0,28.0,6.0,6.0,1.0,1.0,2,5.0,2.0,3.0,1.0
10835,55.244368778578405,327.5154269235833,2.0,64.05337873285296,36.6221843892892,0.0,1.0,63.053378732852956,63.053378732852956,8.0,8.0,2.0,2.0,7,2.0,0.0,0.0,1.0
4409,59.0,273.0,1.0,13.0,0.0,1.0,0.0,17.0,17.0,3.0,3.0,1.0,1.0,2,7.0,1.0,1.0,1.0
155,17.0,180.0,1.0,10.0,0.0,0.0,0.0,15.0,15.0,2.0,2.0,1.0,1.0,2,1.0,1.0,2.0,0.0
3428,8.0,180.0,2.0,13.0,0.0,0.0,0.0,9.0,9.0,3.0,3.0,1.0,1.0,2,1.0,1.0,1.0,1.0
9495,13.0,310.0,1.0,57.0,16.0,0.0,1.0,26.0,26.0,6.0,6.0,2.0,2.0,7,2.0,0.0,0.0,0.0
1150,12.0,290.0,1.0,16.0,2.0,-1.0,2.0,19.0,19.0,9.0,9.0,1.0,1.0,2,1.0,0.0,0.0,0.0
3047,566.0,180.0,1.0,127.0,0.0,0.0,1.0,8.0,8.0,2.0,2.0,1.0,1.0,2,1.0,1.0,1.0,1.0
1046,15.0,371.0,1.0,16.0,16.0,-1.0,2.0,10.0,10.0,2.0,2.0,1.0,1.0,2,1.0,1.0,2.0,0.0
9832,64.0,286.0,18.0,72.0,16.0,0.0,1.0,39.0,39.0,15.0,15.0,2.0,2.0,7,5.0,0.0,0.0,0.0
1306,4.0,180.0,3.0,17.0,0.0,0.0,0.0,14.0,14.0,4.0,4.0,1.0,1.0,2,1.0,1.0,1.0,1.0
10119,87.0202223486905,354.25277935863124,1.989888825654751,397.3528848419041,32.80788768744027,0.0,1.0,213.040444697381,213.040444697381,25.0202223486905,25.0202223486905,2.989888825654751,2.989888825654751,9,3.979777651309502,0.020222348690497993,0.03033352303574688,0.989888825654751
7906,89.0,359.0,4.0,631.0,14.0,0.0,1.0,64.0,64.0,58.0,58.0,0.0,0.0,10,2.0,0.0,0.0,0.0
2244,75.0,326.0,1.0,16.0,15.0,-1.0,2.0,9.0,9.0,2.0,2.0,0.0,1.0,2,0.0,1.0,2.0,0.0
15,17.0,373.0,8.0,27.0,10.0,0.0,1.0,26.0,26.0,9.0,9.0,1.0,1.0,2,8.0,1.0,2.0,1.0
2669,77.0,366.0,1.0,16.0,16.0,-1.0,2.0,9.0,9.0,3.0,3.0,1.0,1.0,2,1.0,1.0,1.0,1.0
9552,22.0,229.0,13.0,51.0,0.0,0.0,1.0,79.0,79.0,19.0,19.0,1.0,1.0,2,16.0,0.0,0.0,0.0
1844,15.0,224.0,0.0,20.0,7.0,0.0,0.0,6.0,6.0,1.0,1.0,1.0,1.0,2,1.0,1.0,1.0,1.0
3098,26.0,347.0,4.0,21.0,12.0,4.0,1.0,328.0,328.0,153.0,153.0,4.0,4.0,12,20.0,1.0,1.0,1.0
1612,10.0,258.0,1.0,31.0,0.0,0.0,0.0,9.0,9.0,2.0,2.0,0.0,1.0,2,0.0,1.0,2.0,0.0
8689,239.0,385.0,2.0,69.0,35.0,6.0,1.0,77.0,77.0,70.0,70.0,0.0,0.0,12,2.0,3.0,0.0,0.0
11032,18.99950450028036,301.0006936996075,3.999702700168217,65.99970270016821,0.0012882992710601116,0.0,1.0,22.998810800672867,22.998810800672867,7.999504500280361,7.999504500280361,2.0,2.0,7,3.999702700168217,0.0,0.0,0.0
7108,94.0,402.0,38.0,138.0,60.0,0.0,1.0,35.0,35.0,32.0,32.0,0.0,0.0,7,1.0,0.0,0.0,0.0
1337,-1.0,-1.0,-1.0,-1.0,-1.0,-1.0,2.0,-1.0,-1.0,-1.0,-1.0,-1.0,-1.0,0,-1.0,-1.0,-1.0,-1.0
1478,15.0,180.0,1.0,10.0,0.0,0.0,0.0,4.0,4.0,1.0,1.0,1.0,1.0,2,0.0,1.0,1.0,1.0
9287,17.0,298.0,1.0,13.0,0.0,1.0,0.0,25.0,25.0,13.0,13.0,2.0,2.0,7,1.0,0.0,0.0,0.0
542,17.0,180.0,1.0,10.0,0.0,0.0,0.0,3.0,3.0,0.0,0.0,1.0,1.0,2,0.0,1.0,2.0,0.0
4074,91.0,297.0,1.0,83.0,3.0,1.0,0.0,10.0,10.0,2.0,2.0,1.0,1.0,2,1.0,1.0,1.0,0.0
431,137.0,256.0,1.0,73.0,0.0,1.0,0.0,15.0,15.0,2.0,2.0,1.0,1.0,2,1.0,1.0,2.0,0.0
6771,45.0,439.0,4.0,228.0,50.0,0.0,1.0,6.0,6.0,2.0,2.0,1.0,1.0,2,1.0,0.0,0.0,0.0
8920,30.0,260.0,1.0,12.0,0.0,1.0,0.0,11.0,11.0,3.0,3.0,2.0,2.0,7,1.0,0.0,0.0,0.0
2561,9.0,180.0,1.0,9.0,0.0,0.0,0.0,8.0,8.0,2.0,2.0,1.0,1.0,2,1.0,1.0,1.0,1.0
9529,31.0,288.0,8.0,38.0,0.0,0.0,1.0,41.0,41.0,8.0,8.0,2.0,2.0,7,4.0,0.0,0.0,0.0
3606,6.0,250.0,1.0,15.0,0.0,0.0,0.0,8.0,8.0,2.0,2.0,1.0,1.0,2,1.0,1.0,1.0,1.0
2877,33.0,288.0,0.0,60.0,0.0,0.0,0.0,9.0,9.0,3.0,3.0,1.0,1.0,2,1.0,1.0,1.0,1.0
4415,405.0,180.0,1.0,7.0,0.0,0.0,0.0,-1.0,-1.0,-1.0,-1.0,-1.0,-1.0,0,-1.0,-1.0,-1.0,-1.0
1031,8.0,180.0,1.0,10.0,0.0,0.0,0.0,21.0,21.0,11.0,11.0,1.0,1.0,2,1.0,5.0,6.0,0.0
6121,32.0,298.0,1.0,12.0,0.0,1.0,0.0,6.0,6.0,2.0,2.0,1.0,1.0,2,1.0,0.0,0.0,0.0
6285,401.0,282.0,14.0,115.0,0.0,14.0,1.0,57.0,57.0,16.0,16.0,2.0,2.0,7,7.0,0.0,0.0,0.0
1110,17.0,250.0,1.0,15.0,0.0,0.0,0.0,34.0,34.0,2.0,2.0,1.0,1.0,2,1.0,1.0,2.0,0.0
1888,232.0,180.0,1.0,6.0,0.0,0.0,0.0,8.0,8.0,2.0,2.0,1.0,1.0,2,1.0,1.0,1.0,1.0
9719,46.0,229.0,15.0,57.0,0.0,0.0,1.0,109.0,109.0,33.0,33.0,1.0,1.0,2,30.0,0.0,0.0,0.0
753,1.0,180.0,1.0,111612.0,0.0,0.0,0.0,20.0,20.0,6.0,6.0,1.0,1.0,2,5.0,1.0,2.0,1.0
3049,8.0,250.0,1.0,10.0,6.0,0.0,0.0,8.0,8.0,2.0,2.0,1.0,1.0,2,1.0,1.0,1.0,1.0
8151,56.0,373.0,4.0,68.0,37.0,0.0,1.0,105.0,105.0,43.0,43.0,2.0,2.0,7,10.0,0.0,0.0,0.0
10820,32.991714216610085,260.0,1.0,12.0,0.0,1.0,0.0,36.97514264983025,36.97514264983025,33.97514264983025,33.97514264983025,0.0,0.0,7,1.0,0.0,0.0,0.0
562,4.0,402.0,2.0,14.0,11.0,0.0,1.0,16.0,17.0,8.0,8.0,1.0,1.0,2,1.0,3.0,4.0,0.0
6542,89.0,283.0,1.0,38.0,0.0,20.0,0.0,6.0,6.0,2.0,2.0,1.0,1.0,2,1.0,0.0,0.0,0.0
8093,93.0,371.0,2.0,842.0,14.0,0.0,1.0,68.0,68.0,62.0,62.0,0.0,0.0,10,2.0,0.0,0.0,0.0
4764,56.0,256.0,1.0,69.0,0.0,2.0,0.0,-1.0,0.0,1.0,1.0,0.0,2.0,2,0.0,0.0,0.0,0.0
3562,74.0,341.0,1.0,16.0,1.0,-1.0,2.0,8.0,8.0,2.0,2.0,1.0,1.0,2,1.0,1.0,1.0,1.0
8444,303.0,404.0,11.0,416.0,52.0,4.0,1.0,415.0,415.0,46.0,46.0,2.0,2.0,7,11.0,0.0,0.0,1.0
2516,7.0,201.0,1.0,996.0,0.0,0.0,0.0,8.0,8.0,2.0,2.0,1.0,1.0,2,1.0,1.0,1.0,1.0
2962,8.0,180.0,1.0,10.0,0.0,0.0,0.0,9.0,9.0,2.0,2.0,1.0,1.0,2,1.0,1.0,1.0,1.0
5374,246.0,316.0,2.0,23.0,19.0,0.0,1.0,18.0,18.0,3.0,3.0,1.0,1.0,2,2.0,2.0,3.0,1.0
5396,42.0,324.0,13.0,66.0,31.0,0.0,1.0,65.0,65.0,17.0,17.0,2.0,2.0,7,13.0,0.0,0.0,0.0
9394,27.0,283.0,1.0,58.0,0.0,1.0,1.0,46.0,46.0,18.0,18.0,2.0,2.0,7,6.0,0.0,0.0,0.0
3462,4.0,180.0,1.0,9.0,0.0,0.0,0.0,8.0,7.0,2.0,2.0,1.0,1.0,2,1.0,1.0,1.0,1.0
10989,110.68807962158667,303.2254666093313,20.103973459471113,527.0,4.4392534250699,0.4450933218662625,1.0,99.65888013760485,99.65888013760485,31.774533390668687,31.774533390668687,2.0,2.0,7,20.103973459471113,0.0,0.0,0.0
7751,75.0,376.0,2.0,363.0,24.0,0.0,1.0,261.0,261.0,123.0,123.0,4.0,4.0,12,3.0,0.0,1.0,0.0
4225,33.0,240.0,1.0,103.0,0.0,1.0,0.0,-1.0,-1.0,-1.0,-1.0,-1.0,-1.0,0,-1.0,-1.0,-1.0,-1.0
144,8.0,180.0,1.0,10.0,0.0,0.0,0.0,19.0,19.0,5.0,5.0,1.0,1.0,2,2.0,2.0,3.0,1.0
5056,9.0,180.0,1.0,9.0,0.0,0.0,0.0,17.0,12.0,4.0,4.0,1.0,1.0,2,2.0,1.0,1.0,1.0
2895,7.0,180.0,1.0,10.0,0.0,0.0,0.0,5.0,5.0,1.0,1.0,1.0,1.0,1,1.0,1.0,1.0,0.0
7813,98.0,333.0,2.0,870.0,14.0,0.0,1.0,77.0,77.0,68.0,68.0,0.0,0.0,14,3.0,0.0,0.0,0.0
10955,36.57173695538021,293.142688933429,5.285966599856535,199.28635908852226,0.0,0.0,1.0,40.00019624433286,40.00019624433286,13.714229644476326,13.714229644476326,2.0,2.0,7,5.57154071104735,0.0,0.0,0.0
905,19.0,240.0,2.0,31.0,14.0,0.0,0.0,21.0,21.0,10.0,10.0,1.0,1.0,2,2.0,0.0,0.0,0.0
5192,66.0,409.0,2.0,57.0,39.0,1.0,1.0,-1.0,-1.0,-1.0,-1.0,-1.0,-1.0,0,-1.0,-1.0,-1.0,-1.0
235,56.0,256.0,1.0,69.0,0.0,2.0,0.0,10.0,10.0,3.0,3.0,1.0,1.0,2,1.0,1.0,1.0,1.0
